gene_id;baseMean;log2FoldChange;lfcSE;stat;pvalue;padj;gene_name;product;significance
AENJPLPP_00096;3868.85823036917;3.83559531563572;0.0679166866562962;56.4750064302518;0;0;yfiY;putative siderophore-binding lipoprotein YfiY;Up in serum
AENJPLPP_00119;63818.942581022;3.08440454838351;0.05441848311393;56.6793554668922;0;0;argS;Arginine--tRNA ligase;Up in serum
AENJPLPP_00124;28687.0069622063;-2.7934596848953;0.0607300886143632;-45.9979517341693;0;0;rpsB;30S ribosomal protein S2;Down in serum
AENJPLPP_00144;3438.009191537;2.5900836430902;0.0669018229996896;38.7146945622426;0;0;gdhIV;Glucose 1-dehydrogenase 4;Up in serum
AENJPLPP_00145;2665.22108619093;3.12296116271226;0.0732446378618957;42.6374032813251;0;0;glcU_1;Glucose uptake protein GlcU;Up in serum
AENJPLPP_00186;25761.8120492439;-2.1268681852645;0.0501427986165264;-42.4162241427728;0;0;tig;Trigger factor;Down in serum
AENJPLPP_00189;2935.16311702776;2.96427432360426;0.0726369214876835;40.8094707607741;0;0;;hypothetical protein;Up in serum
AENJPLPP_00192;5503.84438181119;-5.4287531679565;0.0856676974492247;-63.3698970510341;0;0;glcR;HTH-type transcriptional repressor GlcR;Down in serum
AENJPLPP_00193;8861.97254050175;-6.03958851728121;0.104860581303619;-57.5963669302374;0;0;lacC_1;Tagatose-6-phosphate kinase;Down in serum
AENJPLPP_00194;8238.78479002615;-5.51414032242422;0.0714513372653625;-77.1733676858321;0;0;fruA_1;PTS system fructose-specific EIIABC component;Down in serum
AENJPLPP_00268;5001.17778697512;4.65871563071091;0.0736524324405199;63.2527056655351;0;0;;hypothetical protein;Up in serum
AENJPLPP_00308;1228.75034532076;4.99163764860482;0.120710656902728;41.3520875180657;0;0;;hypothetical protein;Up in serum
AENJPLPP_00310;3702.60173111491;7.44522993934081;0.139605568937343;53.3304652243662;0;0;gspA_1;General stress protein A;Up in serum
AENJPLPP_00311;2359.21180906817;7.28622735950481;0.163035531261904;44.691039450781;0;0;gspA_2;General stress protein A;Up in serum
AENJPLPP_00313;3466.98134219328;7.43778348954098;0.149371993915318;49.7936948860549;0;0;;hypothetical protein;Up in serum
AENJPLPP_00315;3058.01309546603;3.57230192637981;0.0899170452979946;39.7288624703005;0;0;;hypothetical protein;Up in serum
AENJPLPP_00316;15499.6122349261;4.27376339643081;0.0762743296839518;56.0314776169055;0;0;;hypothetical protein;Up in serum
AENJPLPP_00317;1557.94576764377;3.73211113446152;0.0890004928617895;41.9336007527192;0;0;;hypothetical protein;Up in serum
AENJPLPP_00322;7445.44573067473;3.15305252977389;0.0770945356104473;40.8985215982883;0;0;;hypothetical protein;Up in serum
AENJPLPP_00324;6235.54801011501;3.12728504184389;0.0721031136608806;43.3723993744891;0;0;;Stress response regulator gls24 ;Up in serum
AENJPLPP_00331;2783.80639403152;-3.03523736695265;0.0724540410378614;-41.891898967603;0;0;dxs;1-deoxy-D-xylulose-5-phosphate synthase;Down in serum
AENJPLPP_00344;9608.45203476445;-4.59316028721021;0.0715606616346415;-64.1855480691465;0;0;ahpF;NADH dehydrogenase;Down in serum
AENJPLPP_00345;2926.38049114126;-4.97070340563275;0.0964535765963229;-51.5346717150378;0;0;ahpC;Alkyl hydroperoxide reductase C;Down in serum
AENJPLPP_00372;1860.9173955794;-3.18620128314341;0.078645558662688;-40.513429331834;0;0;nupC;Nucleoside permease NupC;Down in serum
AENJPLPP_00373;2964.81169902814;-3.24141185336389;0.0708514003403785;-45.7494395000207;0;0;;hypothetical protein;Down in serum
AENJPLPP_00392;11518.2648322557;5.60922855905667;0.0750847413303213;74.7053057608591;0;0;ysnF;Stress response protein YsnF;Up in serum
AENJPLPP_00410;2295.04161149322;4.8345957091194;0.106944086218684;45.2067606546604;0;0;;hypothetical protein;Up in serum
AENJPLPP_00427;4726.23596755296;3.08514776919009;0.0607376318898937;50.7946667196855;0;0;;hypothetical protein;Up in serum
AENJPLPP_00449;12540.105133102;3.65556146489978;0.0673867484172141;54.2474826395683;0;0;fhs1;Formate--tetrahydrofolate ligase 1;Up in serum
AENJPLPP_00455;14068.9740961145;-2.11133646060712;0.0520194947646583;-40.5874080507516;0;0;alaS;Alanine--tRNA ligase;Down in serum
AENJPLPP_00486;1969.93510443875;3.95312399414534;0.0905524709840137;43.6556170272067;0;0;;hypothetical protein;Up in serum
AENJPLPP_00494;16662.5264437541;2.84954551418117;0.053692003281084;53.0720654854963;0;0;gap_1;Glyceraldehyde-3-phosphate dehydrogenase;Up in serum
AENJPLPP_00499;4403.45749280618;-3.27838014519125;0.068933873100006;-47.5583337735155;0;0;fabZ_1;3-hydroxyacyl-[acyl-carrier-protein] dehydratase FabZ;Down in serum
AENJPLPP_00500;7030.04492983305;-3.67489816503077;0.0770555034191178;-47.6915729826899;0;0;fabI;Enoyl-[acyl-carrier-protein] reductase [NADH] FabI;Down in serum
AENJPLPP_00513;3369.44921303474;-2.84625221841699;0.0662417841701464;-42.9676261603432;0;0;pheS;Phenylalanine--tRNA ligase alpha subunit;Down in serum
AENJPLPP_00528;14153.9064113567;7.75562445371592;0.10099640470775;76.7910944568587;0;0;;hypothetical protein;Up in serum
AENJPLPP_00580;32413.8443166595;5.80642498961303;0.087077525750647;66.6810975571373;0;0;ydhF;Oxidoreductase YdhF;Up in serum
AENJPLPP_00591;28218.8155118357;3.72095257657659;0.0603698374918084;61.6359548273007;0;0;purB;Adenylosuccinate lyase;Up in serum
AENJPLPP_00592;9608.48892597635;3.45853985904793;0.0579414481140333;59.6902557948025;0;0;purK;N5-carboxyaminoimidazole ribonucleotide synthase;Up in serum
AENJPLPP_00593;3083.76309058547;5.63710666170996;0.104412108767472;53.9890126562227;0;0;purE;N5-carboxyaminoimidazole ribonucleotide mutase;Up in serum
AENJPLPP_00658;6842.35452076235;-2.33420093103738;0.059297371812204;-39.3643235728868;0;0;topA;DNA topoisomerase 1;Down in serum
AENJPLPP_00662;1701.19157107017;5.12879113412231;0.105169205393199;48.7670427379111;0;0;;hypothetical protein;Up in serum
AENJPLPP_00663;3936.33685411109;6.97722552224783;0.122110480347783;57.1386297259332;0;0;folT_1;Folate transporter FolT;Up in serum
AENJPLPP_00712;21187.1701370306;2.89454907689483;0.0742208151794094;38.9991550200306;0;0;tuf_1;Elongation factor Tu;Up in serum
AENJPLPP_00808;13917.767966532;4.68434192937861;0.074548235608378;62.8363889654844;0;0;pbuO;Guanine/hypoxanthine permease PbuO;Up in serum
AENJPLPP_00819;8845.30913008506;-2.37769792221463;0.0564369905928399;-42.1301330428537;0;0;yeeN;putative transcriptional regulatory protein YeeN;Down in serum
AENJPLPP_00820;4412.51344852091;-3.10908924149159;0.0662234739029878;-46.9484468006943;0;0;tmcAL;tRNA(Met) cytidine acetate ligase;Down in serum
AENJPLPP_00821;7857.65516799762;-2.51402102643466;0.0548815897658506;-45.8080940650698;0;0;COQ5_1;2-methoxy-6-polyprenyl-1%2C4-benzoquinol methylase%2C mitochondrial;Down in serum
AENJPLPP_00822;4409.63936889392;-2.58376057868587;0.0615104791245526;-42.0052097700948;0;0;rsfS;Ribosomal silencing factor RsfS;Down in serum
AENJPLPP_00823;6652.13431907076;-2.42110329525288;0.0586001273431652;-41.3156661089622;0;0;;hypothetical protein;Down in serum
AENJPLPP_00826;9929.05375067395;-2.97994396516802;0.0568602256961494;-52.4082331486388;0;0;yqeH;putative protein YqeH;Down in serum
AENJPLPP_00827;6743.25622318257;-3.71626881592271;0.0654024253050878;-56.8215750193841;0;0;;hypothetical protein;Down in serum
AENJPLPP_00828;14319.1186340692;-4.87538707334951;0.077268469065592;-63.0967214998251;0;0;accA;Acetyl-coenzyme A carboxylase carboxyl transferase subunit alpha;Down in serum
AENJPLPP_00829;13943.0132993542;-4.88112809738723;0.0736382164094204;-66.2852569683206;0;0;accD;Acetyl-coenzyme A carboxylase carboxyl transferase subunit beta;Down in serum
AENJPLPP_00830;27476.714920867;-5.23067059693881;0.0629762901348158;-83.0577759620535;0;0;cfiB;2-oxoglutarate carboxylase small subunit;Down in serum
AENJPLPP_00831;8105.22983974644;-5.37030497264576;0.0983845356518122;-54.5848484933805;0;0;fabZ_2;3-hydroxyacyl-[acyl-carrier-protein] dehydratase FabZ;Down in serum
AENJPLPP_00832;10241.9387976903;-5.24812408527134;0.0912722011372368;-57.499698921255;0;0;accB;Biotin carboxyl carrier protein of acetyl-CoA carboxylase;Down in serum
AENJPLPP_00833;19552.3088020452;-5.26335663274146;0.0776032783618295;-67.8238953797902;0;0;fabF;3-oxoacyl-[acyl-carrier-protein] synthase 2;Down in serum
AENJPLPP_00834;18019.3993848155;-5.50854023254964;0.0694949985817605;-79.2652758467054;0;0;fabG_2;3-oxoacyl-[acyl-carrier-protein] reductase FabG;Down in serum
AENJPLPP_00835;16708.2179533604;-5.65528236819722;0.0769544303362642;-73.4887171990695;0;0;fabD;Malonyl CoA-acyl carrier protein transacylase;Down in serum
AENJPLPP_00836;11885.3090777124;-5.71637958271614;0.0882400350666978;-64.7821544766536;0;0;acpA;Acyl carrier protein;Down in serum
AENJPLPP_00837;18473.1258645753;-4.49108989368179;0.0724432299557137;-61.9946114554432;0;0;fabH;3-oxoacyl-[acyl-carrier-protein] synthase 3;Down in serum
AENJPLPP_00838;10062.8778608149;-4.4784211114505;0.0703575688766978;-63.6523004269657;0;0;;hypothetical protein;Down in serum
AENJPLPP_00847;22290.9387150853;4.34040858890293;0.0759290242527849;57.164024318984;0;0;;hypothetical protein;Up in serum
AENJPLPP_00874;11357.2521237716;-2.27735382195697;0.0541908501047467;-42.0246926843742;0;0;greA;Transcription elongation factor GreA;Down in serum
AENJPLPP_00893;11751.0550046602;-2.02711781396883;0.0526140601314978;-38.5280628201373;0;0;arnC_2;Undecaprenyl-phosphate 4-deoxy-4-formamido-L-arabinose transferase;Down in serum
AENJPLPP_00966;2774.99753983529;4.58261119279137;0.0839233663016269;54.6047113544173;0;0;;hypothetical protein;Up in serum
AENJPLPP_00967;1359.25750149816;4.51531224192451;0.102444576583319;44.0756591760832;0;0;;hypothetical protein;Up in serum
AENJPLPP_00977;3258.43731125533;5.2231170455645;0.0861348890256512;60.6388085553699;0;0;;hypothetical protein;Up in serum
AENJPLPP_00979;2211.59125860364;5.69833308174974;0.107784615739412;52.8677774899383;0;0;;hypothetical protein;Up in serum
AENJPLPP_01020;50332.3096406114;-3.11028502555937;0.0496537590055897;-62.6394675418076;0;0;rplL;50S ribosomal protein L7/L12;Down in serum
AENJPLPP_01022;25878.2726510189;-2.57216008667834;0.0578952906777682;-44.427794671494;0;0;rplA;50S ribosomal protein L1;Down in serum
AENJPLPP_01023;30401.2514788788;-2.64023807361108;0.056894790189668;-46.4056210561533;0;0;rplK;50S ribosomal protein L11;Down in serum
AENJPLPP_01082;4837.65098969503;-2.45224521665087;0.061769668884113;-39.699827778769;0;0;ackA;Acetate kinase;Down in serum
AENJPLPP_01083;4102.78623182683;-3.50992477805061;0.0709519817709766;-49.4690167975881;0;0;;hypothetical protein;Down in serum
AENJPLPP_01091;2482.07921787692;2.9207294909045;0.0752895665087129;38.7932834035708;0;0;adeC;Adenine deaminase;Up in serum
AENJPLPP_01153;21653.4317012918;-4.39704633187243;0.0638890928156099;-68.8231142139197;0;0;;putative ABC transporter ATP-binding protein;Down in serum
AENJPLPP_01154;15987.5939219143;-4.19291701116237;0.067969219536053;-61.6884678062004;0;0;;putative ABC transporter ATP-binding protein;Down in serum
AENJPLPP_01157;24389.4174751925;2.43921796396024;0.0520521265284512;46.8610626815984;0;0;;Muramidase-2;Up in serum
AENJPLPP_01212;162524.728801507;1.9861445640354;0.0494226639462562;40.1869184185457;0;0;;hypothetical protein;Up in serum
AENJPLPP_01357;18671.9103905356;-3.02459868708251;0.0658908185588657;-45.9031888392825;0;0;rpsI;30S ribosomal protein S9;Down in serum
AENJPLPP_01358;29461.2073795934;-4.04487791276677;0.0608289966640567;-66.4958841110863;0;0;rplM;50S ribosomal protein L13;Down in serum
AENJPLPP_01473;34896.763436371;-2.32859590302319;0.0515025132052969;-45.2132480164813;0;0;rpsL;30S ribosomal protein S12;Down in serum
AENJPLPP_01482;15651.1822674771;-2.64384666883027;0.0573057880628338;-46.1357701936039;0;0;rpsS;30S ribosomal protein S19;Down in serum
AENJPLPP_01483;15764.5311486374;-2.46136913231058;0.0631754197563347;-38.9608670872942;0;0;rplV;50S ribosomal protein L22;Down in serum
AENJPLPP_01487;32077.1453119487;-2.5821209979312;0.0620469709466226;-41.6155850726788;0;0;rpsQ;30S ribosomal protein S17;Down in serum
AENJPLPP_01488;17870.6591311305;-2.61280808957317;0.0547096812387716;-47.7576916993903;0;0;rplN;50S ribosomal protein L14;Down in serum
AENJPLPP_01489;37488.5247870819;-2.55794921149598;0.0634243510705575;-40.3307116008226;0;0;rplX;50S ribosomal protein L24;Down in serum
AENJPLPP_01490;20681.8463656137;-2.62160542309432;0.0576868638320921;-45.4454489106041;0;0;rplE;50S ribosomal protein L5;Down in serum
AENJPLPP_01491;12426.8794211361;-2.76270529882185;0.0702714998040075;-39.3147336619716;0;0;rpsZ;30S ribosomal protein S14 type Z;Down in serum
AENJPLPP_01493;25858.1557315664;-2.35170534530062;0.052430165104252;-44.8540518730867;0;0;rplF;50S ribosomal protein L6;Down in serum
AENJPLPP_01494;24358.9804938714;-2.64526734144302;0.0587541183178882;-45.022671042919;0;0;rplR;50S ribosomal protein L18;Down in serum
AENJPLPP_01495;33765.9853864539;-2.50531320916443;0.058878957600006;-42.5502303587687;0;0;rpsE;30S ribosomal protein S5;Down in serum
AENJPLPP_01496;7187.24090791228;-2.63654828854456;0.0578014520498866;-45.6138763827081;0;0;rpmD;50S ribosomal protein L30;Down in serum
AENJPLPP_01498;83721.3524966929;-2.74234630473072;0.0573422488688546;-47.824184764756;0;0;secY;Protein translocase subunit SecY;Down in serum
AENJPLPP_01499;25899.4230305217;-2.96330230075281;0.0550952221745241;-53.7851048384199;0;0;adk;Adenylate kinase;Down in serum
AENJPLPP_01502;15981.3391415787;-2.35107359797039;0.053491711839255;-43.9521099088298;0;0;rpsM;30S ribosomal protein S13;Down in serum
AENJPLPP_01503;13014.5972954827;-2.56753271901591;0.062574479402398;-41.031627326931;0;0;rpsK;30S ribosomal protein S11;Down in serum
AENJPLPP_01505;56887.0449851071;-2.29710051058616;0.0575673319916059;-39.9028482146977;0;0;rplQ;50S ribosomal protein L17;Down in serum
AENJPLPP_01530;31746.2340487192;2.12397948158522;0.0533902582748833;39.7821540897923;0;0;;hypothetical protein;Up in serum
AENJPLPP_01537;2456.87663504035;6.13015740821561;0.116010000893737;52.841628833627;0;0;yclN;Petrobactin import system permease protein YclN;Up in serum
AENJPLPP_01538;4793.99748969456;5.9605472930694;0.100770626752314;59.149649904629;0;0;yclO;Petrobactin import system permease protein YclO;Up in serum
AENJPLPP_01539;3025.59149640561;5.54149657398675;0.10286881908516;53.8695459252739;0;0;yclP;Petrobactin import ATP-binding protein YclP;Up in serum
AENJPLPP_01540;9798.15855981149;6.00419824170973;0.0878331124090004;68.3591652058372;0;0;yclQ;Petrobactin-binding protein YclQ;Up in serum
AENJPLPP_01558;15385.0180419088;5.95033649621298;0.0748253128412141;79.5230420063878;0;0;bioY2;Biotin transporter BioY2;Up in serum
AENJPLPP_01577;8052.0990796094;2.54381428138783;0.0576746538924138;44.106277362896;0;0;brnQ_1;Branched-chain amino acid transport system 2 carrier protein;Up in serum
AENJPLPP_01633;53052.3604084477;5.07494051610812;0.0638338443550989;79.5023481255011;0;0;adhE;Aldehyde-alcohol dehydrogenase;Up in serum
AENJPLPP_01761;5236.18086082602;-4.79554616173879;0.0720391842197199;-66.5685794985178;0;0;;hypothetical protein;Down in serum
AENJPLPP_01762;1782.5941639354;-4.16880501392779;0.0908257168093861;-45.8989497729676;0;0;gadC_2;putative glutamate/gamma-aminobutyrate antiporter;Down in serum
AENJPLPP_01779;1583.10063723725;-3.39328037448562;0.0833707327188277;-40.7010981411144;0;0;;hypothetical protein;Down in serum
AENJPLPP_01807;2736.57035649946;-2.76199650146853;0.0684348794547363;-40.3594851554514;0;0;treA;Trehalose-6-phosphate hydrolase;Down in serum
AENJPLPP_01818;1438.1591720981;3.54447020385387;0.0895047336527763;39.6009245455582;0;0;spxA_4;Regulatory protein Spx;Up in serum
AENJPLPP_01825;3674.39998846783;3.51111929584556;0.077844016119287;45.1045497249933;0;0;lysA;Diaminopimelate decarboxylase;Up in serum
AENJPLPP_01826;2748.38823376523;3.20007723115045;0.0753848565471027;42.4498682855614;0;0;dapF;Diaminopimelate epimerase;Up in serum
AENJPLPP_01862;1955.3305839464;4.21266719247255;0.0972641714720712;43.3116031187516;0;0;rclA;putative pyridine nucleotide-disulfide oxidoreductase RclA;Up in serum
AENJPLPP_01863;1507.5140447819;4.32570685460852;0.103498432653327;41.7949020454994;0;0;;hypothetical protein;Up in serum
AENJPLPP_01903;1414.95895019703;4.84056552479582;0.108597904521816;44.5732866219661;0;0;arcD1_1;Arginine/ornithine antiporter ArcD1;Up in serum
AENJPLPP_01904;1824.9539835719;4.96348551471389;0.105680206627169;46.9670307536836;0;0;vioD;Capreomycidine synthase;Up in serum
AENJPLPP_01942;8211.75510045426;-2.63694725116466;0.0625163639285132;-42.1801123011565;0;0;prsA_3;Foldase protein PrsA;Down in serum
AENJPLPP_01961;1870.48930845995;-4.92548982419403;0.106310824380796;-46.3310284054552;0;0;yvdD;LOG family protein YvdD;Down in serum
AENJPLPP_01962;2609.79808705723;-4.20465221943107;0.0789073304249912;-53.285951974107;0;0;;hypothetical protein;Down in serum
AENJPLPP_01963;3263.66676255651;-3.74584745165996;0.0742884377577987;-50.42302092652;0;0;;Deoxyguanosine kinase;Down in serum
AENJPLPP_01981;1449.42893634002;4.21333315069024;0.100472804085926;41.9350608258823;0;0;yvbW;putative amino acid permease YvbW;Up in serum
AENJPLPP_02031;2566.16056783177;5.01583346468253;0.100596827522784;49.8607519560843;0;0;;hypothetical protein;Up in serum
AENJPLPP_02092;2624.9537947485;-3.10978285336203;0.0798565465032698;-38.9421154499174;0;0;dauA;C4-dicarboxylic acid transporter DauA;Down in serum
AENJPLPP_02094;37476.1562826247;-2.44926097635035;0.0600357441641912;-40.7967121995172;0;0;rplU;50S ribosomal protein L21;Down in serum
AENJPLPP_02131;7933.03559736804;-2.22077188800604;0.0555219111255617;-39.998116833259;0;0;ileS;Isoleucine--tRNA ligase;Down in serum
AENJPLPP_02139;1637.36019432194;5.51557999925793;0.133583146666171;41.2894900061125;0;0;ptcB_1;PTS system galactose-specific EIIB component;Up in serum
AENJPLPP_02155;1126.63027770417;4.33400588414393;0.10695289167;40.5225685483696;0;0;;hypothetical protein;Up in serum
AENJPLPP_02290;2251.54894656323;5.57773144729774;0.108445683625217;51.4334112787199;0;0;;hypothetical protein;Up in serum
AENJPLPP_02292;74988.9104641522;7.32372521223499;0.0862392033642535;84.923386656314;0;0;dppE;Dipeptide-binding protein DppE;Up in serum
AENJPLPP_02294;6842.21959151556;7.14938688928579;0.105210090439738;67.9534335480947;0;0;oppB;Oligopeptide transport system permease protein OppB;Up in serum
AENJPLPP_02295;5921.03746576774;6.64902418128622;0.0995096541259386;66.817880533192;0;0;dppC;Dipeptide transport system permease protein DppC;Up in serum
AENJPLPP_02296;11942.9449202849;6.40869268981297;0.0789452122537779;81.1789911870974;0;0;oppD_2;Oligopeptide transport ATP-binding protein OppD;Up in serum
AENJPLPP_02297;10271.1090264111;6.41039325619557;0.0843883158729735;75.963042867746;0;0;oppF_2;Oligopeptide transport ATP-binding protein OppF;Up in serum
AENJPLPP_02298;14262.2568359167;6.41974619717479;0.0803045306126045;79.9425156737939;0;0;;IS200/IS605 family transposase ISEfa4;Up in serum
AENJPLPP_02307;9863.05581252789;5.65918364541661;0.0927506354531289;61.0150390643571;0;0;niaX;Niacin transporter NiaX;Up in serum
AENJPLPP_02310;92911.0598393522;3.8729406784951;0.0668472347329671;57.9371860925323;0;0;folT_2;Folate transporter FolT;Up in serum
AENJPLPP_02354;6299.32051500916;2.46150631905549;0.0629565886264954;39.0984704342694;0;0;;hypothetical protein;Up in serum
AENJPLPP_02363;6847.8270360034;2.65977322253561;0.0630873554123517;42.1601635565605;0;0;pepC;Aminopeptidase C;Up in serum
AENJPLPP_02528;25144.9053401765;2.45215274861405;0.0589676619211933;41.5847036955815;0;0;hpf;Ribosome hibernation promotion factor;Up in serum
AENJPLPP_02581;1555.59259980237;-3.27436580833681;0.0812528776114798;-40.2984596310986;0;0;glyQ;Glycine--tRNA ligase alpha subunit;Down in serum
AENJPLPP_02751;1748.81821778712;4.43924293302196;0.112151649125354;39.5825025101516;0;0;;hypothetical protein;Up in serum
AENJPLPP_02832;2347.45605706153;-5.29470346859364;0.113850527066705;-46.5057440225243;0;0;;hypothetical protein;Down in serum
AENJPLPP_02833;4533.45265809009;-2.90642184060819;0.0638666265998134;-45.50767741061;0;0;scrB_1;Sucrose-6-phosphate hydrolase;Down in serum
AENJPLPP_02926;1594.4960184824;4.36170972814651;0.101766376466792;42.8600278361076;0;0;hsdS;Type-1 restriction enzyme EcoKI specificity protein;Up in serum
AENJPLPP_02927;5911.72819527402;4.48317053060124;0.0770305556572517;58.1998986291772;0;0;;hypothetical protein;Up in serum
AENJPLPP_02928;19302.5680434215;5.35059403821799;0.0671277758991249;79.7076019062288;0;0;ohrB_2;Organic hydroperoxide resistance protein OhrB;Up in serum
AENJPLPP_02941;8885.0063121666;3.0730533448092;0.0598819503238631;51.3185246670995;0;0;bglF_5;PTS system beta-glucoside-specific EIIBCA component;Up in serum
AENJPLPP_03059;87966.3622591473;2.67818595310694;0.0651872185611408;41.084525651221;0;0;;hypothetical protein;Up in serum
AENJPLPP_03060;19994.793783511;2.70565530120496;0.054918537025224;49.2667038811003;0;0;;hypothetical protein;Up in serum
AENJPLPP_03133;2894.00516422969;2.98294865059706;0.0746371104950895;39.9660253566932;0;0;yoeB;Toxin YoeB;Up in serum
AENJPLPP_01021;110129.982494151;-2.89654161986738;0.0754909891721363;-38.369369001943;4.24896455423472e-322;8.08785462242121e-321;rplJ;50S ribosomal protein L10;Down in serum
AENJPLPP_00930;932.672523981939;4.6991309700447;0.122863758484569;38.2466809415965;4.72326757424232e-320;8.9312740864368e-319;;hypothetical protein;Up in serum
AENJPLPP_02048;4280.38645468455;-2.3370483333947;0.061167767798507;-38.2071868486876;2.13950187275093e-319;4.01950070568021e-318;pyrG;CTP synthase;Down in serum
AENJPLPP_00382;3773.79306366677;-2.51136032888259;0.0659341260316587;-38.0889302707485;1.95378160834792e-317;3.64705900224945e-316;murJ_1;Lipid II flippase MurJ;Down in serum
AENJPLPP_01477;6221.47789775137;-2.59613055131194;0.0681747751380721;-38.0805150593321;2.69252239584783e-317;4.99402878912263e-316;rpsJ;30S ribosomal protein S10;Down in serum
AENJPLPP_00044;3383.16802783632;2.32901979408647;0.0612646862893317;38.0156977069519;3.1764748143581e-316;5.85436370711196e-315;;hypothetical protein;Up in serum
AENJPLPP_00309;932.78447394497;4.33809442338336;0.114394103821408;37.9223603181155;1.10184574606188e-314;2.01797158018718e-313;yidA_1;Sugar phosphatase YidA;Up in serum
AENJPLPP_01655;7075.48563633464;-2.1123144668608;0.0559552634731251;-37.750058452952;7.50533080521358e-312;1.36597020654885e-310;rpmI;50S ribosomal protein L35;Down in serum
AENJPLPP_01727;2398.36846022694;-2.71304526277643;0.0719180602805103;-37.7241161982738;1.99910596765765e-311;3.6157742719373e-310;pbuG;Guanine/hypoxanthine permease PbuG;Down in serum
AENJPLPP_00125;33980.7097087451;-2.18355309515209;0.0579850892002347;-37.6571481611734;2.4991655979612e-310;4.49232729707594e-309;tsf;Elongation factor Ts;Down in serum
AENJPLPP_01436;6451.35622735809;-2.06721549943138;0.0549267049118279;-37.635891371052;5.56649132856331e-310;9.94455383360514e-309;ybiT_3;putative ABC transporter ATP-binding protein YbiT;Down in serum
AENJPLPP_00532;1065.01943658261;3.52774868204823;0.094342423434042;37.3930258905698;5.07261443432143e-306;9.00698367850245e-305;;hypothetical protein;Up in serum
AENJPLPP_01610;17432.1141178109;-1.92465521766447;0.0515443943937035;-37.3397580920958;3.71775583747108e-305;6.56127575679745e-304;cshA;ATP-dependent RNA helicase CshA;Down in serum
AENJPLPP_02032;911.18414892108;4.72727476726945;0.126696238913945;37.3118792459207;1.05325115406853e-304;1.84763094014913e-303;;putative phosphotransferase enzyme IIB component;Up in serum
AENJPLPP_01656;12537.0252762288;-2.28527396948036;0.0612883576537985;-37.2872443799075;2.64166906535744e-304;4.60631156785681e-303;rplT;50S ribosomal protein L20;Down in serum
AENJPLPP_01551;9683.35165940667;-2.29663680006743;0.0616546251181452;-37.2500326725938;1.05828804945576e-303;1.83436595238998e-302;gla;Glycerol facilitator-aquaporin gla;Down in serum
AENJPLPP_01820;1013.62804865761;3.6882945873594;0.0990164861568165;37.2492978746801;1.08767591208352e-303;1.87414926389776e-302;bsaA;Glutathione peroxidase BsaA;Up in serum
AENJPLPP_01497;26266.1151241135;-2.78569357897664;0.0747888976987492;-37.247421270968;1.16648382656641e-303;1.99811817821258e-302;rplO;50S ribosomal protein L15;Down in serum
AENJPLPP_00588;3609.05198302727;9.36212985996471;0.251893833170641;37.1669672977762;2.33271931993351e-302;3.97244366061191e-301;purS;Phosphoribosylformylglycinamidine synthase subunit PurS;Up in serum
AENJPLPP_00383;2289.16957197272;-2.72990064806223;0.0739795807993751;-36.9007315067847;4.49789299909782e-298;7.61503744963539e-297;degV;Protein DegV;Down in serum
AENJPLPP_01861;5628.51930923311;3.16174351984761;0.0857732373630796;36.8616554189729;1.90266338576491e-297;3.20263339846672e-296;ohrB_1;Organic hydroperoxide resistance protein OhrB;Up in serum
AENJPLPP_01474;35148.4583821251;-2.03562278990757;0.0552324296628265;-36.8555720314007;2.38129563429834e-297;3.98524878567631e-296;rpsG;30S ribosomal protein S7;Down in serum
AENJPLPP_00715;6789.08897579223;2.38273816037982;0.0646933213221504;36.8312850798711;5.83058601908778e-297;9.70209513576207e-296;yvgN;Glyoxal reductase;Up in serum
AENJPLPP_00974;983.08030250709;4.96174626553837;0.13476080990865;36.8189109942407;9.19932359454229e-297;1.52206990382427e-295;;hypothetical protein;Up in serum
AENJPLPP_00140;2356.74940879562;2.58647005113128;0.0705690889975645;36.6516004085095;4.3150961515344e-294;7.09918643687468e-293;xpkA_1;Xylulose-5-phosphate phosphoketolase;Up in serum
AENJPLPP_01481;32148.4306483195;-2.22013657524733;0.0607267405130197;-36.5594556284696;1.26171416364655e-292;2.0641076654712e-291;rplB;50S ribosomal protein L2;Down in serum
AENJPLPP_00362;4155.87723835108;-2.36797376043603;0.0648674918478916;-36.5047837210774;9.31146295439853e-292;1.51480335883847e-290;cfa;Cyclopropane-fatty-acyl-phospholipid synthase;Down in serum
AENJPLPP_01971;3037.15290636026;2.49781749437247;0.0684321123927135;36.5006633148801;1.08239900944714e-291;1.75108106417226e-290;ndk;Nucleoside diphosphate kinase;Up in serum
AENJPLPP_00022;4045.00929885594;3.34070020233717;0.0921516136537706;36.2522159936206;9.16941263706064e-288;1.47521158006191e-286;;hypothetical protein;Up in serum
AENJPLPP_01056;15957.3602819772;2.18119001686395;0.0605036282344017;36.0505655696156;1.35127094945326e-284;2.16203351912521e-283;spxA_3;Regulatory protein Spx;Up in serum
AENJPLPP_00997;2211.21763237484;-2.67579043535792;0.0744111967585615;-35.9595135129991;3.59418903373951e-283;5.71927785040954e-282;;hypothetical protein;Down in serum
AENJPLPP_02049;119385.182788663;-2.25198505684856;0.0631143261599463;-35.6810441284204;7.78027005892761e-279;1.23131230497811e-277;fba;Fructose-bisphosphate aldolase;Down in serum
AENJPLPP_01778;915.551937045266;-4.36609978711966;0.122625249324721;-35.6052265839467;1.16290322407461e-277;1.83047253432717e-276;emrB;Multidrug export protein EmrB;Down in serum
AENJPLPP_00244;6939.85727167495;2.52299543362936;0.0708764753618636;35.5970781666;1.5546356761284e-277;2.4339242413365e-276;;hypothetical protein;Up in serum
AENJPLPP_02555;1951.04613080239;-2.68587795486523;0.0755224189552134;-35.5639820866705;5.05180702254431e-277;7.86677114954494e-276;nfo;putative endonuclease 4;Down in serum
AENJPLPP_01492;19707.4900725358;-2.73027510924759;0.076877155883448;-35.5147778019638;2.9073237907893e-276;4.50325897807364e-275;rpsH;30S ribosomal protein S8;Down in serum
AENJPLPP_00968;862.49173332569;4.41759754327014;0.125302824911462;35.2553707100505;2.8387141356302e-272;4.37372252008209e-271;;hypothetical protein;Up in serum
AENJPLPP_00202;2989.64900876971;-2.34629064446652;0.0665869212166545;-35.2365089359271;5.52170354298668e-272;8.46273721956696e-271;;putative RNA methyltransferase;Down in serum
AENJPLPP_00584;23014.7344211963;8.38808717762453;0.238182397872183;35.217074194231;1.09557106209159e-271;1.67031567162864e-270;purM;Phosphoribosylformylglycinamidine cyclo-ligase;Up in serum
AENJPLPP_00230;19772.7193183875;-1.85275619664748;0.0528012662718169;-35.0892379570905;9.83717465585968e-270;1.49197148947205e-268;tcyP;L-cystine uptake protein TcyP;Down in serum
AENJPLPP_01595;6245.95917761512;2.1941451833157;0.0625526934882983;35.0767498721083;1.52509734391375e-269;2.30107951579111e-268;ctc;General stress protein CTC;Up in serum
AENJPLPP_02095;13160.3463203029;-2.17840013085999;0.0623786873410883;-34.9221861458616;3.42446496831828e-267;5.14022782873342e-266;;hypothetical protein;Down in serum
AENJPLPP_01515;765.224391717975;5.24066665139436;0.150308889222057;34.865979507387;2.43816911525157e-266;3.64099921210901e-265;;hypothetical protein;Up in serum
AENJPLPP_00154;3984.9267178118;-2.1754871841387;0.0624508802682073;-34.8351724554666;7.14043304123177e-266;1.06086433755443e-264;hrcA;Heat-inducible transcription repressor HrcA;Down in serum
AENJPLPP_02328;9748.91088318136;2.8545387765923;0.082022948337662;34.8017089661431;2.29170104636561e-265;3.38752966853637e-264;;hypothetical protein;Up in serum
AENJPLPP_00190;764.050352179095;5.1803164900424;0.149773741085448;34.5876149750906;3.8791588585349e-262;5.70510636164325e-261;;hypothetical protein;Up in serum
AENJPLPP_00545;2897.37379626542;-2.31936530228368;0.0671531201513152;-34.5384592265778;2.12426326292858e-261;3.10846965911961e-260;zosA;Zinc-transporting ATPase;Down in serum
AENJPLPP_02618;6657.59683767086;2.69940320533494;0.0783417941637767;34.4567447573607;3.56854490290781e-260;5.19580137863377e-259;;hypothetical protein;Up in serum
AENJPLPP_00314;9828.67874399902;7.27885132833456;0.211263611031724;34.4538810672963;3.93893441413892e-260;5.70655572834454e-259;yghA;putative oxidoreductase YghA;Up in serum
AENJPLPP_02992;4244.49884949439;2.60189832974256;0.0756368757489059;34.3998651977663;2.53321436103637e-259;3.65184169274154e-258;pemK;Endoribonuclease PemK;Up in serum
AENJPLPP_00426;1630.60046577815;2.56791947547199;0.0749656390506331;34.254619956452;3.72255957740019e-257;5.3399475317189e-256;;hypothetical protein;Up in serum
AENJPLPP_00525;2884.57537544476;2.67327734456471;0.0782453033491856;34.1653393895691;7.91467093175828e-256;1.12978047810197e-254;;hypothetical protein;Up in serum
AENJPLPP_00895;3076.27300415649;-2.11517300619671;0.0625412189038917;-33.8204634202468;9.86758956102824e-251;1.40167906349826e-249;btuD_1;Vitamin B12 import ATP-binding protein BtuD;Down in serum
AENJPLPP_01381;6595.50609037684;-1.93612328417229;0.0572501428950809;-33.8186629109471;1.0487679516896e-250;1.48253023073792e-249;;hypothetical protein;Down in serum
AENJPLPP_00825;1329.39924331893;-2.78250746252024;0.0826888950307814;-33.6503161819304;3.08489772049159e-248;4.33972085124228e-247;;RNA-binding protein;Down in serum
AENJPLPP_01079;8172.69311723519;2.35651647212054;0.0700561700199674;33.6375293061109;4.74503382959704e-248;6.64304736143586e-247;;Putative universal stress protein;Up in serum
AENJPLPP_00981;925.293694047935;6.1010372664883;0.181922187897654;33.5365209543359;1.41552499176023e-246;1.97225300287359e-245;;hypothetical protein;Up in serum
AENJPLPP_01559;29142.1866352197;-2.29001323298255;0.0683269433783217;-33.5155228634025;2.86368183139046e-246;3.9709721395281e-245;rpsD;30S ribosomal protein S4;Down in serum
AENJPLPP_02834;1483.68223434571;-2.84698363918407;0.0851584323416144;-33.43161165489;4.76278640542946e-245;6.57309668844103e-244;degA_4;HTH-type transcriptional regulator DegA;Down in serum
AENJPLPP_00487;4090.70130731684;-2.31625120363967;0.069361049525248;-33.3941198914029;1.66875046005433e-244;2.29217044324443e-243;apt;Adenine phosphoribosyltransferase;Down in serum
AENJPLPP_02582;7383.37531595747;-2.03631980104419;0.0610255058865391;-33.3683395403585;3.94885577646109e-244;5.39862348406324e-243;glyS;Glycine--tRNA ligase beta subunit;Down in serum
AENJPLPP_00590;1155.05867088792;2.96994742902356;0.0892123969109606;33.2907480558756;5.25538563037884e-243;7.15125371759962e-242;;hypothetical protein;Up in serum
AENJPLPP_00894;4283.27707724423;-2.05606167522668;0.0618449766756325;-33.245411119005;2.37809902787317e-242;3.22094156705427e-241;;hypothetical protein;Down in serum
AENJPLPP_01827;1963.70800145383;2.83331186553087;0.0852928512101414;33.2186323394238;5.79513507546658e-242;7.81270062025865e-241;dapA;4-hydroxy-tetrahydrodipicolinate synthase;Up in serum
AENJPLPP_00824;6666.50696264809;-2.65707921822651;0.0800530073675614;-33.1914978037814;1.42796937729861e-241;1.91624277727813e-240;nadD;Nicotinate-nucleotide adenylyltransferase;Down in serum
AENJPLPP_01479;18074.0261153931;-2.18022010552314;0.0657565104430814;-33.1559581071493;4.64739584493769e-241;6.20789756901769e-240;rplD;50S ribosomal protein L4;Down in serum
AENJPLPP_02747;1452.05930458511;-2.72340472506145;0.0822132920365126;-33.1260877359337;1.25176714734909e-240;1.66445019775367e-239;alsS_1;Acetolactate synthase;Down in serum
AENJPLPP_00800;13507.6073876265;-1.97946505443143;0.0598212866644637;-33.0896435834657;4.18808314426709e-240;5.54349914368444e-239;;hypothetical protein;Down in serum
AENJPLPP_02610;1575.2199404245;3.03179124945488;0.0917522184789797;33.0432473428363;1.94491326082258e-239;2.56270923778975e-238;acyP;Acylphosphatase;Up in serum
AENJPLPP_01886;6104.30579153489;-2.43752193691973;0.0739859652189273;-32.9457340957438;4.86945611845875e-238;6.38732262024859e-237;glcU_2;putative glucose uptake protein GlcU;Down in serum
AENJPLPP_01980;1984.63208024775;2.46778762638408;0.0749378885261476;32.9311070130167;7.88702111774001e-238;1.02991056030757e-236;;hypothetical protein;Up in serum
AENJPLPP_01162;2916.92004822904;-2.22639903870763;0.0676921327572959;-32.8900707958217;3.04775148782716e-237;3.96207693417531e-236;;putative ABC transporter ATP-binding protein;Down in serum
AENJPLPP_00155;3911.8172091675;-2.14369903488715;0.0653469536397485;-32.8048809544383;5.01623163644457e-236;6.4921184557007e-235;grpE;Protein GrpE;Down in serum
AENJPLPP_00748;1875.55002885515;2.99440820624773;0.0912951616703767;32.7991993382859;6.04493343040244e-236;7.78886997758049e-235;manP_2;PTS system mannose-specific EIIBCA component;Up in serum
AENJPLPP_01016;1451.85542354165;-2.52018494264726;0.0769313613403089;-32.7588762078332;2.26962964402346e-235;2.91152490017459e-234;ybiT_1;putative ABC transporter ATP-binding protein YbiT;Down in serum
AENJPLPP_02033;926.761069364962;3.81376902436734;0.116567974048924;32.7171253981533;8.91493213772191e-235;1.13860887653711e-233;;hypothetical protein;Up in serum
AENJPLPP_01501;10974.6133182557;-2.48552035264864;0.0764327793824783;-32.5190366323173;5.73914016669434e-232;7.29798085825936e-231;rpmJ;50S ribosomal protein L36;Down in serum
AENJPLPP_01480;9506.46455917507;-1.97746779483606;0.0608709705531169;-32.4862208843951;1.66917603560752e-231;2.11332200682134e-230;rplW;50S ribosomal protein L23;Down in serum
AENJPLPP_02609;3460.17823064022;-2.0690942547212;0.0639822090408451;-32.3385873313679;2.00744853933868e-229;2.53060179504512e-228;yidC;Membrane protein insertase YidC;Down in serum
AENJPLPP_00477;2773.7751313457;2.5207294585609;0.0780005940469264;32.316798216234;4.06303030679023e-229;5.09980355748843e-228;;hypothetical protein;Up in serum
AENJPLPP_00637;1240.478307933;-2.82307702590487;0.0874745649581994;-32.2731187889177;1.66748951361596e-228;2.08400406165222e-227;;hypothetical protein;Down in serum
AENJPLPP_02063;6164.85716229898;1.7953637914918;0.0557991499605802;32.1754684929815;3.89023844547495e-227;4.8411856210355e-226;;hypothetical protein;Up in serum
AENJPLPP_02057;1602.46289854156;2.76928770099905;0.0860812465989064;32.1706272900819;4.54658722027679e-227;5.63389871721107e-226;;hypothetical protein;Up in serum
AENJPLPP_01485;21850.8995208758;-2.39400489939751;0.0750268283486346;-31.9086512397013;2.02549777035767e-223;2.49925826579726e-222;rplP;50S ribosomal protein L16;Down in serum
AENJPLPP_02160;625.780162733613;3.79984598686457;0.119265050351775;31.8605155127746;9.4131703789961e-223;1.15658869804374e-221;;hypothetical protein;Up in serum
AENJPLPP_00425;2647.61603370558;2.3448162895779;0.0736107317093914;31.8542722661015;1.14868048437977e-222;1.40544435735878e-221;cmpD;Bicarbonate transport ATP-binding protein CmpD;Up in serum
AENJPLPP_00488;10549.4724114774;-1.91652525995157;0.0602661766567216;-31.8010095591125;6.26833253981409e-222;7.63739931210821e-221;;hypothetical protein;Down in serum
AENJPLPP_00849;4936.15118973806;-1.8796998277665;0.0591681359562097;-31.7687856375544;1.74747370168591e-221;2.12026809137891e-220;prfC;Peptide chain release factor 3;Down in serum
AENJPLPP_01362;954.415041831387;3.62348149221648;0.114182933055718;31.7340025803008;5.27867449664289e-221;6.3782158233295e-220;msrA_2;Peptide methionine sulfoxide reductase MsrA;Up in serum
AENJPLPP_02193;598.018522514208;4.45897639765184;0.14086707290339;31.6537875441618;6.72574557809199e-220;8.09312856339004e-219;smc_3;Chromosome partition protein Smc;Up in serum
AENJPLPP_00813;10391.7701290444;-1.84190790734566;0.0582204275353257;-31.6367980332688;1.15203684569724e-219;1.38054785788904e-218;thrS;Threonine--tRNA ligase;Down in serum
AENJPLPP_00512;8806.35917884945;-1.84578691225974;0.0583567916621951;-31.6293418415509;1.45882164873648e-219;1.7410199348855e-218;pheT;Phenylalanine--tRNA ligase beta subunit;Down in serum
AENJPLPP_00583;7657.09641632346;8.15606595955442;0.25815717541797;31.5934118288571;4.54742229545155e-219;5.40493621402241e-218;purN;Phosphoribosylglycinamide formyltransferase;Up in serum
AENJPLPP_00134;9099.49080498686;-1.70460033697444;0.054118671902918;-31.4974532270909;9.41276630112959e-218;1.1142266450768e-216;nusA;Transcription termination/antitermination protein NusA;Down in serum
AENJPLPP_00095;1142.74943579615;-2.68548866004458;0.0852900891237225;-31.4865266015726;1.32833893637737e-217;1.56604169341332e-216;folA_1;Dihydrofolate reductase;Down in serum
AENJPLPP_01504;43796.6145932216;-2.36949237796338;0.0753428009195181;-31.4494862023313;4.26606338453255e-217;5.00918410312854e-216;rpoA;DNA-directed RNA polymerase subunit alpha;Down in serum
AENJPLPP_01434;22564.5622308256;1.68143813785144;0.0536924294282902;31.3161120805144;2.81627727829481e-215;3.29357407003795e-214;purA;Adenylosuccinate synthetase;Up in serum
AENJPLPP_00640;624.592585877613;3.99959541105564;0.127961263609015;31.256298181584;1.83324690765028e-214;2.13536599803104e-213;;hypothetical protein;Up in serum
AENJPLPP_01828;1489.85542354772;2.62828108543261;0.0842494939041519;31.1964020629337;1.19214589212575e-213;1.38307921827497e-212;dapB;4-hydroxy-tetrahydrodipicolinate reductase;Up in serum
AENJPLPP_00571;5208.9971212893;-1.88533367100123;0.0604665891880066;-31.1797588770756;2.00442356642842e-213;2.31622278787284e-212;pdhA;Pyruvate dehydrogenase E1 component subunit alpha;Down in serum
AENJPLPP_01830;2690.07215679233;2.43736048308558;0.0782053119983976;31.1661755551275;3.0624762457644e-213;3.52487384492725e-212;asd;Aspartate-semialdehyde dehydrogenase;Up in serum
AENJPLPP_01842;833.943790286897;-6.04118012171937;0.194892397445987;-30.9975155567247;5.8225179813358e-211;6.67526470931096e-210;lacS;Lactose permease;Down in serum
AENJPLPP_00858;2243.82079472757;2.31152972079917;0.0746478986614431;30.9657708019732;1.55842374381963e-210;1.7796588007854e-209;crtK-2;Tryptophan-rich protein TspO;Up in serum
AENJPLPP_00151;942.057902075282;3.37600700464772;0.109321325559363;30.8815044765853;2.11621776322163e-209;2.4071977056646e-208;ydeA;putative protease YdeA;Up in serum
AENJPLPP_00896;1262.11543114814;-2.93337111353403;0.0951404265887074;-30.8320155659488;9.76005793912875e-209;1.10588672057365e-207;tagG;Teichoic acid translocation permease protein TagG;Down in serum
AENJPLPP_01484;47312.0310977118;-2.34583772072106;0.0763124424537982;-30.7399114127595;1.66800571161429e-207;1.88264830706233e-206;rpsC;30S ribosomal protein S3;Down in serum
AENJPLPP_01475;88920.7073952555;-1.66164089672104;0.0541538588836849;-30.6837025278295;9.39080948561743e-207;1.05583155297753e-205;fus;Elongation factor G;Down in serum
AENJPLPP_00387;2128.03905175253;2.20131110617402;0.0717630621776044;30.6747097932647;1.23779164854647e-206;1.38632664637205e-205;;hypothetical protein;Up in serum
AENJPLPP_02612;5649.98021305764;1.77134832437716;0.0579543668551581;30.5645358667136;3.62486977536299e-205;4.04429915166936e-204;;hypothetical protein;Up in serum
AENJPLPP_01872;622.256217001168;4.03108001056862;0.132445289774034;30.4358125339608;1.84585695559346e-203;2.05157841781991e-202;ydbD;putative manganese catalase;Up in serum
AENJPLPP_02961;556.683680967122;4.13174449983209;0.135885714043941;30.4060255995418;4.57252980843569e-203;5.06281627458735e-202;;hypothetical protein;Up in serum
AENJPLPP_00024;4782.98126360167;2.94208176375661;0.0971039323409309;30.2982762163224;1.2078770174646e-201;1.33232495259732e-200;;hypothetical protein;Up in serum
AENJPLPP_02275;4626.19338933698;2.15699061150017;0.0714051205596961;30.2077861446488;1.87172930115008e-200;2.0567832924336e-199;nlhH;Carboxylesterase NlhH;Up in serum
AENJPLPP_00133;3481.3774418665;-2.01612786770794;0.066777364131928;-30.1917857033829;3.03618358965029e-200;3.32382203498558e-199;rimP;Ribosome maturation factor RimP;Down in serum
AENJPLPP_00093;1130.93412236557;3.55832323330757;0.117895774122542;30.1819404452021;4.08827949881868e-200;4.45882767811236e-199;;hypothetical protein;Up in serum
AENJPLPP_00380;1821.46334863472;-2.77092953728483;0.0920897080838968;-30.0894594514342;6.65641270604314e-199;7.23263947761105e-198;ygaZ_1;Inner membrane protein YgaZ;Down in serum
AENJPLPP_00141;983.415912158171;2.5986418015105;0.0864107295911773;30.0731380675188;1.08817874496131e-198;1.17798383097671e-197;xpkA_2;Xylulose-5-phosphate phosphoketolase;Up in serum
AENJPLPP_01654;37338.6958003875;-1.52993660225039;0.0510133253331092;-29.9909208478401;1.28891645548296e-197;1.39012026606162e-196;infC;Translation initiation factor IF-3;Down in serum
AENJPLPP_01008;1100.58133995983;2.82244681675997;0.0946078089756668;29.8331273847162;1.45327137268336e-195;1.56159639751068e-194;feoB;Fe(2+) transporter FeoB;Up in serum
AENJPLPP_00565;16253.4784452391;-1.54688512340137;0.0518756570512893;-29.8190945682282;2.20964288501453e-195;2.36561767689791e-194;typA;GTP-binding protein TypA/BipA;Down in serum
AENJPLPP_01819;583.701799824224;3.54504803337923;0.11907920715678;29.7705041713269;9.4140120266676e-195;1.00416128284454e-193;spxA_5;Regulatory protein Spx;Up in serum
AENJPLPP_01972;2157.47974411428;-2.2675808244113;0.0762392253304091;-29.7429678040924;2.13812620777601e-194;2.27234434928604e-193;mgtA;Magnesium-transporting ATPase%2C P-type 1;Down in serum
AENJPLPP_02767;1168.95970295579;2.33395183860836;0.0785928626238207;29.6967403996933;8.46003653719353e-194;8.95840959865729e-193;;hypothetical protein;Up in serum
AENJPLPP_01207;48573.9735911155;-1.8060132503266;0.060924197925745;-29.6436114354396;4.09964638530527e-193;4.32542401232208e-192;ldh_2;L-lactate dehydrogenase;Down in serum
AENJPLPP_02551;11412.0891036923;1.765584795758;0.0596385661584119;29.6047492333779;1.29807887059465e-192;1.36462298598253e-191;;hypothetical protein;Up in serum
AENJPLPP_01156;14100.6759473029;-1.56126525786822;0.0528802291542558;-29.5245554498994;1.39362453718874e-191;1.45979663751569e-190;leuS;Leucine--tRNA ligase;Down in serum
AENJPLPP_00946;527.073628626957;4.39293160883704;0.148807701762545;29.520861869414;1.55438078754162e-191;1.62235012663842e-190;;hypothetical protein;Up in serum
AENJPLPP_01815;2405.86870335035;-2.08171295071815;0.0705406109893471;-29.510843775262;2.08988385102761e-191;2.17347920506872e-190;;Deoxyguanosine kinase;Down in serum
AENJPLPP_01661;617.82846455918;3.82081093033815;0.129861199867116;29.4222672688062;2.85070708151323e-190;2.95418470511264e-189;;hypothetical protein;Up in serum
AENJPLPP_00581;38441.5958780548;8.26033210980615;0.280792859025016;29.4178852642055;3.24344026188391e-190;3.34925462503757e-189;purD;Phosphoribosylamine--glycine ligase;Up in serum
AENJPLPP_00039;1096.55552860214;2.87372534438948;0.0977532178402328;29.3977570036239;5.86642688978245e-190;6.03640816362067e-189;;hypothetical protein;Up in serum
AENJPLPP_01289;1973.32236808003;-2.19330647191441;0.0746600027147533;-29.3772621505812;1.07213193947088e-189;1.09931274920394e-188;dus;putative tRNA-dihydrouridine synthase;Down in serum
AENJPLPP_00707;5073.4004017003;-1.7960170522865;0.0612082007558084;-29.3427519533168;2.95660447134566e-189;3.0209235861609e-188;ctpE_1;Calcium-transporting ATPase CtpE;Down in serum
AENJPLPP_00610;493.630179537771;3.99524335741239;0.136221248676232;29.3290760159468;4.41806890425194e-189;4.4983974297838e-188;dcuS_1;Sensor histidine kinase DcuS;Up in serum
AENJPLPP_02560;2156.71198679447;1.93548855819126;0.066253567720996;29.2133484243731;1.31253957731664e-187;1.33174747357006e-186;yheI;putative multidrug resistance ABC transporter ATP-binding/permease protein YheI;Up in serum
AENJPLPP_00686;2243.68665128109;-2.25019975608417;0.0770835775639792;-29.1916881285967;2.47252290915155e-187;2.4999953859199e-186;cmk;Cytidylate kinase;Down in serum
AENJPLPP_00891;4326.13055615813;-1.73011812364365;0.0592830944647548;-29.1840049724841;3.09490264067328e-187;3.11846245316283e-186;;hypothetical protein;Down in serum
AENJPLPP_00548;6013.17614316213;-2.44163566927527;0.0836800510448821;-29.1782287270079;3.66383797593367e-187;3.6789986847996e-186;rpsT;30S ribosomal protein S20;Down in serum
AENJPLPP_02141;3637.16115811903;7.36091105859514;0.252809411846253;29.1164439046743;2.22310287048978e-186;2.22463077624269e-185;celB;PTS system cellobiose-specific EIIC component;Up in serum
AENJPLPP_02007;4377.43786344917;-1.69183618933227;0.0581790477558007;-29.0798191890926;6.46155762970206e-186;6.44385473208644e-185;pta;Phosphate acetyltransferase;Down in serum
AENJPLPP_01500;10373.0379889405;-2.59461210241811;0.0896405696110516;-28.9446186439474;3.27991386062602e-184;3.25976421916142e-183;infA;Translation initiation factor IF-1;Down in serum
AENJPLPP_00388;2868.9928382407;1.87064643696677;0.0646785630747481;28.9222015462045;6.27888981996128e-184;6.21909086929498e-183;hmpT;Thiamine precursor transporter HmpT;Up in serum
AENJPLPP_00674;3206.03697260355;-2.0517051534392;0.0709515627770387;-28.9169832648587;7.30298936413799e-184;7.20891695876944e-183;;hypothetical protein;Down in serum
AENJPLPP_01568;1528.78076398222;-2.67203000306085;0.092430822345768;-28.9084304915653;9.35454857490787e-184;9.20285319261207e-183;;hypothetical protein;Down in serum
AENJPLPP_01476;230600.302711337;-1.51329681824592;0.0523768776707264;-28.8924595268822;1.48497346262197e-183;1.45597398086033e-182;tuf_2;Elongation factor Tu;Down in serum
AENJPLPP_00047;1290.19123285034;2.36547484445596;0.0822520901878808;28.7588417394953;7.02205395843308e-182;6.86181917011984e-181;;hypothetical protein;Up in serum
AENJPLPP_01887;4227.21463152371;-2.59097968661094;0.0902629202586257;-28.7048067931676;3.3230046475269e-181;3.23631756976533e-180;yhdG;putative amino acid permease YhdG;Down in serum
AENJPLPP_00976;527.799398579284;4.95941075846544;0.173133121636646;28.6450721363052;1.84642270596023e-180;1.79226097325206e-179;;hypothetical protein;Up in serum
AENJPLPP_03115;1489.89071416237;2.69494104040046;0.0941865921290497;28.6127885029324;4.65816180439419e-180;4.50650072239066e-179;;hypothetical protein;Up in serum
AENJPLPP_01282;772.039614631179;2.88344894965626;0.100802659195053;28.6048897189982;5.84082101565567e-180;5.63194397271169e-179;;hypothetical protein;Up in serum
AENJPLPP_00059;1264.72437285994;2.25797970665666;0.0789454573234309;28.6017686540971;6.38692587516081e-180;6.13819410840537e-179;;hypothetical protein;Up in serum
AENJPLPP_00943;468.669707043664;4.88663648068962;0.170976015951701;28.5808302029335;1.16306185558701e-179;1.11409083008861e-178;;hypothetical protein;Up in serum
AENJPLPP_02561;2141.3189415554;1.84523468410711;0.0645967031164067;28.5654622462991;1.80525790824855e-179;1.72357738649828e-178;yheH;putative multidrug resistance ABC transporter ATP-binding/permease protein YheH;Up in serum
AENJPLPP_00374;1108.52410045521;-2.77619748890909;0.0974883848690245;-28.4772128765791;2.24385424292396e-178;2.13532795927927e-177;;hypothetical protein;Down in serum
AENJPLPP_01615;2124.75106546503;2.13040130892996;0.0750539518004127;28.3849318766749;3.10339144073516e-177;2.94367292358983e-176;;Zinc-type alcohol dehydrogenase-like protein;Up in serum
AENJPLPP_00656;1498.55112734336;-2.09579071950492;0.0739952974546347;-28.3232960958068;1.78551484572095e-176;1.68812312686345e-175;xerC_4;Tyrosine recombinase XerC;Down in serum
AENJPLPP_02341;3135.53426837108;2.4436664605748;0.0863361953433196;28.3040786179823;3.07868178429415e-176;2.90133377212446e-175;;hypothetical protein;Up in serum
AENJPLPP_01069;4529.40038205935;2.06643972862141;0.0731063511184958;28.266213495897;8.99669591275885e-176;8.4510898380496e-175;iolS;Aldo-keto reductase IolS;Up in serum
AENJPLPP_02486;1719.39999597467;2.11941150275097;0.0750991786417447;28.2215004355969;3.18585512816782e-175;2.98302576631019e-174;rpoN1;RNA polymerase sigma-54 factor 1;Up in serum
AENJPLPP_01832;2236.18682194775;2.28411612436605;0.0810673372304518;28.1755414991977;1.16618231989816e-174;1.08843683190495e-173;scmP;N-acetylcysteine deacetylase;Up in serum
AENJPLPP_00582;32497.2523368622;8.3317239784249;0.298220383270316;27.9381438889534;9.18555972696629e-172;8.54579869805937e-171;purH;Bifunctional purine biosynthesis protein PurH;Up in serum
AENJPLPP_01917;1249.92404157935;-2.38324506069388;0.0853640920382229;-27.9185896995982;1.58702708313261e-171;1.47179072168222e-170;metN2;Methionine import ATP-binding protein MetN 2;Down in serum
AENJPLPP_01831;4251.17629179695;2.26223012285576;0.0810943084148428;27.8962872620256;2.95962783756877e-171;2.73601151206357e-170;yclM;Aspartokinase 3;Up in serum
AENJPLPP_00325;699.369839425929;3.09883721014225;0.111100828924842;27.8921160186713;3.32532092809487e-171;3.06434637424438e-170;;hypothetical protein;Up in serum
AENJPLPP_00875;6766.12479462;-1.51709552550122;0.0544086876802426;-27.88333242693;4.2496419452278e-171;3.90377203296635e-170;mltG;Endolytic murein transglycosylase;Down in serum
AENJPLPP_02140;2839.88064436366;5.58858890187686;0.200777094531628;27.8347931815325;1.6458309243944e-170;1.50712567667814e-169;licA_2;Lichenan-specific phosphotransferase enzyme IIA component;Up in serum
AENJPLPP_01273;10681.5045893427;-1.45812767799773;0.0524074204399966;-27.8229240393008;2.2909703680394e-170;2.09131840493127e-169;;hypothetical protein;Down in serum
AENJPLPP_00114;2901.75066543925;-1.88457853683041;0.0677508828997117;-27.8162948757443;2.75559637619969e-170;2.50759270234172e-169;tsaD;tRNA N6-adenosine threonylcarbamoyltransferase;Down in serum
AENJPLPP_01097;3087.46924142754;1.86184881278231;0.0670724364881259;27.7587770814308;1.36532318022843e-169;1.23857355165893e-168;;hypothetical protein;Up in serum
AENJPLPP_01460;5960.82546332742;-2.01610178319393;0.0726302251091305;-27.7584405137755;1.37815535552446e-169;1.24633179977864e-168;pdp;Pyrimidine-nucleoside phosphorylase;Down in serum
AENJPLPP_01278;893.307465362069;-2.56680414241608;0.0924972115657578;-27.7500705044638;1.73906929272358e-169;1.5678544211799e-168;ptsG_2;PTS system glucose-specific EIICBA component;Down in serum
AENJPLPP_00670;1641.37266648699;2.26945623446931;0.0819788700190449;27.6834290829098;1.10544365317984e-168;9.93534542611019e-168;;hypothetical protein;Up in serum
AENJPLPP_00495;1677.76096411308;-2.12256562874731;0.0766924585737129;-27.676327871367;1.34590049960221e-168;1.20592684764358e-167;menH_1;2-succinyl-6-hydroxy-2%2C4-cyclohexadiene-1-carboxylate synthase;Down in serum
AENJPLPP_01161;3760.47507339769;-1.77365248705;0.0641022478050268;-27.6691153240794;1.64364129048719e-168;1.46818510364991e-167;;putative ABC transporter ATP-binding protein;Down in serum
AENJPLPP_01671;5361.90972527021;1.75458037134778;0.0634722590042897;27.6432633542978;3.36293257985489e-168;2.99475830964448e-167;;Putative universal stress protein;Up in serum
AENJPLPP_00480;8931.55191732194;1.76453188947749;0.0639161093468739;27.6069977898895;9.17024215738386e-168;8.14138572021397e-167;cysK;Cysteine synthase;Up in serum
AENJPLPP_01822;5749.88154714627;-1.9068679873189;0.0692598762982817;-27.5320732469487;7.25524026258426e-167;6.42165946645756e-166;metB;Cystathionine gamma-synthase;Down in serum
AENJPLPP_01999;1488.72289465159;-1.9843510812592;0.0721781497031103;-27.4924071816944;2.16382870574843e-166;1.90941490640589e-165;pnuC;Nicotinamide riboside transporter PnuC;Down in serum
AENJPLPP_00371;449.134055352612;-4.41977112079661;0.160821627358344;-27.4824424637143;2.84665665952839e-166;2.50436984669084e-165;gmk_1;Guanylate kinase;Down in serum
AENJPLPP_01427;7964.41858571866;-1.71534967594217;0.0626702213678798;-27.3710486176985;6.06649836206599e-165;5.32097687660728e-164;rpsF;30S ribosomal protein S6;Down in serum
AENJPLPP_02052;16249.6929768403;-2.12568878800092;0.0778055133469118;-27.320541907141;2.41858992241306e-164;2.11499515137142e-163;rpmE2;50S ribosomal protein L31 type B;Down in serum
AENJPLPP_00390;2836.10380236783;1.75020334605353;0.0645834432893082;27.0998766388673;9.87938803863198e-162;8.61340657739411e-161;menE;2-succinylbenzoate--CoA ligase;Up in serum
AENJPLPP_00534;928.087151985224;2.82047250376559;0.104394820454674;27.0173605498961;9.24125885465959e-161;8.03299874172201e-160;;Putative universal stress protein;Up in serum
AENJPLPP_01911;679.960578710733;-2.84609119564274;0.1055819686551;-26.9562239830926;4.82220888868193e-160;4.17924770352434e-159;;hypothetical protein;Down in serum
AENJPLPP_00675;846.318940830777;-2.39995421184728;0.0893673753610383;-26.8549255491909;7.3882745800618e-159;6.38417079440355e-158;;hypothetical protein;Down in serum
AENJPLPP_00156;24359.3249668163;-1.40328920146127;0.0522691072250833;-26.847391814411;9.04727435698805e-159;7.79457483063586e-158;dnaK;Chaperone protein DnaK;Down in serum
AENJPLPP_02521;3457.00474804518;2.45198206388112;0.0915288717059388;26.7891651910533;4.32140855743204e-158;3.71207720331625e-157;;hypothetical protein;Up in serum
AENJPLPP_01391;2846.24930716587;-2.09310555384605;0.0782362881365953;-26.7536408449188;1.12003078605693e-157;9.59273426175819e-157;rlhA;23S rRNA 5-hydroxycytidine synthase;Down in serum
AENJPLPP_01795;634.731389110925;-2.95046934726576;0.110303602941945;-26.7486217002236;1.28121785396581e-157;1.09410744596729e-156;;hypothetical protein;Down in serum
AENJPLPP_02674;2074.82534294215;-2.6682985413138;0.0998225996296575;-26.7304052510474;2.08671159143965e-157;1.7767556006644e-156;;hypothetical protein;Down in serum
AENJPLPP_01650;1399.81674026729;-2.24923265764062;0.0843257714330305;-26.6731346706613;9.64996354988472e-157;8.1926221158205e-156;galK_1;Galactokinase;Down in serum
AENJPLPP_01255;3902.96264468355;-1.61161322849707;0.0604695214116939;-26.6516617111081;1.71205218299673e-156;1.44927208049025e-155;cysS;Cysteine--tRNA ligase;Down in serum
AENJPLPP_02099;23526.2151289685;1.58672288513183;0.059648511344875;26.6012151746376;6.5718386738632e-156;5.54701281689555e-155;manX_3;PTS system mannose-specific EIIAB component;Up in serum
AENJPLPP_01068;4738.29586352576;-1.86523572118383;0.0702035987151611;-26.5689473947297;1.55155934740956e-155;1.30582104614353e-154;hisS;Histidine--tRNA ligase;Down in serum
AENJPLPP_02959;488.583496551559;4.23826575502;0.159675170547727;26.5430482427647;3.08950473512342e-155;2.59269100538312e-154;sorA_4;PTS system sorbose-specific EIIC component;Up in serum
AENJPLPP_02078;1600.63317146664;-2.25905280897057;0.0851498619609129;-26.5303167491636;4.33334958054411e-155;3.62606723521393e-154;dltA;D-alanine--D-alanyl carrier protein ligase;Down in serum
AENJPLPP_02096;39892.522866525;-1.76944884212759;0.0667473905219795;-26.509633234949;7.50556554286487e-155;6.26252345582306e-154;rpmA;50S ribosomal protein L27;Down in serum
AENJPLPP_00358;565.605328570437;4.18131947866145;0.157834012452574;26.4918784847965;1.20230686737134e-154;1.00031931365296e-153;mdxE;Maltodextrin-binding protein MdxE;Up in serum
AENJPLPP_00939;479.8506820686;5.97456938681972;0.225529268510914;26.491326053898;1.22005711660299e-154;1.01219553377433e-153;;hypothetical protein;Up in serum
AENJPLPP_00585;24855.1209733354;8.76467252155068;0.331069273509837;26.4738325868536;1.94027263704483e-154;1.60513463610072e-153;purF;Amidophosphoribosyltransferase;Up in serum
AENJPLPP_02279;1272.45297580246;2.28605378633931;0.0871606686429779;26.2280432439464;1.27271684373571e-151;1.04990126032816e-150;;hypothetical protein;Up in serum
AENJPLPP_00657;4580.61110647094;-1.51438360927012;0.0578572833762773;-26.1744679476439;5.19103314482523e-151;4.27013799935906e-150;trmFO;Methylenetetrahydrofolate--tRNA-(uracil-5-)-methyltransferase TrmFO;Down in serum
AENJPLPP_00717;5355.26696253756;-1.90905154345004;0.0730281404810406;-26.1413138945481;1.23720095597113e-150;1.01485329120787e-149;;hypothetical protein;Down in serum
AENJPLPP_00533;401.159198038915;3.5710301972626;0.137187980985963;26.030197190729;2.25483513922733e-149;1.84440447343539e-148;;hypothetical protein;Up in serum
AENJPLPP_00595;5542.40848186537;1.48206847972828;0.0571210532922191;25.9460985802613;2.01231423675187e-148;1.64141710291917e-147;xpt;Xanthine phosphoribosyltransferase;Up in serum
AENJPLPP_01028;3310.61941786106;-1.62092144109755;0.0625224219027655;-25.9254422936207;3.44118613699665e-148;2.79908771813806e-147;nusG;Transcription termination/antitermination protein NusG;Down in serum
AENJPLPP_01413;5895.4543265237;-1.40769346903342;0.0543988464047604;-25.877266928775;1.20068567160552e-147;9.73926650617069e-147;mnmG;tRNA uridine 5-carboxymethylaminomethyl modification enzyme MnmG;Down in serum
AENJPLPP_01486;7344.4343605913;-2.5752264608883;0.0997873040034445;-25.8071553952335;7.37012628042173e-147;5.96161325794114e-146;rpmC;50S ribosomal protein L29;Down in serum
AENJPLPP_01796;1587.61165513531;-2.29961665535043;0.0895247543617943;-25.6869362194175;1.63592525414709e-145;1.31961616068596e-144;bceA_1;Bacitracin export ATP-binding protein BceA;Down in serum
AENJPLPP_00684;7720.0969143155;-1.57788399860217;0.061455398545783;-25.6752707807545;2.20834366479619e-145;1.77643556681948e-144;der;GTPase Der;Down in serum
AENJPLPP_01274;1209.45290383222;2.1962015370292;0.0855561122227079;25.6697210751273;2.54704300097349e-145;2.04324771868728e-144;;putative oxidoreductase;Up in serum
AENJPLPP_01672;5538.12965684612;-1.46669269438423;0.0572022031816834;-25.64049307202;5.39739515699735e-145;4.31791612559788e-144;;hypothetical protein;Down in serum
AENJPLPP_00511;2776.77180784023;-1.72297778643246;0.0674937955416156;-25.5279433110277;9.65247985575862e-144;7.70082776437509e-143;trpS2;Tryptophan--tRNA ligase 2;Down in serum
AENJPLPP_01096;2310.52754245488;1.90246293778409;0.0751167581945513;25.326744437729;1.62141782963597e-141;1.29004609833332e-140;hit;Protein hit;Up in serum
AENJPLPP_01985;1699.18768244468;1.83016435864864;0.0725225384200076;25.2358011525935;1.62168214344711e-140;1.28674070891498e-139;eat(A);ABC-F type ribosomal protection protein Eat(A);Up in serum
AENJPLPP_00747;511.934469927027;3.15903803757984;0.125680278285561;25.1355111611236;2.03545156721111e-139;1.61066167492358e-138;manP_1;PTS system mannose-specific EIIBCA component;Up in serum
AENJPLPP_00538;5123.65091895538;1.62027664296914;0.0645423336355374;25.1040914033051;4.48717187132752e-139;3.54109606756253e-138;;hypothetical protein;Up in serum
AENJPLPP_00046;1118.93166635804;2.08172498660325;0.0829821936930466;25.0864058174167;6.99887430932066e-139;5.50830324020048e-138;;hypothetical protein;Up in serum
AENJPLPP_01070;2285.09736747742;1.64844695687083;0.0658355757432816;25.0388477393858;2.30939634048639e-138;1.81265825970252e-137;cypC;Fatty-acid peroxygenase;Up in serum
AENJPLPP_00266;1275.76521890561;2.03385667366956;0.0812853745549932;25.0211884340099;3.5955687678833e-138;2.81459576668714e-137;;hypothetical protein;Up in serum
AENJPLPP_02749;1279.79678132949;-1.90283685215862;0.0763749756743715;-24.9144020715825;5.19450058917562e-137;4.05533129106686e-136;aldC;Alpha-acetolactate decarboxylase;Down in serum
AENJPLPP_00391;867.441560631871;2.14739718960247;0.0863642574380649;24.8644202278061;1.80585791802544e-136;1.40605835756419e-135;xerC_3;Tyrosine recombinase XerC;Up in serum
AENJPLPP_00277;846.894079367159;-2.47355132531441;0.0995094483536912;-24.8574518926338;2.14803722738039e-136;1.66802250830179e-135;prsA_1;Foldase protein PrsA;Down in serum
AENJPLPP_01277;682.783932005756;-2.51673478026418;0.101258683132461;-24.8545082990259;2.31136545850864e-136;1.79007878063222e-135;sacY;Levansucrase and sucrase synthesis operon antiterminator;Down in serum
AENJPLPP_00641;347.148755783338;4.57871181554081;0.18427946035678;24.8465662243424;2.81657567448702e-136;2.17556190029342e-135;;hypothetical protein;Up in serum
AENJPLPP_00951;392.934232822704;3.37444771810126;0.135838982473002;24.8415267596099;3.19288448440584e-136;2.45970360280153e-135;;hypothetical protein;Up in serum
AENJPLPP_01833;3635.96660378895;1.92184195470015;0.0774398110446545;24.8172345564215;5.84192468633248e-136;4.4885711574143e-135;dapX;putative N-acetyl-LL-diaminopimelate aminotransferase;Up in serum
AENJPLPP_00334;2335.14382100159;-1.68458272896223;0.0680619313937846;-24.7507335520024;3.04441758141535e-135;2.33298526238987e-134;;hypothetical protein;Down in serum
AENJPLPP_01594;1866.96915396544;1.70248240446449;0.0688551420126132;24.7255666708613;5.67974154382967e-135;4.34105180462782e-134;;hypothetical protein;Up in serum
AENJPLPP_01418;4153.69461105923;-1.52231414803843;0.0616445118275978;-24.6950475055414;1.20887436377636e-134;9.21529357936324e-134;misCA;Membrane protein insertase MisCA;Down in serum
AENJPLPP_02769;527.704433901836;2.62398171279799;0.106630256761458;24.6082284005757;1.03132877654759e-133;7.84133001907727e-133;;hypothetical protein;Up in serum
AENJPLPP_00045;950.367591387649;2.21319926246257;0.0899940459339798;24.5927298799988;1.51096273596626e-133;1.14581340810775e-132;;hypothetical protein;Up in serum
AENJPLPP_00032;8839.42087894592;1.38571213623738;0.0564685562881604;24.539535403846;5.59396210098413e-133;4.23106951638073e-132;;hypothetical protein;Up in serum
AENJPLPP_00655;2161.1242641602;-2.14570128683064;0.0876263117512121;-24.4869519662393;2.0344619170956e-132;1.53480650325969e-131;hslV;ATP-dependent protease subunit HslV;Down in serum
AENJPLPP_00421;3854.68121596896;-1.71488931611353;0.0701379439097544;-24.4502364985214;5.00332551576109e-132;3.76477620204039e-131;topB_1;DNA topoisomerase 3;Down in serum
AENJPLPP_01145;495.983664060759;4.19529189108885;0.17168298832625;24.4362701977001;7.04314007077022e-132;5.28598553765023e-131;licR_2;putative licABCH operon regulator;Up in serum
AENJPLPP_00094;1011.66695229083;-2.9063701134785;0.119151998828691;-24.3921221804856;2.07323386164472e-131;1.55199408871707e-130;rpmGA_1;50S ribosomal protein L33 1;Down in serum
AENJPLPP_01478;32981.6759341548;-2.14305930163608;0.0879248830701026;-24.3737520802549;3.24714947118339e-131;2.42453827181693e-130;rplC;50S ribosomal protein L3;Down in serum
AENJPLPP_00570;3334.25297706266;-1.59465470852639;0.0654910937149108;-24.3491842641701;5.91381237540408e-131;4.40435335989173e-130;pdhB;Pyruvate dehydrogenase E1 component subunit beta;Down in serum
AENJPLPP_00897;4398.72193733744;-1.50171518297654;0.0617408661408165;-24.3228719783664;1.12313032084545e-130;8.34325381199478e-130;;hypothetical protein;Down in serum
AENJPLPP_00139;601.758742259782;2.39461016284972;0.0984984040941249;24.3111569661721;1.49402524366262e-130;1.10702328487164e-129;;phosphoketolase;Up in serum
AENJPLPP_02062;4184.80780135803;1.57778378822625;0.0649631146737528;24.2873790173076;2.6650851122261e-130;1.96972787989909e-129;;hypothetical protein;Up in serum
AENJPLPP_00970;327.567632378394;4.81210153562628;0.198962938114157;24.1859191527684;3.12949022439562e-129;2.30710772998482e-128;;hypothetical protein;Up in serum
AENJPLPP_01973;3578.62411695113;-1.65626705555708;0.0685070098878017;-24.1766070110147;3.92133934327593e-129;2.88357074939886e-128;;Phosphorylated carbohydrates phosphatase;Down in serum
AENJPLPP_01998;852.702369217193;-2.18198788235639;0.0903002195808895;-24.1637051657642;5.35914720340707e-129;3.93094122325476e-128;;hypothetical protein;Down in serum
AENJPLPP_01823;4456.12536799909;-1.80861407803093;0.0749347335208328;-24.13585787328;1.05113967645735e-128;7.69075059759749e-128;cysM;Cysteine synthase;Down in serum
AENJPLPP_00107;3486.61701088805;2.39296966000812;0.0992747676828686;24.1045102986533;2.24180078197351e-128;1.63612127245786e-127;;hypothetical protein;Up in serum
AENJPLPP_01982;1390.97399919778;1.97084557652189;0.0817774778932645;24.1001022200052;2.49354798793985e-128;1.81530293522021e-127;;hypothetical protein;Up in serum
AENJPLPP_00719;3478.02838515295;-1.42203603608942;0.0590282891774225;-24.0907547195749;3.12465922959859e-128;2.26907922109504e-127;thlA;Acetyl-CoA acetyltransferase;Down in serum
AENJPLPP_00803;40674.382516636;-1.42339918744658;0.0591181913359659;-24.0771775198174;4.33568609633361e-128;3.14067609764265e-127;pfkA;ATP-dependent 6-phosphofructokinase;Down in serum
AENJPLPP_00643;332.059417673872;4.07198155930033;0.169560532165689;24.0149137732202;1.94268714888753e-127;1.4037481333897e-126;;hypothetical protein;Up in serum
AENJPLPP_02061;4809.24845630442;1.44805833322931;0.0603160423119379;24.0078472944288;2.302605572089e-127;1.65969985790178e-126;;hypothetical protein;Up in serum
AENJPLPP_00687;4970.29442038607;-1.49902855110997;0.0624951580888921;-23.9863150514441;3.86378208394284e-127;2.77810701936828e-126;;hypothetical protein;Down in serum
AENJPLPP_00113;1168.31500049768;-2.17013157582894;0.0905219701739172;-23.9735345094625;5.25223701671853e-127;3.76712172233605e-126;rimI;[Ribosomal protein S18]-alanine N-acetyltransferase;Down in serum
AENJPLPP_02415;12683.817424355;1.56860389793356;0.0654457889427696;23.9679882124311;6.0004449571523e-127;4.29319305042445e-126;;hypothetical protein;Up in serum
AENJPLPP_02272;1651.49723909527;-1.87045306411824;0.0781351115014138;-23.9387009012509;1.21166572505014e-126;8.64796713565197e-126;ywlC;Threonylcarbamoyl-AMP synthase;Down in serum
AENJPLPP_01630;1089.86069238352;-2.18602456148376;0.0916673575061259;-23.8473609467544;1.078540682075e-125;7.67899869487136e-125;tgt;Queuine tRNA-ribosyltransferase;Down in serum
AENJPLPP_00980;774.776940982174;2.26421836981159;0.0949758657372959;23.8399339899089;1.28788977731947e-125;9.14715861354706e-125;;hypothetical protein;Up in serum
AENJPLPP_01293;1573.69976314559;1.70674643861565;0.0716725496265276;23.8131118190882;2.44294898747212e-125;1.73086799307027e-124;mutS_1;DNA mismatch repair protein MutS;Up in serum
AENJPLPP_02358;488.343035284265;2.81393057661601;0.118339854191681;23.7783846856711;5.59021814053602e-125;3.95114447214585e-124;;hypothetical protein;Up in serum
AENJPLPP_02705;372.87673490928;-3.49240413842472;0.14717657034893;-23.7293485650932;1.7955076135447e-124;1.26598502921118e-123;;hypothetical protein;Down in serum
AENJPLPP_00873;3101.63243589823;-1.68484975933476;0.0710801154895766;-23.7035315394477;3.3156724386493e-124;2.33218312592917e-123;;hypothetical protein;Down in serum
AENJPLPP_03050;8159.4674322737;1.56467397874108;0.0663131307407863;23.5952361359214;4.31353566039487e-123;3.026750805559e-122;;hypothetical protein;Up in serum
AENJPLPP_01765;1596.2809366145;-1.82864868924347;0.0775714435884418;-23.5737354450361;7.16887717577698e-123;5.01821402304389e-122;ccpA_1;Catabolite control protein A;Down in serum
AENJPLPP_00703;5377.83070564701;-1.35742087530371;0.0576226779512845;-23.5570598862362;1.06272379117595e-122;7.4212270501304e-122;mapZ;Mid-cell-anchored protein Z;Down in serum
AENJPLPP_02277;990.210770404358;2.21127368888011;0.0940720016361802;23.5061830344817;3.52614204358592e-122;2.45648938538809e-121;;hypothetical protein;Up in serum
AENJPLPP_00103;4159.68055408938;-1.96400003511051;0.0835873733327811;-23.4963722007552;4.44236750540444e-122;3.08739240471067e-121;glcK;Glucokinase;Down in serum
AENJPLPP_00996;6675.40408032574;-1.87873662856269;0.080150966485576;-23.4399747244569;1.67287318757706e-121;1.15985874338676e-120;;DegV domain-containing protein;Down in serum
AENJPLPP_01044;1055.63296178038;-1.84269055079175;0.0789357692290417;-23.3441767754864;1.57925133167306e-120;1.09234676433063e-119;cutC;Copper homeostasis protein CutC;Down in serum
AENJPLPP_01078;546.06567424827;2.52401187012499;0.108206039173283;23.3259796718277;2.41659303312842e-120;1.66756372333411e-119;;hypothetical protein;Up in serum
AENJPLPP_00881;3037.14408542343;-1.46855778928447;0.0631360310787422;-23.2602170930401;1.12120140029724e-119;7.71853068006043e-119;;hypothetical protein;Down in serum
AENJPLPP_01829;1598.32256718758;2.27487929118123;0.0978398819298514;23.2510428907943;1.38839123282908e-119;9.53536620282612e-119;dapH_2;2%2C3%2C4%2C5-tetrahydropyridine-2%2C6-dicarboxylate N-acetyltransferase;Up in serum
AENJPLPP_00408;2017.69581020723;-1.77411611259063;0.0763534855661234;-23.2355615390238;1.99101994293209e-119;1.364200017369e-118;yhhX;putative oxidoreductase YhhX;Down in serum
AENJPLPP_00987;1880.72919400429;-1.73616335000869;0.0748244120881226;-23.203167275995;4.23003916398253e-119;2.89151972899463e-118;groS;10 kDa chaperonin;Down in serum
AENJPLPP_00625;954.262150198898;2.01517779296344;0.0875610287752238;23.0145513495115;3.33299665070399e-117;2.27299443720141e-116;;hypothetical protein;Up in serum
AENJPLPP_02554;13789.8391254313;1.17621570304081;0.0512783200306237;22.9378751553945;1.94709781851922e-116;1.32475440362803e-115;ponA_2;Penicillin-binding protein 1A/1B;Up in serum
AENJPLPP_02487;4600.92548398456;-1.66918374898451;0.0727987954917751;-22.9287275662837;2.40252858292611e-116;1.63080728053166e-115;cggR;Central glycolytic genes regulator;Down in serum
AENJPLPP_00885;3006.1435963231;-1.45525520242898;0.0635929840516867;-22.8838955134766;6.72215326890434e-116;4.55230472536033e-115;rfbB;dTDP-glucose 4%2C6-dehydratase;Down in serum
AENJPLPP_00978;2006.43728211411;1.54493112678934;0.0675277113286506;22.8784760565972;7.61140732408266e-116;5.14255641014587e-115;;hypothetical protein;Up in serum
AENJPLPP_02413;4590.63137404809;1.51340321484151;0.0661906989589449;22.8642881650216;1.05356290890077e-115;7.10179442296076e-115;;hypothetical protein;Up in serum
AENJPLPP_00231;386.799392802502;-3.050376831074;0.133466434601869;-22.8550110008804;1.30298095388907e-115;8.76277260444566e-115;;hypothetical protein;Down in serum
AENJPLPP_00941;329.227883756178;5.6885860002622;0.249111355611985;22.8355146086665;2.03583296812267e-115;1.36597824957908e-114;;hypothetical protein;Up in serum
AENJPLPP_01230;5122.07755865905;1.36718086691094;0.0599177848839225;22.8176136611117;3.06578427483539e-115;2.05231351915417e-114;;hypothetical protein;Up in serum
AENJPLPP_02475;3579.752908013;1.68512259233821;0.0739497282484329;22.7874075030685;6.11288778856526e-115;4.08273606428946e-114;gloA;Lactoylglutathione lyase;Up in serum
AENJPLPP_00209;1234.18391184397;-1.7103511687461;0.0751107855083574;-22.7710462241909;8.88009353606337e-115;5.91735294668571e-114;aroF;Phospho-2-dehydro-3-deoxyheptonate aldolase;Down in serum
AENJPLPP_02665;4307.65445632815;1.41655199994222;0.0622271834132458;22.7641992171655;1.03812547103274e-114;6.90187527773365e-114;phoR_3;Alkaline phosphatase synthesis sensor protein PhoR;Up in serum
AENJPLPP_00886;2675.3899345474;-1.56184767612523;0.0687144727962971;-22.7295300766594;2.28770514519469e-114;1.51749370906764e-113;ispD;2-C-methyl-D-erythritol 4-phosphate cytidylyltransferase;Down in serum
AENJPLPP_00483;51687.5767071483;1.46496535343784;0.0645092423665425;22.7093870536238;3.61854122384909e-114;2.39481637360195e-113;tkt;Transketolase;Up in serum
AENJPLPP_00498;1979.12911087543;-2.04854579452812;0.0902802814735075;-22.6909548917308;5.50299811878312e-114;3.63372574192663e-113;;hypothetical protein;Down in serum
AENJPLPP_00991;3764.07544108194;-1.41349926423295;0.0622993682741706;-22.6888217872827;5.77643440560621e-114;3.80565090251703e-113;yycJ;Putative metallo-hydrolase YycJ;Down in serum
AENJPLPP_01651;1274.13718300806;-1.84647298701901;0.0816136063650263;-22.6245729022247;2.48356213467605e-113;1.63253565150714e-112;;Deoxyguanosine kinase;Down in serum
AENJPLPP_02412;2053.52870913619;-1.54602998427934;0.0683970343990284;-22.603757573169;3.98019994448069e-113;2.61043744106481e-112;endA;DNA-entry nuclease;Down in serum
AENJPLPP_00056;902.579208335989;1.93815442724567;0.0857714327521139;22.5967360583457;4.66612751460098e-113;3.05342996011642e-112;;hypothetical protein;Up in serum
AENJPLPP_00876;486.458414853322;-2.62650921140894;0.116574040610484;-22.5308241668063;2.07067700860098e-112;1.35197566122109e-111;pbpX_1;Putative penicillin-binding protein PbpX;Down in serum
AENJPLPP_02490;42829.9697170244;-1.44889838988854;0.0643745293637786;-22.5073240023373;3.51878953089472e-112;2.29233000312425e-111;tpiA;Triosephosphate isomerase;Down in serum
AENJPLPP_02993;5857.53644787672;1.93213660886405;0.0861014650807489;22.4402291767281;1.59421243407754e-111;1.0362380821504e-110;;hypothetical protein;Up in serum
AENJPLPP_01858;1780.7957712837;1.62438397382396;0.0725143788994583;22.4008534373049;3.86110939899346e-111;2.50413153003763e-110;argR_2;Arginine repressor;Up in serum
AENJPLPP_00714;1930.95016855611;-1.764786951168;0.0789009156072453;-22.367128918412;8.22636767654978e-111;5.32337392758065e-110;;hypothetical protein;Down in serum
AENJPLPP_01598;3595.82821080517;-1.51572003242802;0.0677698862259018;-22.36568654366;8.4966293743224e-111;5.48607200399708e-110;udk;Uridine kinase;Down in serum
AENJPLPP_00040;796.650867155612;1.8914617294421;0.0847105135964257;22.3285357287919;1.95219364853904e-110;1.25769643905878e-109;;hypothetical protein;Up in serum
AENJPLPP_01076;569.784415266178;-2.43596432931254;0.109132321063494;-22.3211996736996;2.30034116993156e-110;1.47871820901561e-109;;Putative 3-methyladenine DNA glycosylase;Down in serum
AENJPLPP_01148;434.086291007284;-2.66742814273203;0.119676390886553;-22.2886746748622;4.75871605713505e-110;3.05228659876151e-109;;hypothetical protein;Down in serum
AENJPLPP_00975;273.012610989582;4.96990840432708;0.22300472828216;22.2861122390141;5.03897367795564e-110;3.22494315389161e-109;;hypothetical protein;Up in serum
AENJPLPP_01954;2273.67575793538;2.03935727445797;0.0917224268357101;22.2340091165577;1.61085855838826e-109;1.02868862325145e-108;licT_2;Transcription antiterminator LicT;Up in serum
AENJPLPP_02771;1126.20625427151;1.70402688806998;0.0766446779274474;22.2328142559752;1.65431438907203e-109;1.05412768073912e-108;;hypothetical protein;Up in serum
AENJPLPP_00589;18510.8958872864;9.00277585849271;0.405085474635871;22.2243857708925;1.99594522223086e-109;1.26903766094679e-108;purC;Phosphoribosylaminoimidazole-succinocarboxamide synthase;Up in serum
AENJPLPP_01898;1962.70378793419;-1.45708060179534;0.0657234578861741;-22.1698712858177;6.71020044142742e-109;4.25710319944154e-108;iscS_1;Cysteine desulfurase IscS;Down in serum
AENJPLPP_00111;755.332971039104;-2.17765995743356;0.098245981293714;-22.1653845659424;7.41340867399468e-109;4.69301001275489e-108;tsaB;tRNA threonylcarbamoyladenosine biosynthesis protein TsaB;Down in serum
AENJPLPP_01733;732.330037274068;2.11030872027214;0.0952439164919194;22.1568872637779;8.95294115077112e-109;5.65530686139816e-108;;hypothetical protein;Up in serum
AENJPLPP_02565;562.44183716016;2.26997188618462;0.102604493125553;22.1235134742778;1.87723638666822e-108;1.18322778311209e-107;licH;putative 6-phospho-beta-glucosidase;Up in serum
AENJPLPP_01649;983.042718927552;-1.79199811914125;0.0811935694036033;-22.0706902320484;6.04615217647133e-108;3.80267713561221e-107;;hypothetical protein;Down in serum
AENJPLPP_01617;3306.99431789924;-1.61619956899244;0.0733589985045165;-22.0313744999249;1.44132832825274e-107;9.04557778420686e-107;kimA;Potassium transporter KimA;Down in serum
AENJPLPP_02830;514.336792364074;-2.47051336745942;0.112203763693263;-22.0180971309767;1.93207790932821e-107;1.20993782192769e-106;gmuE_5;Putative fructokinase;Down in serum
AENJPLPP_00163;5465.76714438936;-1.23949361816352;0.0564338753689962;-21.9636452407179;6.41415036183123e-107;4.00815576258639e-106;;D-aspartate ligase;Down in serum
AENJPLPP_01855;819.914894035304;-1.87925944187578;0.085848908044626;-21.8903126979659;3.21302610490034e-106;2.00349722001494e-105;thiO;Glycine oxidase;Down in serum
AENJPLPP_02340;1151.49618482242;-1.78667566140564;0.081672467451762;-21.8761072996956;4.38732359236057e-106;2.72989023524658e-105;rsmF;Ribosomal RNA small subunit methyltransferase F;Down in serum
AENJPLPP_01732;1028.80991956604;1.74644354254393;0.0799898693288668;21.8333091077281;1.12010953047236e-105;6.95470992054477e-105;npr_1;NADH peroxidase;Up in serum
AENJPLPP_00611;269.212801989605;3.64998352642371;0.167180502812976;21.8325909122724;1.13784891071602e-105;7.04982133618094e-105;dcuS_2;Sensor histidine kinase DcuS;Up in serum
AENJPLPP_02673;11810.154076718;-2.08556556093396;0.095666956125383;-21.8002709127755;2.30647846502693e-105;1.42600112317589e-104;rpsP;30S ribosomal protein S16;Down in serum
AENJPLPP_01411;2393.11929512579;-1.39239043104819;0.0639062284822205;-21.7880238611729;3.01378129828821e-105;1.85934981792697e-104;soj_1;Sporulation initiation inhibitor protein Soj;Down in serum
AENJPLPP_01514;293.086735387418;3.35867130199103;0.155112107884561;21.6531858653527;5.67207541994433e-104;3.49198385261689e-103;;hypothetical protein;Up in serum
AENJPLPP_01801;316.095361107309;3.80291510669273;0.17578532311078;21.6338602074085;8.62547077496365e-104;5.29902339592704e-103;rbsD;D-ribose pyranase;Up in serum
AENJPLPP_01164;951.421454714623;-1.94319012694413;0.0898556952340317;-21.6256757224241;1.02998037789475e-103;6.31432181143056e-103;;hypothetical protein;Down in serum
AENJPLPP_02271;931.404761856526;-1.87399513818438;0.0868163953003725;-21.5857284986392;2.44603574692217e-103;1.49639833929356e-102;prmC;Release factor glutamine methyltransferase;Down in serum
AENJPLPP_01797;4313.31193986207;-1.43819986532359;0.0668465329097951;-21.5149507793373;1.12799052659586e-102;6.88618116026657e-102;bceB_1;Bacitracin export permease protein BceB;Down in serum
AENJPLPP_00872;2930.04077317343;-1.36318265634572;0.063591667163318;-21.4364981632696;6.10374145541582e-102;3.71842994103993e-101;liaS;Sensor histidine kinase LiaS;Down in serum
AENJPLPP_00215;2170.00249080405;-1.59432865818925;0.0744078959801978;-21.4268746238107;7.50521201973015e-102;4.56266751596121e-101;pheA;Bifunctional chorismate mutase/prephenate dehydratase;Down in serum
AENJPLPP_00638;5319.56624777418;1.48381010561002;0.0694415014696204;21.3677710620811;2.66557787622992e-101;1.61711724491282e-100;;hypothetical protein;Up in serum
AENJPLPP_01272;361.5510162172;-2.71774654985222;0.127197122999384;-21.3664152597648;2.74410124342311e-101;1.66129372574805e-100;;hypothetical protein;Down in serum
AENJPLPP_00947;239.148419678849;4.42466479695057;0.207589959075674;21.3144451526079;8.3389954592655e-101;5.03799891646911e-100;;hypothetical protein;Up in serum
AENJPLPP_02087;1029.62503600053;-1.71831520263739;0.081046019789205;-21.2017222697254;9.20649798172713e-100;5.55058429043259e-99;;hypothetical protein;Down in serum
AENJPLPP_00409;2719.07334440964;-1.39089329172534;0.0656211532000903;-21.1958068990995;1.04393873869556e-99;6.2808876179369e-99;;hypothetical protein;Down in serum
AENJPLPP_00386;3193.41576915716;1.29898842483497;0.0613614091377127;21.1694686137287;1.82604618619199e-99;1.09638072045177e-98;malL_1;Oligo-1%2C6-glucosidase;Up in serum
AENJPLPP_02163;312.732052241426;2.97550539691719;0.1407363067274;21.1424149610563;3.24064277851195e-99;1.94171847140469e-98;;hypothetical protein;Up in serum
AENJPLPP_00092;11464.7983185836;-1.18440173335562;0.0562167659457895;-21.0684786545308;1.54826201968002e-98;9.25778029016061e-98;asnB;Asparagine synthetase [glutamine-hydrolyzing] 1;Down in serum
AENJPLPP_01536;1314.41547915719;1.84832565891978;0.0877525965421704;21.062917016154;1.74116713392454e-98;1.03899153565333e-97;yueI;putative protein YueI;Up in serum
AENJPLPP_02269;1489.35031844783;-1.60055863618643;0.0760177676712109;-21.055059694848;2.05524351353572e-98;1.22389961378651e-97;tdk;Thymidine kinase;Down in serum
AENJPLPP_00720;3469.57926645351;-1.24187312367261;0.0590281272033467;-21.0386672000361;2.90426491893739e-98;1.72596315182565e-97;mvaS;Hydroxymethylglutaryl-CoA synthase;Down in serum
AENJPLPP_01606;1022.67801184436;1.82662926457552;0.0869142637270398;21.0164498466233;4.63858273318271e-98;2.75102910774502e-97;ubiB;putative protein kinase UbiB;Up in serum
AENJPLPP_02308;1023.96800666066;1.82551695870798;0.0868960386654251;21.008057291734;5.53533998509175e-98;3.27620122694861e-97;msmX;Oligosaccharides import ATP-binding protein MsmX;Up in serum
AENJPLPP_01642;915.022976256274;1.85395075961523;0.0883367777620294;20.9873034378681;8.56701816410204e-98;5.06027523202133e-97;kdgA;KHG/KDPG aldolase;Up in serum
AENJPLPP_00902;5193.97216700702;-1.350363652149;0.0643697498116154;-20.9782336594592;1.03673257084205e-97;6.11126568075311e-97;rfbA;Glucose-1-phosphate thymidylyltransferase 1;Down in serum
AENJPLPP_01406;23553.9192171607;1.18392985130618;0.0564898019711975;20.9582935325181;1.576379144026e-97;9.27356781293681e-97;guaB;Inosine-5'-monophosphate dehydrogenase;Up in serum
AENJPLPP_01470;44073.7552054688;-1.65287909202652;0.0790764061996985;-20.902304131682;5.10218252227353e-97;2.99547490017349e-96;gpmA_3;2%2C3-bisphosphoglycerate-dependent phosphoglycerate mutase;Down in serum
AENJPLPP_00248;5551.10889391182;1.16551473675245;0.0557752034589455;20.8966469770094;5.74407804051454e-97;3.36554431669584e-96;dnaI_2;Primosomal protein DnaI;Up in serum
AENJPLPP_01546;2604.37162385126;1.33280656629094;0.0639287219366877;20.8483217857991;1.57862761948925e-96;9.23085065853956e-96;;hypothetical protein;Up in serum
AENJPLPP_02309;431.319654220922;2.30053352738279;0.110365543765231;20.8446717054778;1.70373271447271e-96;9.94242417744397e-96;mgsA;Methylglyoxal synthase;Up in serum
AENJPLPP_00352;486.009718099479;-2.36405918922525;0.113593352951904;-20.8115979306132;3.39827279161007e-96;1.9791540738337e-95;;hypothetical protein;Down in serum
AENJPLPP_00716;452.928940817889;2.55672593825642;0.122917406565126;20.8003570015267;4.29599684841796e-96;2.49699457536788e-95;;hypothetical protein;Up in serum
AENJPLPP_01560;714.294145947722;-1.94251435105115;0.0934559674823076;-20.7853431234222;5.87428121934484e-96;3.40755117743669e-95;nirC;Nitrite transporter NirC;Down in serum
AENJPLPP_02414;8232.70517524255;1.51606080852653;0.072957175644425;20.7801466426748;6.54584000529249e-96;3.78955985992281e-95;yrrK;Putative pre-16S rRNA nuclease;Up in serum
AENJPLPP_00118;611.826045107653;-2.26237211312017;0.108954831946908;-20.7643118959844;9.10215804701612e-96;5.25902464938709e-95;arcC1;Carbamate kinase 1;Down in serum
AENJPLPP_01195;26668.1944116882;-1.10614830514341;0.0533045712056238;-20.7514717804672;1.1889563395133e-95;6.85592249636186e-95;lysS;Lysine--tRNA ligase;Down in serum
AENJPLPP_00586;55094.4759169767;8.89734451942411;0.428896398273032;20.7447405836226;1.36760142144638e-95;7.87046509733572e-95;purL;Phosphoribosylformylglycinamidine synthase subunit PurL;Up in serum
AENJPLPP_00238;9470.41765183134;-1.13532335419927;0.0548176521668272;-20.7109080619528;2.76200730632136e-95;1.58638368363073e-94;murC;UDP-N-acetylmuramate--L-alanine ligase;Down in serum
AENJPLPP_00249;4393.06060259094;1.34150665922233;0.0649172840611376;20.6648611170937;7.17632270093211e-95;4.11367159549494e-94;;hypothetical protein;Up in serum
AENJPLPP_01438;2225.06644896692;1.4310449471573;0.0695124990446409;20.5868723873427;3.59862092324011e-94;2.05877880716605e-93;pox5;Pyruvate oxidase;Up in serum
AENJPLPP_00928;234.761910578235;5.01649804810984;0.244130820242753;20.5484012347218;7.95398547179414e-94;4.54156974389501e-93;;hypothetical protein;Up in serum
AENJPLPP_01098;11727.1307623077;1.15947991216105;0.0564514819088146;20.5394061051212;9.57259180358832e-94;5.45506601409964e-93;prsA_2;Foldase protein PrsA;Up in serum
AENJPLPP_02968;760.304637645974;1.91385451622139;0.0933143776219899;20.509749569078;1.76199190312718e-93;1.00213289490358e-92;;IS6 family transposase IS1297;Up in serum
AENJPLPP_01009;281.269538276505;3.03180945479666;0.147934367708605;20.4942874448796;2.42104754882267e-93;1.37428663979954e-92;;hypothetical protein;Up in serum
AENJPLPP_02098;8553.79683673504;1.2773809715563;0.0623676702057533;20.4814604640862;3.15068853728032e-93;1.78498152150979e-92;manX_2;PTS system mannose-specific EIIAB component;Up in serum
AENJPLPP_00117;2381.5835790726;-1.66778084183285;0.081463245544685;-20.4728013312214;3.76352524940322e-93;2.12803602451693e-92;arcB;Ornithine carbamoyltransferase%2C catabolic;Down in serum
AENJPLPP_00884;2315.50105904995;-1.45059098134704;0.0709693051217975;-20.4396954268826;7.42007688378183e-93;4.18745424139005e-92;arnC_1;Undecaprenyl-phosphate 4-deoxy-4-formamido-L-arabinose transferase;Down in serum
AENJPLPP_02185;240.379781773218;3.48515521137833;0.170546290100034;20.435244937513;8.12839017458969e-93;4.57831183528147e-92;;hypothetical protein;Up in serum
AENJPLPP_01237;1115.3368563457;-1.71237032614693;0.0838430651049234;-20.4235177233087;1.03347700437583e-92;5.8098166732479e-92;znuA;High-affinity zinc uptake system binding-protein ZnuA;Down in serum
AENJPLPP_00143;971.161459569806;-1.83687618878904;0.0899743868862511;-20.4155454942003;1.21665660012054e-92;6.826404661948e-92;ribF;Bifunctional riboflavin kinase/FMN adenylyltransferase;Down in serum
AENJPLPP_01031;2815.54103231666;1.40117630773223;0.0686563150425394;20.408556836528;1.40368398436843e-92;7.8606303124632e-92;;hypothetical protein;Up in serum
AENJPLPP_01033;686.673404350006;-1.87946957882317;0.0922118068429877;-20.3820925233947;2.41123691704135e-92;1.34770094096438e-91;ytlR;Putative lipid kinase YtlR;Down in serum
AENJPLPP_01412;1357.75984604503;-1.54287122494587;0.0757871081099184;-20.3579640841838;3.94644713394293e-92;2.20154292223023e-91;rsmG;Ribosomal RNA small subunit methyltransferase G;Down in serum
AENJPLPP_01859;2507.66857456885;1.44995843209128;0.0713062536263948;20.3342394018939;6.40245174961409e-92;3.56480678678322e-91;algC;Phosphomannomutase/phosphoglucomutase;Up in serum
AENJPLPP_02459;4750.3608956428;1.1301116398426;0.055629625353921;20.3149245146399;9.4895746155853e-92;5.27359566423366e-91;yhaP;putative protein YhaP;Up in serum
AENJPLPP_02707;604.387788614355;-2.02384269202233;0.0996316414453799;-20.3132525236156;9.8182281530349e-92;5.44584388221669e-91;;IS3 family transposase ISEfa8;Down in serum
AENJPLPP_00911;6333.05367005833;1.11835404135239;0.055275410461471;20.2323968653642;5.07739010536459e-91;2.8109049404604e-90;pepS;Aminopeptidase PepS;Up in serum
AENJPLPP_01669;5381.407490712;1.19847852541518;0.0592806671519914;20.2170215517712;6.9345431038469e-91;3.83176271696436e-90;pepA;Glutamyl aminopeptidase;Up in serum
AENJPLPP_00961;215.855634865154;3.91069899753637;0.193458266115956;20.2146906206238;7.26996649023105e-91;4.00949667036985e-90;;hypothetical protein;Up in serum
AENJPLPP_02895;709.463335644082;1.8010643422915;0.0892284787878416;20.1848598873224;1.33004174873732e-90;7.32151525958996e-90;hisK;Histidinol-phosphatase;Up in serum
AENJPLPP_02146;964.163349597136;2.52315826137667;0.125037824450161;20.1791599659699;1.49261147988814e-90;8.20091439515899e-90;;hypothetical protein;Up in serum
AENJPLPP_01799;12478.7515573469;1.03485811319754;0.0513813109155282;20.1407495207521;3.2438993733217e-90;1.77895197271427e-89;;hypothetical protein;Up in serum
AENJPLPP_00255;1448.82552520446;-1.64220214355145;0.0816769430552988;-20.1060676626892;6.53000929754684e-90;3.57432087865722e-89;dagK_2;Diacylglycerol kinase;Down in serum
AENJPLPP_01055;8338.05479801311;1.32367334918301;0.0658429814950551;20.1034843673113;6.87899665053509e-90;3.75828109687771e-89;mecA;Adapter protein MecA 1;Up in serum
AENJPLPP_01080;1160.37964570914;1.93727891892417;0.0964886578994992;20.0777890489679;1.15418645566275e-89;6.29399055971897e-89;;hypothetical protein;Up in serum
AENJPLPP_01995;2780.33051116828;-1.28285319633675;0.0639459991968157;-20.0615083421925;1.60151655219402e-89;8.71703962614764e-89;;hypothetical protein;Down in serum
AENJPLPP_02374;414.227303381266;2.45899688094687;0.122631485339626;20.0519212022648;1.94198998047985e-89;1.05505127297711e-88;rex_1;Redox-sensing transcriptional repressor Rex;Up in serum
AENJPLPP_00608;3394.98447526807;1.27982480085734;0.0638300549752805;20.0505044426638;1.9980890895825e-89;1.08350752865256e-88;yqiK;Inner membrane protein YqiK;Up in serum
AENJPLPP_01570;2114.17497162439;1.29122539078162;0.0644350532453754;20.0391762828922;2.50885076335261e-89;1.35795045034996e-88;msrB;Peptide methionine sulfoxide reductase MsrB;Up in serum
AENJPLPP_00128;2162.1173880366;-1.27167045844344;0.0635578163078783;-20.0080892062651;4.68256417599136e-89;2.52980090547066e-88;uppS;Ditrans%2Cpolycis-undecaprenyl-diphosphate synthase ((2E%2C6E)-farnesyl-diphosphate specific);Down in serum
AENJPLPP_01526;4453.60358816024;1.54503519577304;0.0772244023139339;20.0070851891108;4.77781703846988e-89;2.57648207704153e-88;oppD_1;Oligopeptide transport ATP-binding protein OppD;Up in serum
AENJPLPP_00802;46524.7468930696;-1.37973572705231;0.0690070404299155;-19.9941298519184;6.19500249964224e-89;3.33453738982592e-88;pyk;Pyruvate kinase;Down in serum
AENJPLPP_02282;4572.77097486406;-1.2340419332151;0.0617629350952803;-19.9802993706723;8.17323065871318e-89;4.39122650888797e-88;cna;Collagen adhesin;Down in serum
AENJPLPP_02887;427.642486438082;2.741186335461;0.137683150736188;19.9093812191539;3.3745717744128e-88;1.80971510259485e-87;;hypothetical protein;Up in serum
AENJPLPP_00245;1669.84225805293;1.35943550016453;0.068444535540271;19.8618558725506;8.70343127719778e-88;4.6588955660294e-87;nrdR;Transcriptional repressor NrdR;Up in serum
AENJPLPP_02030;5874.52160079937;-1.14849495740371;0.0578742071701579;-19.8446771638182;1.22512966252513e-87;6.54601390325353e-87;dgaR_1;Transcriptional regulatory protein DagR;Down in serum
AENJPLPP_00645;5488.64059731706;-1.09093487837277;0.0552520639261852;-19.7446900776452;8.91098853559387e-87;4.7525272189834e-86;ppaC;putative manganese-dependent inorganic pyrophosphatase;Down in serum
AENJPLPP_00744;465.599761584563;2.30934481449143;0.116982138883161;19.7410035116382;9.58552619833911e-87;5.10293460503903e-86;;hypothetical protein;Up in serum
AENJPLPP_01608;4865.36498640989;-1.18565402387057;0.0601015417297611;-19.7275142990792;1.2517578831994e-86;6.65167692678219e-86;ddl;D-alanine--D-alanine ligase;Down in serum
AENJPLPP_02240;2732.33113942488;-1.47217906496299;0.0749786084568259;-19.6346544069393;7.82110951223019e-86;4.14846464473849e-85;azoR;FMN-dependent NADH-azoreductase;Down in serum
AENJPLPP_02678;10846.1110950771;-1.83179133534871;0.0933168505625705;-19.629802380873;8.60487058115343e-86;4.55588784223978e-85;rplS;50S ribosomal protein L19;Down in serum
AENJPLPP_00569;8854.78559215513;-1.19182157569443;0.0607532304944804;-19.6174189585311;1.09787727651948e-85;5.80221166828443e-85;;hypothetical protein;Down in serum
AENJPLPP_02371;1727.47617559005;-1.3587355237377;0.06940099269733;-19.578041623459;2.37996054727118e-85;1.25551541914016e-84;iscS_2;Cysteine desulfurase IscS;Down in serum
AENJPLPP_01197;2091.3421764438;-1.50142783075319;0.0769101102221895;-19.5218525420864;7.15947577758091e-85;3.77005306768817e-84;hslO;33 kDa chaperonin;Down in serum
AENJPLPP_01374;47434.9245703767;-1.09246788143587;0.0560773729646044;-19.4814382999972;1.57784104058011e-84;8.29363377286872e-84;rpoC;DNA-directed RNA polymerase subunit beta';Down in serum
AENJPLPP_00910;653.434661046126;1.80525208182733;0.0928376706527137;19.4452539484796;3.19688038685852e-84;1.67735417775352e-83;;hypothetical protein;Up in serum
AENJPLPP_00160;20911.3271116751;-1.04240375396929;0.0537353419080133;-19.3988484478934;7.89194233487631e-84;4.13333382718702e-83;mltF_1;Membrane-bound lytic murein transglycosylase F;Down in serum
AENJPLPP_02823;5090.81322595587;1.16688112411594;0.0605056337190326;19.2854954554239;7.11055119258693e-83;3.71740126980487e-82;;IS66 family transposase ISCth11;Up in serum
AENJPLPP_02960;205.780217131821;5.15283956926986;0.268185063451062;19.2137455492936;2.84016068319774e-82;1.48217704470821e-81;manX_6;PTS system mannose-specific EIIAB component;Up in serum
AENJPLPP_02535;2204.32771502453;1.2381538175692;0.0644867677667279;19.2001221405305;3.69222789754429e-82;1.9233931373254e-81;;hypothetical protein;Up in serum
AENJPLPP_00628;725.084541290547;1.84619906677697;0.0962675435384986;19.1777934588998;5.67375727496454e-82;2.95035378298156e-81;ycfH;putative metal-dependent hydrolase YcfH;Up in serum
AENJPLPP_01414;712.945986812308;-1.69557988589791;0.0885784724628711;-19.1421215421009;1.12590894645002e-81;5.8442902888814e-81;mnmE_1;tRNA modification GTPase MnmE;Down in serum
AENJPLPP_00135;1742.52171808104;-1.51971286984059;0.0794111179599028;-19.1372808856305;1.23551875924213e-81;6.40183385571725e-81;;hypothetical protein;Down in serum
AENJPLPP_02079;2023.80916269513;-1.49269130609379;0.0780208368246473;-19.1319571392015;1.36839088895447e-81;7.07771628532047e-81;;hypothetical protein;Down in serum
AENJPLPP_00644;902.331183711831;-1.65655391765397;0.0865988082617354;-19.1290613682259;1.44655322793265e-81;7.46872872294305e-81;;hypothetical protein;Down in serum
AENJPLPP_01776;853.683334483102;1.66411830951961;0.0870002688290887;19.1277375566363;1.48375327292298e-81;7.64723810752514e-81;;hypothetical protein;Up in serum
AENJPLPP_01375;49251.4230211433;-1.04072110760452;0.0544942601629556;-19.0978114849605;2.63294354415569e-81;1.35461689056208e-80;rpoB;DNA-directed RNA polymerase subunit beta;Down in serum
AENJPLPP_01587;968.479672355244;-1.64363858790094;0.0860952006069958;-19.090943238564;3.0029798543551e-81;1.5422711350762e-80;def_2;Peptide deformylase;Down in serum
AENJPLPP_00535;3057.99107653188;1.55296250013297;0.0815579716386544;19.041210428987;7.77107834231682e-81;3.98404579803285e-80;;hypothetical protein;Up in serum
AENJPLPP_01254;1148.03721265603;-1.54725855540987;0.0813075029278219;-19.0297143522339;9.67787851286376e-81;4.9528967011352e-80;mrnC;Mini-ribonuclease 3;Down in serum
AENJPLPP_02550;1259.00917900074;1.35741717503694;0.0713534955470056;19.0238356878075;1.08265562177598e-80;5.53104065019591e-80;;hypothetical protein;Up in serum
AENJPLPP_00899;5213.75044308659;-1.05092449740023;0.0552734989403898;-19.0131711859532;1.32683642650537e-80;6.76663340452478e-80;rmlD;dTDP-4-dehydrorhamnose reductase;Down in serum
AENJPLPP_00450;2647.90777669571;1.21541862330974;0.0642314905531847;18.922472650753;7.44771028466177e-80;3.79156159946417e-79;;hypothetical protein;Up in serum
AENJPLPP_02537;3255.7762887707;1.15348115551322;0.0612575265515791;18.8300315152618;4.28505694791557e-79;2.17767641052882e-78;pstB3_1;Phosphate import ATP-binding protein PstB 3;Up in serum
AENJPLPP_02367;1386.45092138071;1.39649404103159;0.074274064743065;18.8019067740867;7.28497861870579e-79;3.68936656307326e-78;;hypothetical protein;Up in serum
AENJPLPP_00929;196.948443800582;3.67813820163971;0.195751237669594;18.7898592388365;9.14215336991075e-79;4.62186642589932e-78;;hypothetical protein;Up in serum
AENJPLPP_00157;4352.85116682196;-1.63712183337323;0.0874032355134832;-18.7306776889361;2.78350124093378e-78;1.40477566960124e-77;dnaJ;Chaperone protein DnaJ;Down in serum
AENJPLPP_02362;365.471006930274;2.25595730624689;0.12055536606051;18.7130393276278;3.8762543172885e-78;1.9528810678104e-77;;hypothetical protein;Up in serum
AENJPLPP_02616;5129.1369770459;-1.10832288036971;0.059251456944634;-18.7054114366395;4.47267492756859e-78;2.24946966996196e-77;dacA;D-alanyl-D-alanine carboxypeptidase DacA;Down in serum
AENJPLPP_00126;4685.62751790803;-1.37981667188333;0.0739857431506805;-18.6497643076069;1.26835173474271e-77;6.36800043374273e-77;pyrH;Uridylate kinase;Down in serum
AENJPLPP_01419;1092.11095513679;-1.80066473436566;0.0966600830263909;-18.6288349646258;1.87562698249168e-77;9.40073282791009e-77;rnpA;Ribonuclease P protein component;Down in serum
AENJPLPP_01788;470.112538197555;-2.04935618708063;0.110036355096659;-18.6243554258083;2.03932867987278e-77;1.02036514017002e-76;gltC_2;HTH-type transcriptional regulator GltC;Down in serum
AENJPLPP_02299;3480.54327431564;1.16762682712247;0.0628050340238902;18.5912936004193;3.77951605195716e-77;1.88781316351617e-76;;hypothetical protein;Up in serum
AENJPLPP_01824;7477.39684012198;-1.18109910937587;0.0636355380987372;-18.5603696403616;6.72404210789493e-77;3.35281003736131e-76;efp;Elongation factor P;Down in serum
AENJPLPP_00181;13726.2064869903;-1.16293037491257;0.0626754911395456;-18.5547867877625;7.46027904372893e-77;3.71356112398951e-76;glmS;Glutamine--fructose-6-phosphate aminotransferase [isomerizing];Down in serum
AENJPLPP_00146;248.682443028522;2.74418263664886;0.147913354788511;18.5526360386629;7.76489126440185e-77;3.85859443036488e-76;;hypothetical protein;Up in serum
AENJPLPP_02013;4080.98244064984;-1.26551629931605;0.0682817248232894;-18.533748269997;1.10327124550409e-76;5.46381950154404e-76;murB;UDP-N-acetylenolpyruvoylglucosamine reductase;Down in serum
AENJPLPP_01390;4130.65924226854;-1.26691583906914;0.0684535130115348;-18.5076818315469;1.79041607511691e-76;8.85176843928767e-76;;hypothetical protein;Down in serum
AENJPLPP_01575;9527.26562227727;1.49846859055229;0.0809680490587109;18.506912392884;1.81616948138159e-76;8.96387377929357e-76;;hypothetical protein;Up in serum
AENJPLPP_00879;5134.1316599956;-1.18838121823483;0.0645554318287544;-18.4086944284911;1.11887400520235e-75;5.51296294949109e-75;;hypothetical protein;Down in serum
AENJPLPP_02536;1499.91393950696;1.47724091931925;0.0803260439416837;18.3905598586645;1.56357052882077e-75;7.69107665528054e-75;;hypothetical protein;Up in serum
AENJPLPP_02191;174.985458628104;4.64181627219362;0.253018878084263;18.3457309878979;3.57091385309788e-75;1.75354150762581e-74;;hypothetical protein;Up in serum
AENJPLPP_02768;471.567999907781;2.2734201805233;0.1239853705767;18.3361970041208;4.25545109213436e-75;2.08617400341671e-74;srtA_1;Sortase A;Up in serum
AENJPLPP_02958;203.61175806141;3.37985076195581;0.184888716388288;18.280459878675;1.1842335106045e-74;5.79577812248788e-74;manZ_8;PTS system mannose-specific EIID component;Up in serum
AENJPLPP_01731;1506.40109663452;1.37155769914341;0.0750539149771116;18.2742992095972;1.32582075128101e-74;6.47783561699713e-74;hchA;Protein/nucleic acid deglycase 1;Up in serum
AENJPLPP_01067;12800.5929575719;-1.08622238432485;0.0595397210544738;-18.2436592763183;2.32368378447097e-74;1.13342833842202e-73;aspS;Aspartate--tRNA ligase;Down in serum
AENJPLPP_00631;614.689963150013;1.71494259340913;0.0941040264892571;18.2239023917314;3.33500299684953e-74;1.62400145933542e-73;ribX;Riboflavin transport system permease protein RibX;Up in serum
AENJPLPP_01905;373.54254334771;2.14241994829875;0.117750759082462;18.1945319503068;5.70241450685002e-74;2.77219216092609e-73;sbnD_2;Staphyloferrin B transporter;Up in serum
AENJPLPP_01609;3485.24704087244;-1.19297599178171;0.065600028106014;-18.1856018392825;6.71146333255917e-74;3.25729687073539e-73;murF;UDP-N-acetylmuramoyl-tripeptide--D-alanyl-D-alanine ligase;Down in serum
AENJPLPP_00612;209.596065466776;3.11860314212737;0.171711476660012;18.1618794665787;1.03422638097283e-73;5.01109354641077e-73;dcuR;Transcriptional regulatory protein DcuR;Up in serum
AENJPLPP_02016;1367.0826779648;1.37444471326133;0.0757650554039225;18.1408791418923;1.51586856391075e-73;7.33257351845199e-73;;hypothetical protein;Up in serum
AENJPLPP_00492;6762.75750199269;1.2439807730401;0.0686219379920363;18.1280332418543;1.91486308015862e-73;9.24723265244095e-73;;hypothetical protein;Up in serum
AENJPLPP_00212;1993.92281785412;-1.16686820353667;0.0643693357038985;-18.127703055758;1.92639387488402e-73;9.28751484050042e-73;;hypothetical protein;Down in serum
AENJPLPP_02089;1804.10509952153;-1.28317943497571;0.0708176493554056;-18.1194864084791;2.23673145843221e-73;1.0765887614801e-72;trmR;tRNA 5-hydroxyuridine methyltransferase;Down in serum
AENJPLPP_01306;2074.59825755421;1.21695994489508;0.0672151396075854;18.105443981816;2.88674401572595e-73;1.38716148082408e-72;;hypothetical protein;Up in serum
AENJPLPP_02488;109835.597613723;-1.3231377653479;0.0731000679670261;-18.1003629975383;3.16574616151018e-73;1.51872369395678e-72;gap_2;Glyceraldehyde-3-phosphate dehydrogenase;Down in serum
AENJPLPP_01441;407.329406586483;-2.02662160848932;0.112086074146602;-18.0809402409671;4.50337122074253e-73;2.15687779519774e-72;;Potassium channel;Down in serum
AENJPLPP_02077;4069.01620950135;1.07663022044918;0.0595759015983543;18.0715724238225;5.33706808607973e-73;2.5519773836887e-72;bceB_2;Bacitracin export permease protein BceB;Up in serum
AENJPLPP_01291;1838.481517509;-1.33083995631686;0.0737283596815946;-18.0505840909016;7.80608404464543e-73;3.72644536688647e-72;yadG;putative ABC transporter ATP-binding protein YadG;Down in serum
AENJPLPP_00587;15528.6254223025;9.12887745254445;0.505959285577629;18.0427115634857;9.00166678582304e-73;4.29015608515822e-72;purQ;Phosphoribosylformylglycinamidine synthase subunit PurQ;Up in serum
AENJPLPP_02186;185.500688594314;5.31661886648271;0.295048782792413;18.0194570408491;1.37082232951835e-72;6.5226055940481e-72;;hypothetical protein;Up in serum
AENJPLPP_02182;298.56163487543;2.37120637164929;0.131917990686294;17.9748520979834;3.0668047579159e-72;1.45685733361355e-71;;hypothetical protein;Up in serum
AENJPLPP_02723;1085.52996853023;1.60107912852891;0.0891799885066337;17.9533453114296;4.51848229817714e-72;2.14296750037326e-71;;IS66 family transposase ISRob1;Up in serum
AENJPLPP_02289;2438.24236338888;-1.24024046509586;0.069233859127883;-17.9137849705155;9.2057339315033e-72;4.35887759488417e-71;rlmN;putative dual-specificity RNA methyltransferase RlmN;Down in serum
AENJPLPP_01968;664.903152491515;-1.73202822195906;0.0967239266311407;-17.9069262620426;1.04129377401389e-71;4.92247965897476e-71;;hypothetical protein;Down in serum
AENJPLPP_00381;215.797389275266;-3.13826129568137;0.175336921668774;-17.8984623763944;1.21222822873402e-71;5.72124570838487e-71;;hypothetical protein;Down in serum
AENJPLPP_01730;937.053893014281;1.45445269532214;0.0814038566583531;17.8671227018935;2.12685164869468e-71;1.0021669904529e-70;;putative oxidoreductase;Up in serum
AENJPLPP_01146;225.985048392185;6.08141057407062;0.340564928556982;17.8568315881449;2.55751226805667e-71;1.20314632061083e-70;;hypothetical protein;Up in serum
AENJPLPP_00213;2437.67549739433;-1.35780518892453;0.0761169459631506;-17.8384086715967;3.55681714369992e-71;1.67055669717003e-70;aroA;3-phosphoshikimate 1-carboxyvinyltransferase;Down in serum
AENJPLPP_02122;2869.5627130805;-1.16464986621575;0.0652896515091673;-17.8382000714496;3.57011846489539e-71;1.67410385986721e-70;murD;UDP-N-acetylmuramoylalanine--D-glutamate ligase;Down in serum
AENJPLPP_00164;6019.23664606526;-1.09050930758872;0.0611652239960108;-17.8289105531575;4.21555642182754e-71;1.97358525729289e-70;;Aspartate racemase;Down in serum
AENJPLPP_01953;2200.47280201731;1.22004449979864;0.0684965712797542;17.8117601655669;5.72798429971432e-71;2.67734996481029e-70;strA;Sortase A;Up in serum
AENJPLPP_01444;766.586677818611;-1.55533260389522;0.0873377962635416;-17.808241911692;6.09958118848709e-71;2.84647122129397e-70;;hypothetical protein;Down in serum
AENJPLPP_01524;6153.96283279342;-1.34075195666873;0.0753351706691576;-17.797158282906;7.43469341466866e-71;3.46397235576242e-70;acpP;Acyl carrier protein;Down in serum
AENJPLPP_02583;803.519762696693;-1.50062419442888;0.0843622290750008;-17.7878679935635;8.77558853843461e-71;4.08219070669674e-70;;hypothetical protein;Down in serum
AENJPLPP_01803;1288.94125971556;-1.2648704853756;0.0713388900576054;-17.7304480677261;2.44081342649447e-70;1.1335962835649e-69;degA_2;HTH-type transcriptional regulator DegA;Down in serum
AENJPLPP_02481;13047.0216816523;-1.17167775653607;0.0662115898468513;-17.6959616774975;4.50474175468941e-70;2.0888229282891e-69;rpoE;putative DNA-directed RNA polymerase subunit delta;Down in serum
AENJPLPP_00136;2920.42805259004;-1.54650615340068;0.0875617272856037;-17.6618963711894;8.24233310863216e-70;3.80978952576775e-69;rplGA;putative ribosomal protein YlxQ;Down in serum
AENJPLPP_00506;864.550883223843;-1.56735076032151;0.0890115872447454;-17.6083901976935;2.12400244255406e-69;9.80205247657278e-69;murI;Glutamate racemase;Down in serum
AENJPLPP_00041;766.356873824949;2.21886497229762;0.126016652467834;17.6077123843929;2.14958645005079e-69;9.90326233128151e-69;;hypothetical protein;Up in serum
AENJPLPP_02653;293.849749620227;2.39643313873984;0.136101974224134;17.6076295175069;2.15273525264464e-69;9.90326233128151e-69;;hypothetical protein;Up in serum
AENJPLPP_01909;1095.06960349621;-1.56112586081471;0.0887800569998088;-17.5841952975776;3.25570570099815e-69;1.49536514216193e-68;yfdH;Prophage bactoprenol glucosyl transferase ;Down in serum
AENJPLPP_02183;173.407695698158;3.50119275958842;0.199167841550974;17.5791068092303;3.56142469950671e-69;1.6332076732226e-68;;hypothetical protein;Up in serum
AENJPLPP_01873;461.952361539829;1.85525635623706;0.105763111588558;17.5416204040443;6.89334641227144e-69;3.15619886046139e-68;araN_1;putative arabinose-binding protein;Up in serum
AENJPLPP_01763;192.553769227242;-3.20970419691091;0.183292425938066;-17.5113847748158;1.17305385841346e-68;5.3625319241758e-68;nhaC_1;Na(+)/H(+) antiporter NhaC;Down in serum
AENJPLPP_00106;952.036207500068;1.45903994554571;0.0834185350867147;17.49059659258;1.68979034268601e-68;7.71264808448537e-68;;hypothetical protein;Up in serum
AENJPLPP_02595;771.575695540233;-1.53800426572645;0.0880559294748721;-17.4662203317646;2.59101158441196e-68;1.18075520090886e-67;;hypothetical protein;Down in serum
AENJPLPP_02161;199.388083475373;3.14238290473943;0.180650105694671;17.3948578256056;9.02503985933621e-68;4.09998690645664e-67;;hypothetical protein;Up in serum
AENJPLPP_00594;9494.64042325574;1.14092047231217;0.065755063512163;17.3510663874749;1.93616469985766e-67;8.78210530527339e-67;;Nucleobase transporter PlUacP;Up in serum
AENJPLPP_02896;501.752919559215;1.79680589387895;0.103678948725151;17.3304794847236;2.77009410365243e-67;1.25451229079874e-66;;hypothetical protein;Up in serum
AENJPLPP_02593;910.377367975609;-1.54952669599264;0.0894265184825181;-17.3273736055772;2.92379052732413e-67;1.32206180365961e-66;pglA;N%2CN'-diacetylbacillosaminyl-diphospho-undecaprenol alpha-1%2C3-N-acetylgalactosaminyltransferase;Down in serum
AENJPLPP_01918;1353.42446735161;-1.51065013313813;0.0872681207189055;-17.3104464802674;3.92360638889877e-67;1.77140183015089e-66;metP_1;Methionine import system permease protein MetP;Down in serum
AENJPLPP_00530;1851.58275606351;1.14448069210437;0.0661954434381225;17.2894180121959;5.65200208589609e-67;2.54777555327081e-66;;hypothetical protein;Up in serum
AENJPLPP_02025;332.706880813887;-2.22094123656406;0.128694664537465;-17.2574460996207;9.83663046418385e-67;4.42724388125245e-66;;hypothetical protein;Down in serum
AENJPLPP_02239;2419.23705564996;1.14408710241958;0.0663176311423082;17.2516280016777;1.08790266025766e-66;4.88884652263935e-66;;hypothetical protein;Up in serum
AENJPLPP_02587;760.086698528187;-1.55161673359489;0.0899617370888696;-17.2475185985138;1.16809449685274e-66;5.24112661761971e-66;ywqE;Tyrosine-protein phosphatase YwqE;Down in serum
AENJPLPP_02259;2304.83223538096;-1.15195934465269;0.0667963902681165;-17.2458322976556;1.20268192237532e-66;5.38801501224144e-66;murT;Lipid II isoglutaminyl synthase (glutamine-hydrolyzing) subunit MurT;Down in serum
AENJPLPP_02157;198.148678387731;3.31152670665331;0.192295367771567;17.2210425296732;1.84632255923796e-66;8.25881918970958e-66;;hypothetical protein;Up in serum
AENJPLPP_02588;1433.46992156063;-1.23871072159195;0.071997144983523;-17.204997807558;2.43586010259495e-66;1.08791788631234e-65;pglF;UDP-N-acetyl-alpha-D-glucosamine C6 dehydratase;Down in serum
AENJPLPP_01139;962.807328304392;-1.44325121807453;0.0838994227537785;-17.2021590936337;2.55818971879291e-66;1.14080374596094e-65;murJ_2;Lipid II flippase MurJ;Down in serum
AENJPLPP_02080;824.064748840389;-1.72515216462141;0.100549364168462;-17.1572657757542;5.54640463254612e-66;2.46959178745784e-65;dltC;D-alanyl carrier protein;Down in serum
AENJPLPP_00312;229.332658026732;6.50082559336558;0.378909764608277;17.1566589213826;5.60465115205221e-66;2.4917166648513e-65;;hypothetical protein;Up in serum
AENJPLPP_01415;1769.76461982378;-1.54510023068807;0.090093506434971;-17.1499622095773;6.28933528476592e-66;2.79185127274975e-65;mnmE_2;tRNA modification GTPase MnmE;Down in serum
AENJPLPP_00550;675.828275161594;1.55767609749394;0.091011655649455;17.115127577654;1.14464644709621e-65;5.07337968636859e-65;comEC;ComE operon protein 3;Up in serum
AENJPLPP_02828;192.861075855356;3.16083656050301;0.185025581315265;17.083240803969;1.97819714259296e-65;8.7545745884965e-65;;IS6 family transposase IS1216V;Up in serum
AENJPLPP_01429;7640.8621650462;-1.57897809956024;0.09269031999407;-17.0349838004794;4.5186678873107e-65;1.99671637144898e-64;rpsR;30S ribosomal protein S18;Down in serum
AENJPLPP_00933;193.882808865988;6.00479111612317;0.352608515703973;17.0296259128478;4.95197680082878e-65;2.18487218848688e-64;;hypothetical protein;Up in serum
AENJPLPP_03063;623.417805875216;1.75124847474707;0.102971806803525;17.0070675567394;7.27911514646019e-65;3.20677508418942e-64;;hypothetical protein;Up in serum
AENJPLPP_01670;2106.23173373545;1.22468199558225;0.0721058249795447;16.9845084766684;1.06945787092759e-64;4.70432223586273e-64;ytpP;Thioredoxin-like protein YtpP;Up in serum
AENJPLPP_02661;542.088741046844;1.74495006599594;0.102947900677572;16.9498363202281;1.92990319257823e-64;8.46367183251175e-64;pstS1_2;Phosphate-binding protein PstS 1;Up in serum
AENJPLPP_01420;743.169051948416;-2.18441427757604;0.129030124422823;-16.9294905925834;2.72730096582684e-64;1.19427073871996e-63;rpmH;50S ribosomal protein L34;Down in serum
AENJPLPP_01243;2203.80229503405;-1.08610296333417;0.0641610562815654;-16.9277600195342;2.80866761344379e-64;1.22805406761987e-63;cinA;Putative competence-damage inducible protein;Down in serum
AENJPLPP_01752;249.955703583028;-2.48551999565379;0.14709671973163;-16.8971816651553;4.71930408184515e-64;2.05727746801393e-63;;hypothetical protein;Down in serum
AENJPLPP_00162;5895.31189130245;1.04458415947575;0.0618323990796676;16.8937996102959;4.99781901923444e-64;2.1754333309433e-63;uvrA;UvrABC system protein A;Up in serum
AENJPLPP_01629;11212.2771000179;1.06580027560432;0.0631738158753927;16.8709181301721;7.36427775548144e-64;3.20071295880029e-63;;hypothetical protein;Up in serum
AENJPLPP_01268;197.375875921211;-3.24961161873816;0.192774254849102;-16.8570830232588;9.30703861385393e-64;4.03906057280815e-63;;hypothetical protein;Down in serum
AENJPLPP_00102;779.834961173944;-1.88409661814791;0.11200648247922;-16.8213176277315;1.7032798834472e-63;7.36991236344466e-63;yqgQ;putative protein YqgQ;Down in serum
AENJPLPP_00959;157.895705294966;3.4965552778995;0.207927206859218;16.8162470448946;1.85546651129631e-63;8.01649626245528e-63;;hypothetical protein;Up in serum
AENJPLPP_00630;829.848475748716;1.39588738478203;0.0830315675310138;16.8115263422028;2.00930385907893e-63;8.66828568538941e-63;thiY;Formylaminopyrimidine-binding protein;Up in serum
AENJPLPP_01224;7686.41710685318;1.11975742851301;0.0666345313040978;16.8044616897328;2.26358162924569e-63;9.75081317213528e-63;rpoZ;DNA-directed RNA polymerase subunit omega;Up in serum
AENJPLPP_01045;3457.48394259778;-1.30113172940799;0.0777571443332308;-16.7332756438682;7.49977688517559e-63;3.225901076755e-62;mgtE;Magnesium transporter MgtE;Down in serum
AENJPLPP_00909;3579.07272793726;-1.13038694687708;0.0678310697600466;-16.6647371311678;2.36526169580435e-62;1.01438027366455e-61;;Flavodoxin;Down in serum
AENJPLPP_01527;5099.2495234205;1.09597884078924;0.0658449265609439;16.6448487078931;3.29798586390768e-62;1.41231394642635e-61;oppF_1;Oligopeptide transport ATP-binding protein OppF;Up in serum
AENJPLPP_00609;939.506280196436;1.61726082462225;0.0973260452007096;16.6169376479551;5.25491662598478e-62;2.24703630174268e-61;yuaF;putative membrane protein YuaF;Up in serum
AENJPLPP_01158;817.241106193979;-1.47881643657106;0.0891295562747364;-16.5917625799987;7.99395115532508e-62;3.41325304461974e-61;;hypothetical protein;Down in serum
AENJPLPP_00323;2785.26221141943;3.36683724355256;0.202963267733853;16.5884067651468;8.4533197759988e-62;3.59884023212113e-61;;hypothetical protein;Up in serum
AENJPLPP_01561;1089.99131168506;-1.46436993217869;0.0883792266068335;-16.569164365888;1.16432570252092e-61;4.94965904487727e-61;;hypothetical protein;Down in serum
AENJPLPP_01528;2577.72293894728;1.09064168389426;0.0660369276541675;16.5156333378485;2.83172623465461e-61;1.20203889144522e-60;gsiC;Glutathione transport system permease protein GsiC;Up in serum
AENJPLPP_01138;1941.48490415987;-1.15375770109278;0.0699360618424627;-16.4973215633978;3.83531191793346e-61;1.62568097598577e-60;rluB_2;Ribosomal large subunit pseudouridine synthase B;Down in serum
AENJPLPP_00963;149.447492667061;3.75040683808434;0.227353722632879;16.4959112815599;3.92591920704461e-61;1.6616681294933e-60;;hypothetical protein;Up in serum
AENJPLPP_02270;4528.91126406196;-1.02378696563822;0.0621224224463377;-16.4801520179382;5.09565720505741e-61;2.15363625270351e-60;prfA;Peptide chain release factor 1;Down in serum
AENJPLPP_00935;182.765135718338;6.08035436915407;0.370718824949274;16.4015257924549;1.86494636878574e-60;7.87061424044067e-60;;hypothetical protein;Up in serum
AENJPLPP_02630;6186.31445369337;-1.1732773384661;0.0715720729713484;-16.3929489500155;2.14767972834385e-60;9.05071399267337e-60;ycaM;Inner membrane transporter YcaM;Down in serum
AENJPLPP_00973;690.133649308257;5.27289301344623;0.322124366053492;16.3691218955185;3.17765592313e-60;1.3371870011784e-59;;hypothetical protein;Up in serum
AENJPLPP_01723;937.892692058032;-1.5068333439682;0.0922344479869626;-16.3369909708919;5.38454610276431e-60;2.26259715025248e-59;;hypothetical protein;Down in serum
AENJPLPP_00882;697.994532060508;-1.57107748540392;0.0962315635324302;-16.3260101751799;6.44647396096097e-60;2.70102621213214e-59;;hypothetical protein;Down in serum
AENJPLPP_02058;196.820716396006;-3.26980407181893;0.200350884290884;-16.3203875210832;7.06854690438975e-60;2.95741502666422e-59;yfcJ;putative MFS-type transporter YfcJ;Down in serum
AENJPLPP_02873;4431.79132844172;-1.18977441968548;0.072934312905704;-16.3129585003937;7.98307579358875e-60;3.33525347359117e-59;;hypothetical protein;Down in serum
AENJPLPP_01101;1096.77042606566;1.27374574007306;0.0782661999731322;16.2745315412058;1.49660424365282e-59;6.24371283311892e-59;;hypothetical protein;Up in serum
AENJPLPP_00183;3809.97914541218;1.0754389656299;0.0662391297294624;16.2357049378859;2.81989757523462e-59;1.1730773912976e-58;sppA;Putative signal peptide peptidase SppA;Up in serum
AENJPLPP_00211;2241.78154955462;-1.2298262762279;0.0758473034873974;-16.2145022918612;3.98291008058871e-59;1.6545269835484e-58;aroC;Chorismate synthase;Down in serum
AENJPLPP_00112;466.471382814727;-1.81298700734425;0.111860406420221;-16.2075846616673;4.45745630382356e-59;1.8490189112157e-58;;hypothetical protein;Down in serum
AENJPLPP_02594;417.835628853584;-1.8514435224572;0.114365896923443;-16.1887728095777;6.05236241805685e-59;2.507038315986e-58;;hypothetical protein;Down in serum
AENJPLPP_00407;316.290861249811;-2.24634172723652;0.139131714983729;-16.1454326031936;1.22288129162523e-58;5.05110683859952e-58;ybbH_1;putative HTH-type transcriptional regulator YbbH;Down in serum
AENJPLPP_01802;2247.88829864821;1.44700355093589;0.0897590905217288;16.1209693917922;1.81735943733752e-58;7.49596413814004e-58;rbsK;Ribokinase;Up in serum
AENJPLPP_00234;1598.80391680809;1.34661497238162;0.0836109294885944;16.1057290071787;2.32541124404488e-58;9.57793146062048e-58;pphA;Serine/threonine-protein phosphatase 1;Up in serum
AENJPLPP_01751;412.901090115544;1.86876023206538;0.116034619110622;16.1051955561968;2.34555312664303e-58;9.64724675817021e-58;dhaL;PTS-dependent dihydroxyacetone kinase%2C ADP-binding subunit DhaL;Up in serum
AENJPLPP_01901;504.282949490709;1.68243977231399;0.104730753815041;16.0644291292437;4.53015801454262e-58;1.86062343277124e-57;;hypothetical protein;Up in serum
AENJPLPP_03001;422.705838362449;1.72034926602603;0.10711818877034;16.0602908411234;4.84275209348664e-58;1.98621043608917e-57;;hypothetical protein;Up in serum
AENJPLPP_02368;1484.32433706975;1.36123390838324;0.0847980774993782;16.0526505850704;5.47740219121962e-58;2.24334672022947e-57;yhaX;Stress response protein YhaX;Up in serum
AENJPLPP_00481;595.015642840709;-1.64270250910123;0.10249975144129;-16.0264048058901;8.35804607365898e-58;3.41355261802173e-57;;Autolysin;Down in serum
AENJPLPP_00871;1998.11912408869;-1.20235198376401;0.0751468448801731;-16.0000328115071;1.27707765769887e-57;5.2084735843405e-57;vraR;Response regulator protein VraR;Down in serum
AENJPLPP_00439;6212.48861054444;1.59990485061314;0.100167234786321;15.9723372021409;1.99180386788601e-57;8.11207393466302e-57;carB;Carbamoyl-phosphate synthase large chain;Up in serum
AENJPLPP_00174;142.438637753392;3.31848982760577;0.207781158441747;15.9710815576001;2.03231085181533e-57;8.26548771017633e-57;;hypothetical protein;Up in serum
AENJPLPP_02666;1337.43621066464;1.18093310836097;0.0739500779334038;15.9693287872457;2.09023083392982e-57;8.48919412608595e-57;phoP;Alkaline phosphatase synthesis transcriptional regulatory protein PhoP;Up in serum
AENJPLPP_00356;420.039309382102;1.82379882502694;0.1142239867651;15.9668636744185;2.17448282604869e-57;8.81907240871001e-57;;hypothetical protein;Up in serum
AENJPLPP_00629;420.360921398411;1.72319421263635;0.108053422358286;15.9476134584848;2.95993767258036e-57;1.19879534110626e-56;ssuB;Aliphatic sulfonates import ATP-binding protein SsuB;Up in serum
AENJPLPP_00856;2528.1963977246;-1.01550911724017;0.0637907769564885;-15.9193721363959;4.65019832128633e-57;1.88074687660914e-56;rlmCD;23S rRNA (uracil-C(5))-methyltransferase RlmCD;Down in serum
AENJPLPP_00521;298.501239473903;-2.44742868902877;0.154424249354307;-15.8487329500527;1.43443914445239e-56;5.7934629523514e-56;;hypothetical protein;Down in serum
AENJPLPP_00880;4466.6422043428;-1.14889593712416;0.0725968280474392;-15.8257043458345;2.06871095095714e-56;8.3436098188188e-56;pglH_1;GalNAc-alpha-(1->4)-GalNAc-alpha-(1->3)-diNAcBac-PP-undecaprenol alpha-1%2C4-N-acetyl-D-galactosaminyltransferase;Down in serum
AENJPLPP_01461;5688.35413634256;-1.10937673608589;0.0702992992043167;-15.7807652230162;4.22040262056922e-56;1.69983574427352e-55;deoC;Deoxyribose-phosphate aldolase;Down in serum
AENJPLPP_00887;944.361873397224;-1.27559568050694;0.0809038332185588;-15.766813879646;5.26390727263258e-56;2.11719585330195e-55;;hypothetical protein;Down in serum
AENJPLPP_02566;531.905339953181;1.56739962809322;0.0995243718688535;15.7489024915287;6.98836330105934e-56;2.80304599623758e-55;bglH_2;Aryl-phospho-beta-D-glucosidase BglH;Up in serum
AENJPLPP_01333;629.786394033487;-1.47468195442941;0.0936710732685199;-15.7431948089466;7.64826974085419e-56;3.05930789634168e-55;;hypothetical protein;Down in serum
AENJPLPP_00544;958.783439090217;-1.66153661874757;0.105562080425969;-15.7399002752016;8.05705525780458e-56;3.21840122232194e-55;uppP;Undecaprenyl-diphosphatase;Down in serum
AENJPLPP_02349;793.341589997401;1.3559078042375;0.0862825639162006;15.7147370534142;1.19877516311025e-55;4.77542171679486e-55;ypjQ;putative protein YpjQ;Up in serum
AENJPLPP_00649;8964.20334364777;-1.06752371078256;0.0680177107444676;-15.6947903582508;1.64184150497988e-55;6.53147877390902e-55;parE;DNA topoisomerase 4 subunit B;Down in serum
AENJPLPP_00378;574.366793313022;-1.58926298924059;0.10129816672877;-15.68896102035;1.7997724788435e-55;7.14998289003037e-55;;hypothetical protein;Down in serum
AENJPLPP_00051;611.666223563498;1.53866763699648;0.0981571814751609;15.6755482774925;2.22298473652951e-55;8.81925279669475e-55;;hypothetical protein;Up in serum
AENJPLPP_00547;548.156154940381;-1.58603214926388;0.1011810946574;-15.67518274668;2.23581034013336e-55;8.85806763329027e-55;;hypothetical protein;Down in serum
AENJPLPP_01648;2033.09137680352;-1.23242252450092;0.0786439923500174;-15.67090489272;2.39150168395176e-55;9.46202840172219e-55;;Phosphomevalonate kinase;Down in serum
AENJPLPP_02073;1582.82022543095;1.10867605673201;0.0708912503381439;15.6391099246204;3.94199398116436e-55;1.55543177142962e-54;dinB;DNA polymerase IV;Up in serum
AENJPLPP_00469;595.220620663125;-1.56493953377608;0.100125653963949;-15.6297559298792;4.56548422428585e-55;1.79901083371047e-54;recU;Holliday junction resolvase RecU;Down in serum
AENJPLPP_00438;763.434344194257;1.73721345933109;0.111283388973001;15.6107167059099;6.15417583545652e-55;2.42175135579046e-54;pyrK_2;Dihydroorotate dehydrogenase B (NAD(+))%2C electron transfer subunit;Up in serum
AENJPLPP_02115;642.826356071615;1.50159035883916;0.096757327402308;15.5191384379158;2.57484905192192e-54;1.01187050461493e-53;;hypothetical protein;Up in serum
AENJPLPP_00654;6749.14778025609;-1.09520429698736;0.0706307170443309;-15.5060622745761;3.15652671281613e-54;1.23878784201086e-53;clpY;ATP-dependent protease ATPase subunit ClpY;Down in serum
AENJPLPP_01787;1319.93489293085;1.11590207293973;0.07197881980143;15.503200469502;3.30034360942306e-54;1.29348594759622e-53;sasA_3;Adaptive-response sensory-kinase SasA;Up in serum
AENJPLPP_00366;1241.84928811469;1.42533649507755;0.0922207545650954;15.4557019382383;6.90552062503946e-54;2.70280592205846e-53;yckB;putative ABC transporter extracellular-binding protein YckB;Up in serum
AENJPLPP_02532;4710.91652847777;1.05031523997636;0.0679694059359328;15.4527647478098;7.22756151893295e-54;2.82505491854131e-53;ftsX;Cell division protein FtsX;Up in serum
AENJPLPP_00191;131.509457168427;3.88961803389408;0.251908929762556;15.4405722637953;8.73220409335339e-54;3.40860299193634e-53;;hypothetical protein;Up in serum
AENJPLPP_01204;1619.06868241917;-1.15432523765749;0.0751131550204472;-15.3678172264666;2.69082963949217e-53;1.04895527579668e-52;murJ_3;Lipid II flippase MurJ;Down in serum
AENJPLPP_00723;3507.68436338626;-1.01097047923576;0.0658072851251811;-15.3625921098652;2.91675526627909e-53;1.13550686302202e-52;clsA_1;Major cardiolipin synthase ClsA;Down in serum
AENJPLPP_00729;1898.5503646502;1.34493562398621;0.087663625009475;15.3420032977287;4.00637685650155e-53;1.55761941336883e-52;;Putative universal stress protein;Up in serum
AENJPLPP_01093;1936.47329078405;-1.06149506448716;0.0692827431979876;-15.3212043214535;5.51854519141789e-53;2.13981406090664e-52;thiK;Thiamine kinase;Down in serum
AENJPLPP_00333;338.606415781823;-2.15977356682303;0.141024710738093;-15.3148590450514;6.08436396654578e-53;2.3560728551305e-52;nanE_1;Putative N-acetylmannosamine-6-phosphate 2-epimerase;Down in serum
AENJPLPP_01256;1477.60768498934;-1.15852564471188;0.0756655885137462;-15.311129768077;6.4434885653475e-53;2.49182452885683e-52;cysE;Serine acetyltransferase;Down in serum
AENJPLPP_00601;2872.73464258038;1.03707390478467;0.067993652770584;15.2525105289437;1.58422826421965e-52;6.11839881353798e-52;;hypothetical protein;Up in serum
AENJPLPP_01764;161.681257308801;-3.22589998059955;0.211503906261404;-15.2522004799881;1.59176986994811e-52;6.13938259773365e-52;nhaC_2;Na(+)/H(+) antiporter NhaC;Down in serum
AENJPLPP_00029;351.190519739539;1.72748292118946;0.113585041047998;15.2087185535239;3.09543076322599e-52;1.18916812434223e-51;;hypothetical protein;Up in serum
AENJPLPP_01297;540.395262706114;1.54332065708186;0.10162764820745;15.1860314029064;4.3762508598239e-52;1.67679506629042e-51;bcrA_1;Bacitracin transport ATP-binding protein BcrA;Up in serum
AENJPLPP_00214;511.328501176724;-1.49561299474185;0.0987712585131418;-15.1421882970424;8.53265604562532e-52;3.26077354394501e-51;aroK;Shikimate kinase;Down in serum
AENJPLPP_01922;2908.95667192428;1.0071385693434;0.0666130065674011;15.1192480454151;1.20915437598626e-51;4.60871406135076e-51;sufS;Cysteine desulfurase SufS;Up in serum
AENJPLPP_00367;710.673382556236;1.76601210993367;0.117057196847359;15.0867452621176;1.97969795870128e-51;7.53579144540931e-51;yecS_1;L-cystine transport system permease protein YecS;Up in serum
AENJPLPP_00210;1461.26488220977;-1.19113884842669;0.0789545329571308;-15.0863896449546;1.99039417762559e-51;7.56661598596047e-51;aroB;3-dehydroquinate synthase;Down in serum
AENJPLPP_01625;1107.78401845086;1.10866475797097;0.0737113669280838;15.0406213339204;3.97798756132268e-51;1.50832028366818e-50;opuCA_2;Carnitine transport ATP-binding protein OpuCA;Up in serum
AENJPLPP_02392;214.624512763504;2.42873669482283;0.161511318047788;15.0375634610586;4.16603712770532e-51;1.57756828554979e-50;;hypothetical protein;Up in serum
AENJPLPP_01910;1309.20869295887;1.18904574154992;0.0790841669813593;15.0351933507776;4.31785776065395e-51;1.63293529857458e-50;ogt;Methylated-DNA--protein-cysteine methyltransferase%2C constitutive;Up in serum
AENJPLPP_01726;1014.78810852114;-1.22105888485689;0.0812796637721385;-15.0229322832835;5.19574748202933e-51;1.95984671861003e-50;;hypothetical protein;Down in serum
AENJPLPP_02133;1112.95089692847;-1.41808062320745;0.094426114459482;-15.0178860088111;5.60674677170136e-51;2.1094716500257e-50;dtxR;Diphtheria toxin repressor;Down in serum
AENJPLPP_02584;2258.50820132254;-1.0585841901702;0.0704882379814018;-15.0178841248593;5.60690610274687e-51;2.1094716500257e-50;tagU_3;Polyisoprenyl-teichoic acid--peptidoglycan teichoic acid transferase TagU;Down in serum
AENJPLPP_01746;1399.8707431533;1.10738366710459;0.07374182208389;15.0170369514983;5.67901263698469e-51;2.13384319985799e-50;pgaC;Poly-beta-1%2C6-N-acetyl-D-glucosamine synthase;Up in serum
AENJPLPP_01563;911.0225166485;-1.24370255581077;0.0829291970218905;-14.997161439806;7.66269738367537e-51;2.87178568613419e-50;ymdB;2'%2C3'-cyclic-nucleotide 2'-phosphodiesterase;Down in serum
AENJPLPP_00147;263.743234575421;2.0493941822903;0.136746061299587;14.9868607754663;8.9483828569532e-51;3.34931759375935e-50;fra;Intracellular iron chaperone frataxin;Up in serum
AENJPLPP_00957;129.891927453915;3.25012823896714;0.216869003938622;14.9865964242958;8.98406160110696e-51;3.35835524806463e-50;;hypothetical protein;Up in serum
AENJPLPP_00888;662.051641379054;-1.42386998301961;0.0951309221305793;-14.9674779885469;1.1977800503404e-50;4.4659865641373e-50;;hypothetical protein;Down in serum
AENJPLPP_00661;1521.97791302903;-1.05116748715563;0.0702746701382049;-14.9579853607049;1.38145100824325e-50;5.13110374490348e-50;rbgA;Ribosome biogenesis GTPase A;Down in serum
AENJPLPP_01267;1292.20679270179;1.09010807909067;0.0729233997046094;14.9486733134545;1.58882985117002e-50;5.88635181502175e-50;;hypothetical protein;Up in serum
AENJPLPP_00948;120.027991354972;5.08179924434388;0.339969178025616;14.9478234287491;1.60923425456763e-50;5.95437121893384e-50;;hypothetical protein;Up in serum
AENJPLPP_03125;993.572197343867;1.12659031295398;0.0755256722503837;14.9166538924552;2.56833668469082e-50;9.49111221550719e-50;;hypothetical protein;Up in serum
AENJPLPP_00568;7347.86792042083;-1.08449676744393;0.072846769926085;-14.8873693170519;3.98128805105896e-50;1.4693930043959e-49;pdhD;Dihydrolipoyl dehydrogenase;Down in serum
AENJPLPP_00845;16370.5691219613;-1.09938904941254;0.0740671706863803;-14.8431354839736;7.70679035226647e-50;2.84078145643038e-49;ptsH;Phosphocarrier protein HPr;Down in serum
AENJPLPP_01050;4775.26041974385;-1.00243479257402;0.0676817031189824;-14.8110160704995;1.2434635648331e-49;4.57770657496077e-49;;hypothetical protein;Down in serum
AENJPLPP_01643;649.879345493993;1.61398540793724;0.109486157422415;14.7414563259375;3.49172988420801e-49;1.28382795742598e-48;kdgK;2-dehydro-3-deoxygluconokinase;Up in serum
AENJPLPP_01864;811.085929732941;-1.28419361297071;0.0872062608073336;-14.7259336781783;4.39359279788207e-49;1.61338489627145e-48;acuR;Transcriptional regulator AcuR;Down in serum
AENJPLPP_01057;390.808284257671;-1.71165274378029;0.11659587195505;-14.6802173617276;8.6313328214463e-49;3.16156492780523e-48;yfnB_1;Putative HAD-hydrolase YfnB;Down in serum
AENJPLPP_02706;277.095503998787;-1.88384397840287;0.128849008928972;-14.6205546636477;2.07701287213813e-48;7.59831844681689e-48;;IS3 family transposase ISEfa8;Down in serum
AENJPLPP_00860;13367.9698549717;1.00262580870595;0.0687590121330636;14.5817366713421;3.67058880719282e-48;1.33944293315106e-47;cspD;Cold shock protein CspD;Up in serum
AENJPLPP_01325;1793.32133322105;-1.02410944427875;0.0702438452098545;-14.5793477167887;3.80131355289092e-48;1.38540989562182e-47;;hypothetical protein;Down in serum
AENJPLPP_00204;941.56326628956;-1.23914070813837;0.0850927614011783;-14.562234057681;4.88353788145407e-48;1.77760778884928e-47;aes_1;Acetyl esterase;Down in serum
AENJPLPP_00493;8565.31298811601;-1.25957944880212;0.0865801658497148;-14.548129313918;6.00220651737616e-48;2.18207557785261e-47;obg;GTPase Obg;Down in serum
AENJPLPP_02156;113.187515749475;3.91459326657024;0.26965369571618;14.5171133522697;9.44027265988802e-48;3.42342141788218e-47;;hypothetical protein;Up in serum
AENJPLPP_03047;913.017463281618;1.44808049252516;0.0998016228931586;14.5095886273852;1.05350468654194e-47;3.81567866568425e-47;vanX;D-alanyl-D-alanine dipeptidase;Up in serum
AENJPLPP_00653;3850.98372856659;-1.12018706516302;0.0772132412106103;-14.5077068077942;1.08280355247471e-47;3.91692415503894e-47;codY;GTP-sensing transcriptional pleiotropic repressor CodY;Down in serum
AENJPLPP_02403;217.971275912464;2.28832321836433;0.158222953553206;14.4626501210826;2.08608536878949e-47;7.52748524648697e-47;;hypothetical protein;Up in serum
AENJPLPP_00379;704.997302061577;-1.31966698057953;0.0913836241522751;-14.4409569309763;2.8584571794472e-47;1.03017664685028e-46;;hypothetical protein;Down in serum
AENJPLPP_01159;3403.56754849603;-1.16755779660127;0.0810771459052021;-14.4005784067241;5.13122834004228e-47;1.84698849520434e-46;;hypothetical protein;Down in serum
AENJPLPP_01428;23795.7439834605;-1.04862115064857;0.0729899329910701;-14.3666545190124;8.37816992918678e-47;3.00828986853168e-46;ssb_1;Single-stranded DNA-binding protein;Down in serum
AENJPLPP_02350;783.341307469665;1.19984147915561;0.0836054010358601;14.3512436312694;1.04643762483605e-46;3.75274182699823e-46;yumC;Ferredoxin--NADP reductase 2;Up in serum
AENJPLPP_00173;127.874050562429;3.19994076575542;0.22306948091009;14.345040624563;1.1443325018157e-46;4.09876536935709e-46;;hypothetical protein;Up in serum
AENJPLPP_01252;1860.47140864879;-1.18175876843664;0.0824650124312343;-14.3304261237101;1.41251236133706e-46;5.05311547446377e-46;;hypothetical protein;Down in serum
AENJPLPP_00257;729.825393362691;-1.25906229220916;0.0879238178551191;-14.319922893747;1.64305409108204e-46;5.87064234752259e-46;;hypothetical protein;Down in serum
AENJPLPP_02924;179.72485108049;2.27854480063929;0.15913104632479;14.3186691300247;1.67296332191979e-46;5.97018283508632e-46;;hypothetical protein;Up in serum
AENJPLPP_01866;200.683157090443;2.36548917356081;0.165236580458482;14.3157717679541;1.7441705458329e-46;6.21667641305436e-46;;hypothetical protein;Up in serum
AENJPLPP_00815;968.305232314493;-1.15379349365194;0.0806396013860097;-14.3080257568351;1.94969959401138e-46;6.94073987501363e-46;ziaA;Zinc-transporting ATPase;Down in serum
AENJPLPP_00349;205.602152863375;-2.20655647883222;0.154403492539849;-14.2908456443286;2.49560503860618e-46;8.87326235948865e-46;;hypothetical protein;Down in serum
AENJPLPP_00646;1214.4925033879;-1.15194582680971;0.0808214862329106;-14.2529651519899;4.296439948783e-46;1.52576013790928e-45;pflA;Pyruvate formate-lyase-activating enzyme;Down in serum
AENJPLPP_02694;584.960925872043;1.37138663039006;0.0962821607395031;14.2434135239282;4.92608272730621e-46;1.74722934249886e-45;;hypothetical protein;Up in serum
AENJPLPP_01663;836.366958463844;1.40495008155472;0.0988750443345689;14.2093497000184;8.01664790750403e-46;2.83996091321797e-45;nnrD;ADP-dependent (S)-NAD(P)H-hydrate dehydratase;Up in serum
AENJPLPP_01662;587.460885932294;1.60363454428384;0.112949239624667;14.1978339085128;9.44881078263327e-46;3.34324872406173e-45;;1%2C4-dihydroxy-2-naphthoyl-CoA hydrolase;Up in serum
AENJPLPP_01713;372.618140065271;1.59168193035089;0.112204760975848;14.1855115282808;1.12641368037941e-45;3.97589895426041e-45;;IS630 family transposase IS642;Up in serum
AENJPLPP_01231;1185.49701605171;1.40626293026769;0.0991410770881595;14.1844629044851;1.14337769773379e-45;4.03089086658692e-45;thiT;Thiamine transporter ThiT;Up in serum
AENJPLPP_01789;112.159658073053;-3.52357968139118;0.249237634551323;-14.1374302790761;2.2329023398674e-45;7.83398989601672e-45;ydfK;putative membrane protein YdfK;Down in serum
AENJPLPP_00170;314.840352351047;1.75992830557674;0.124981685861209;14.0814895674485;4.93583259227904e-45;1.72546752805721e-44;;hypothetical protein;Up in serum
AENJPLPP_01925;1278.45718605332;1.0942033901272;0.0777056236781814;14.0813925470678;4.94261418895725e-45;1.72576648899802e-44;xerC_7;Tyrosine recombinase XerC;Up in serum
AENJPLPP_00932;139.853496970979;6.19713220351476;0.440324940946007;14.0739976940681;5.48774257144811e-45;1.91380914587508e-44;;hypothetical protein;Up in serum
AENJPLPP_00989;285.274964383522;1.80247676180029;0.128096754137043;14.0712133882169;5.7081519692228e-45;1.98829408305943e-44;gmuC_2;PTS system oligo-beta-mannoside-specific EIIC component;Up in serum
AENJPLPP_00862;648.705950850907;-1.26342826405743;0.0898399894632531;-14.0630945262322;6.40242012806018e-45;2.22746086175762e-44;;hypothetical protein;Down in serum
AENJPLPP_01856;202.345687476195;-2.46818102463795;0.175648978878455;-14.0517812309394;7.51205342598774e-45;2.61039374420958e-44;ribZ_2;Riboflavin transporter RibZ;Down in serum
AENJPLPP_00377;409.596322354602;-1.58167462802129;0.112583271577839;-14.0489311231974;7.82054877160704e-45;2.71112357415711e-44;;hypothetical protein;Down in serum
AENJPLPP_00934;123.214582346332;5.78773065099701;0.412125906266238;14.0435982378115;8.43203175880117e-45;2.91616110233123e-44;;hypothetical protein;Up in serum
AENJPLPP_02876;1080.37913146204;-1.11407270196809;0.0793358445261168;-14.0424887214927;8.56510996632717e-45;2.95867143795311e-44;qseB;Transcriptional regulatory protein QseB;Down in serum
AENJPLPP_01721;285.956262026363;-1.79554476021067;0.128054266767492;-14.0217487908532;1.14751695104408e-44;3.95920540455017e-44;;hypothetical protein;Down in serum
AENJPLPP_01287;277.724352620248;-2.14460570067384;0.152985438987279;-14.0183648513907;1.20355830959548e-44;4.14764709768287e-44;;hypothetical protein;Down in serum
AENJPLPP_02776;375.678830701184;1.69420847471991;0.121013134053422;14.000203266961;1.5542556234601e-44;5.34987278429764e-44;;hypothetical protein;Up in serum
AENJPLPP_00502;672.77468673848;-1.33580025593867;0.0955002288845414;-13.9874037113946;1.86081905860219e-44;6.39752668081415e-44;ykuT;putative MscS family protein YkuT;Down in serum
AENJPLPP_00395;121.069853249353;-3.28575288300632;0.235067406558913;-13.9779177858196;2.12617982871198e-44;7.29262150908042e-44;;putative ABC transporter permease;Down in serum
AENJPLPP_01722;227.357214586535;-1.96676225975842;0.140731716718207;-13.9752594910538;2.20707707854449e-44;7.56118641496653e-44;paiA;Spermidine/spermine N(1)-acetyltransferase;Down in serum
AENJPLPP_00817;788.158369138738;1.26070961778271;0.0904138351880557;13.9437688398076;3.43321287158215e-44;1.17479622585749e-43;;hypothetical protein;Up in serum
AENJPLPP_00937;143.355101635493;6.36316753539819;0.457382497914892;13.9121360445721;5.34587335597206e-44;1.82499217029199e-43;;hypothetical protein;Up in serum
AENJPLPP_00606;541.810078432721;1.35606223164376;0.0975635588550687;13.8992698458058;6.39908096561866e-44;2.17942968092182e-43;;hypothetical protein;Up in serum
AENJPLPP_00990;742.225305689854;1.29731229099406;0.0935234524980543;13.8715183875515;9.42600831464661e-44;3.20286303526848e-43;;hypothetical protein;Up in serum
AENJPLPP_03072;592.553196550353;1.73635833485464;0.125194545048534;13.8692810791517;9.72465816262448e-44;3.30049004307255e-43;;hypothetical protein;Up in serum
AENJPLPP_01445;727.392781937728;-1.30133214932899;0.0939381963613146;-13.8530672264951;1.21893867483573e-43;4.13218791748736e-43;;hypothetical protein;Down in serum
AENJPLPP_01271;227.339142656537;-1.96482990478575;0.141964816955338;-13.8402594877003;1.45679752720517e-43;4.93278418514122e-43;yodC_2;Putative NAD(P)H nitroreductase YodC;Down in serum
AENJPLPP_00441;1434.70348828307;1.64781629785566;0.11918275856286;13.8259620579814;1.77720430814341e-43;6.00373427530581e-43;pyrC;Dihydroorotase;Up in serum
AENJPLPP_00444;1017.30907458955;1.69373645096789;0.122929316044677;13.7781328772083;3.45082056762452e-43;1.16440202698987e-42;pyrR;Bifunctional protein pyrR;Up in serum
AENJPLPP_01614;313.316578486796;1.77141860522762;0.128769369401014;13.7565215506419;4.65385479626615e-43;1.56670811176035e-42;rpsN2_2;Alternate 30S ribosomal protein S14;Up in serum
AENJPLPP_00771;1110.66739509827;-1.04962000065823;0.0763273383039354;-13.7515603711823;4.98428080259627e-43;1.67600758627718e-42;;hypothetical protein;Down in serum
AENJPLPP_02693;1386.45101327946;1.0013300665838;0.0730382126147646;13.7096737548228;8.88564698072647e-43;2.98099124514694e-42;;hypothetical protein;Up in serum
AENJPLPP_01753;364.704519011643;1.52423730905135;0.111303469493812;13.6944276398868;1.09620735407824e-42;3.66914461502968e-42;anr;Transcriptional activator protein Anr;Up in serum
AENJPLPP_00988;2379.33815267181;1.06920379242238;0.0781020346439802;13.689832759111;1.16777726156018e-42;3.90421054611166e-42;MroQ;Membrane-embedded CAAX protease MroQ;Up in serum
AENJPLPP_00229;1013.84927501485;-1.07763765936592;0.0787271512207613;-13.6882592937229;1.19333887278455e-42;3.9850949513172e-42;;hypothetical protein;Down in serum
AENJPLPP_02158;94.5691868526437;3.93821988042679;0.287866599185289;13.6807114530571;1.32390975126034e-42;4.41606551623152e-42;;hypothetical protein;Up in serum
AENJPLPP_01286;316.886233409655;-1.93158243968601;0.141652430616336;-13.6360698597377;2.44380418094368e-42;8.13298031418057e-42;ygaZ_2;Inner membrane protein YgaZ;Down in serum
AENJPLPP_00184;1454.7488509369;1.04204128024168;0.0764308568472703;13.6337772887194;2.52182116232941e-42;8.38304021084846e-42;;hypothetical protein;Up in serum
AENJPLPP_00048;193.603531441625;2.2299197660814;0.163934949050076;13.6024671920338;3.87149619677117e-42;1.2854956584946e-41;;hypothetical protein;Up in serum
AENJPLPP_03017;124.323747803874;2.78055921411125;0.204692413996519;13.5840853103551;4.97710832112793e-42;1.65072203087979e-41;;hypothetical protein;Up in serum
AENJPLPP_02759;517.601598163512;-1.4170679075207;0.1046157627064;-13.5454531024894;8.42921698885209e-42;2.79247780108502e-41;;hypothetical protein;Down in serum
AENJPLPP_02763;286.117232414835;1.84056080446561;0.136009139849526;13.5326258698637;1.00373150432015e-41;3.31766871802528e-41;;hypothetical protein;Up in serum
AENJPLPP_02461;971.671328384524;1.05710340948273;0.0781426949388775;13.5278596458643;1.07096621359563e-41;3.53588845123638e-41;puuD;Gamma-glutamyl-gamma-aminobutyrate hydrolase PuuD;Up in serum
AENJPLPP_00883;529.305831275545;-1.38640153989044;0.10257969821784;-13.5153599004186;1.26933419313027e-41;4.18133616560561e-41;glyG;Glycosyltransferase GlyG;Down in serum
AENJPLPP_02748;269.076143255778;-2.30721704923486;0.170739924018578;-13.5130495254515;1.30981318742239e-41;4.30980339183501e-41;alsS_2;Acetolactate synthase;Down in serum
AENJPLPP_02518;361.509007385658;-1.66789226901024;0.123610147416935;-13.4931662477877;1.71571059563098e-41;5.63263726547624e-41;;hypothetical protein;Down in serum
AENJPLPP_00420;488.2453306527;-1.80304254500959;0.13368397638409;-13.4873497466086;1.85655011324555e-41;6.08814631730972e-41;;hypothetical protein;Down in serum
AENJPLPP_00522;697.3658069779;1.1572138231036;0.0859103659891328;13.4700138892433;2.34821831666269e-41;7.6918017301707e-41;;hypothetical protein;Up in serum
AENJPLPP_02760;276.586364789297;1.7940861184741;0.133800566525318;13.4086586108334;5.38031673077175e-41;1.75251480089568e-40;;hypothetical protein;Up in serum
AENJPLPP_00281;541.756756913318;1.28645604505441;0.0963015148949667;13.358627291144;1.05491595262513e-40;3.42847684603166e-40;;hypothetical protein;Up in serum
AENJPLPP_00283;136.828849199384;-2.64790129075007;0.198668371784106;-13.3282478079981;1.58578521159616e-40;5.14805633909477e-40;sttH;Streptothricin hydrolase;Down in serum
AENJPLPP_02076;882.046561576435;1.11492138326681;0.083765082562767;13.3100971091549;2.02218735929783e-40;6.55747170409274e-40;bceA_2;Bacitracin export ATP-binding protein BceA;Up in serum
AENJPLPP_01320;633.215510646103;-1.25646034161544;0.0945029502357848;-13.2954615541691;2.45950823689929e-40;7.96672745923329e-40;;hypothetical protein;Down in serum
AENJPLPP_02597;759.732889130391;-1.2380746125475;0.0933276269204158;-13.265896213168;3.65030549923617e-40;1.17976577289409e-39;pglH_2;GalNAc-alpha-(1->4)-GalNAc-alpha-(1->3)-diNAcBac-PP-undecaprenol alpha-1%2C4-N-acetyl-D-galactosaminyltransferase;Down in serum
AENJPLPP_00942;111.890421849608;5.8728397787494;0.443414613624182;13.2445787718827;4.84995308323566e-40;1.560559489324e-39;;hypothetical protein;Up in serum
AENJPLPP_01854;726.250052287324;1.19618103594443;0.0903563623514275;13.2384815503314;5.26015728256246e-40;1.68881786183262e-39;pckA;Phosphoenolpyruvate carboxykinase (ATP);Up in serum
AENJPLPP_00365;3113.5314481267;1.12758350764943;0.0854215957920208;13.2002159078695;8.74839497314887e-40;2.80565266099224e-39;nylA;6-aminohexanoate-cyclic-dimer hydrolase;Up in serum
AENJPLPP_00436;875.157209317378;1.31561141682128;0.0996859368419112;13.1975628508931;9.06196894664116e-40;2.9030201950076e-39;pyrDB;Dihydroorotate dehydrogenase B (NAD(+))%2C catalytic subunit;Up in serum
AENJPLPP_00639;984.162706329117;1.00032057050548;0.0761615942176204;13.1341863413102;2.09733649674651e-39;6.70410963614254e-39;exuR_1;putative HTH-type transcriptional repressor ExuR;Up in serum
AENJPLPP_00185;634.737754787584;-1.17205182197819;0.0894369631218273;-13.1047810778377;3.09152997447407e-39;9.86038914092936e-39;;hypothetical protein;Down in serum
AENJPLPP_02499;1240.95281726652;1.10347639607969;0.0843604651420777;13.0804920790947;4.25675556196186e-39;1.35323932275469e-38;yjdJ;putative protein YjdJ;Up in serum
AENJPLPP_02072;944.762787904419;-1.03377192379513;0.0792184326770646;-13.0496386871137;6.38494883253476e-39;2.02537810461233e-38;rsmI;Ribosomal RNA small subunit methyltransferase I;Down in serum
AENJPLPP_02664;517.98900058198;-1.31050413262728;0.100437917679076;-13.0479022555472;6.53213162740737e-39;2.06981145799894e-38;ctpE_2;Calcium-transporting ATPase CtpE;Down in serum
AENJPLPP_02242;313.62665133898;-1.62232758649159;0.124519565000335;-13.0286962252657;8.40312366838407e-39;2.65977131764505e-38;;hypothetical protein;Down in serum
AENJPLPP_01032;888.244537354971;-1.19855699190315;0.0920015733177093;-13.0275706021262;8.52798987831181e-39;2.69636335783322e-38;queT_1;Queuosine precursor transporter QueT;Down in serum
AENJPLPP_01061;570.592700313284;-1.21890354513272;0.093638094454064;-13.017175885939;9.7718580439648e-39;3.08629616312641e-38;sbcD;Nuclease SbcCD subunit D;Down in serum
AENJPLPP_01890;1323.64609296892;-1.25067528612247;0.0962446820611204;-12.9947469235571;1.31040526888784e-38;4.13423634127995e-38;act;Methanol dehydrogenase activator;Down in serum
AENJPLPP_00940;129.553476606265;6.5078420279683;0.502252223965778;12.9573184894682;2.13584036634148e-38;6.72385637490421e-38;;hypothetical protein;Up in serum
AENJPLPP_02453;914.437399297135;-1.16800977721218;0.0902950988050821;-12.9354726078049;2.83872060582581e-38;8.9269486006099e-38;zapA;Cell division protein ZapA;Down in serum
AENJPLPP_02737;592.329975292442;-1.20409688563681;0.0931366392917785;-12.9282835927182;3.11699807393333e-38;9.78092499061838e-38;;hypothetical protein;Down in serum
AENJPLPP_01253;2926.98358733668;-1.09460043511005;0.0846906376225457;-12.9246923371687;3.26600425038259e-38;1.02374643456557e-37;;Putative TrmH family tRNA/rRNA methyltransferase;Down in serum
AENJPLPP_02897;281.078957773771;1.59124517680487;0.12315247879537;12.9209350259923;3.42948360132146e-38;1.07383400505894e-37;;Putative bifunctional phosphatase/peptidyl-prolyl cis-trans isomerase;Up in serum
AENJPLPP_02142;101.714667066382;5.61493093474224;0.436352053044779;12.8678916383282;6.82395135175858e-38;2.12983347656173e-37;;hypothetical protein;Up in serum
AENJPLPP_00178;4169.56800070211;1.06819154230238;0.0830207515809423;12.8665607328419;6.94252793199702e-38;2.16452262719222e-37;cdaA;Cyclic di-AMP synthase CdaA;Up in serum
AENJPLPP_02215;375.821963523446;1.41191365010681;0.109914821995393;12.8455255121642;9.1130974113314e-38;2.83821814564674e-37;ccpB;Catabolite control protein B;Up in serum
AENJPLPP_02766;140.219625574078;2.31408930255489;0.180249520699365;12.8382549566638;1.00105528637219e-37;3.11439422426904e-37;;hypothetical protein;Up in serum
AENJPLPP_01206;495.873657170422;-1.25371213769518;0.0977941062208297;-12.8199150863362;1.26839354382307e-37;3.93350585688263e-37;pth;Peptidyl-tRNA hydrolase;Down in serum
AENJPLPP_02660;336.391645243687;-1.66204488598301;0.129687738072689;-12.8157442691416;1.33847853105951e-37;4.14202920557418e-37;;hypothetical protein;Down in serum
AENJPLPP_02010;921.071476416652;1.00675301963358;0.0785957383168011;12.8092571072441;1.45521060660456e-37;4.49371504393688e-37;polC_2;DNA polymerase III PolC-type;Up in serum
AENJPLPP_00434;1625.56810860862;1.28840828786193;0.100742991995628;12.7890611777526;1.88740102225001e-37;5.82215230592376e-37;pyrE;Orotate phosphoribosyltransferase;Up in serum
AENJPLPP_01750;911.843161390804;1.13588519215164;0.0893922426597268;12.7067534984597;5.42398559362613e-37;1.6625943209094e-36;dhaK;PTS-dependent dihydroxyacetone kinase%2C dihydroxyacetone-binding subunit DhaK;Up in serum
AENJPLPP_00389;2713.82094160983;1.01486792408954;0.0798862644745242;12.7039101247897;5.62475844306568e-37;1.72232351064219e-36;pdxK;Pyridoxine kinase;Up in serum
AENJPLPP_02775;457.232424900232;1.30160418752829;0.102694184406846;12.6745657024909;8.18105433188427e-37;2.49981429322634e-36;;hypothetical protein;Up in serum
AENJPLPP_01777;502.084736967159;-1.40179507237614;0.110733769309269;-12.6591470797048;9.95752986416493e-37;3.03944727090653e-36;;hypothetical protein;Down in serum
AENJPLPP_02393;554.304810123673;1.1793940397009;0.0932206694988768;12.6516366599911;1.09568256201826e-36;3.34097133046825e-36;cdr_2;Coenzyme A disulfide reductase;Up in serum
AENJPLPP_00546;459.619663355138;-1.32509300611487;0.104987825806496;-12.6213967756334;1.6094110404095e-36;4.89207197251822e-36;;hypothetical protein;Down in serum
AENJPLPP_00115;453.019452255386;-1.30267847059467;0.104534092191924;-12.4617571481174;1.20681895877787e-35;3.63794700617097e-35;;hypothetical protein;Down in serum
AENJPLPP_02169;103.413064441507;2.8466617045124;0.228914138350407;12.4354997250319;1.67688804549313e-35;5.04452271536778e-35;;hypothetical protein;Up in serum
AENJPLPP_01126;859.747746346256;-1.11023408330043;0.0894306420174612;-12.4144706809066;2.18124653105686e-35;6.55499473522968e-35;rluD_2;Ribosomal large subunit pseudouridine synthase D;Down in serum
AENJPLPP_00332;216.847332326355;-1.76516160672555;0.142439214305394;-12.3923851681813;2.87367227474548e-35;8.62694192171013e-35;;hypothetical protein;Down in serum
AENJPLPP_01160;3246.26547408326;-1.00359853925312;0.0809857257279766;-12.3922892612472;2.87711168199195e-35;8.62837200613858e-35;;hypothetical protein;Down in serum
AENJPLPP_02190;80.2245315772652;4.955302447505;0.400893786592769;12.3606366903826;4.26763113692695e-35;1.27329322446017e-34;;hypothetical protein;Up in serum
AENJPLPP_02164;97.4727235647291;3.18405601228213;0.257770308244626;12.3522993550539;4.73387967775693e-35;1.40951509423601e-34;;hypothetical protein;Up in serum
AENJPLPP_02925;133.091752219318;2.38476175282582;0.19440685516354;12.2668603986197;1.36442051551292e-34;4.04602091769209e-34;;hypothetical protein;Up in serum
AENJPLPP_01959;818.310377353577;1.04338515075876;0.0852211537259185;12.2432647898011;1.82539430636287e-34;5.40747530023262e-34;fruA_2;PTS system fructose-specific EIIB'BC component;Up in serum
AENJPLPP_02957;104.310656558072;2.65913994602668;0.217335196111064;12.2352016314366;2.01603594089141e-34;5.96615514215019e-34;;hypothetical protein;Up in serum
AENJPLPP_01092;585.120192063968;-1.31942747423336;0.107985531849638;-12.218557908948;2.47434962069924e-34;7.31503156901137e-34;trmB;tRNA (guanine-N(7)-)-methyltransferase;Down in serum
AENJPLPP_02803;547.470622908166;1.35495153059807;0.110927366412167;12.2147633575248;2.59254729573571e-34;7.65669140485031e-34;ssb_2;Single-stranded DNA-binding protein;Up in serum
AENJPLPP_01810;554.876686911446;-1.63726997804758;0.134057166093786;-12.2132223569619;2.64213473863025e-34;7.79523440617152e-34;agrA;Accessory gene regulator protein A;Down in serum
AENJPLPP_03062;442.821487101549;1.34973528669356;0.11051575043387;12.2130581513918;2.64747389886636e-34;7.80308096507981e-34;ligA_2;DNA ligase;Up in serum
AENJPLPP_02800;604.101649855702;1.12230798547697;0.0920402018634335;12.1936714908798;3.35937992564127e-34;9.87135655243933e-34;;hypothetical protein;Up in serum
AENJPLPP_02167;104.675918370323;2.6509517295367;0.217642398099273;12.1803093178909;3.9577798482528e-34;1.16179989093872e-33;;hypothetical protein;Up in serum
AENJPLPP_02596;479.669551014037;-1.30300868324001;0.107395152159909;-12.1328445189021;7.07484846838658e-34;2.0684697530062e-33;;hypothetical protein;Down in serum
AENJPLPP_02012;863.998776419344;1.0155496136264;0.0837157047426844;12.130933099684;7.24195090783132e-34;2.11520170948895e-33;yceM;Putative oxidoreductase YceM;Up in serum
AENJPLPP_00936;111.243557230683;6.45650524335604;0.53344985159875;12.1033031015116;1.01445516311068e-33;2.95705048546377e-33;;hypothetical protein;Up in serum
AENJPLPP_02283;254.243461093147;1.65624933832478;0.136936726707357;12.0949972892538;1.1224596108735e-33;3.26860238686362e-33;proX;Prolyl-tRNA editing protein ProX;Up in serum
AENJPLPP_00972;74.0809989780149;4.42937821959302;0.366475321006197;12.0864297422039;1.24583917911198e-33;3.62425943014395e-33;;hypothetical protein;Up in serum
AENJPLPP_01321;428.948785283596;-1.31073076416867;0.108625635080797;-12.0664957511523;1.58751546573428e-33;4.60442732691059e-33;ribZ_1;Riboflavin transporter RibZ;Down in serum
AENJPLPP_01960;260.803142976315;1.52342891988784;0.126814675998651;12.0130332541641;3.03504822163049e-33;8.79408997153033e-33;;hypothetical protein;Up in serum
AENJPLPP_02197;303.408364476358;1.55956266217377;0.129932840200461;12.0028366944621;3.43324095938302e-33;9.93796985459578e-33;;hypothetical protein;Up in serum
AENJPLPP_00772;392.452762616927;1.2777392265029;0.106575010012698;11.989107262112;4.0524908226878e-33;1.17188215249919e-32;;hypothetical protein;Up in serum
AENJPLPP_00442;1138.27586761193;1.51060700475627;0.126378196896184;11.9530666037053;6.25729252380019e-33;1.80408275537685e-32;pyrB;Aspartate carbamoyltransferase;Up in serum
AENJPLPP_01809;214.764640590801;-1.81539609003761;0.152278842537027;-11.9215254055809;9.1419215665591e-33;2.63056083021938e-32;;hypothetical protein;Down in serum
AENJPLPP_02196;152.811575902593;2.06530191638291;0.173564500778366;11.8993337181329;1.19295791364016e-32;3.42593041865892e-32;;hypothetical protein;Up in serum
AENJPLPP_02842;182.974611334271;-1.92526162128932;0.161904821198064;-11.8913174236737;1.31318698409046e-32;3.76748817504573e-32;nanE_2;Putative N-acetylmannosamine-6-phosphate 2-epimerase;Down in serum
AENJPLPP_00142;584.129841648088;-1.31993421411265;0.111143596367643;-11.8759357916272;1.57857605272777e-32;4.51110251770685e-32;truB;tRNA pseudouridine synthase B;Down in serum
AENJPLPP_02378;207.522719322874;-1.70690494300013;0.143964947122743;-11.8563926644229;1.99381427321715e-32;5.69214427804741e-32;;hypothetical protein;Down in serum
AENJPLPP_02000;335.587448578973;-1.37343650515238;0.115950435903352;-11.8450309776945;2.28333967948851e-32;6.51232629448632e-32;;hypothetical protein;Down in serum
AENJPLPP_02081;1373.00294348638;-1.00675450864858;0.0851127682608803;-11.8284780206275;2.7813921737642e-32;7.91731574780191e-32;dltD;Protein DltD;Down in serum
AENJPLPP_02074;1013.82871075891;-1.08789289630703;0.0920230964007617;-11.8219549097679;3.00606762542673e-32;8.54850480980726e-32;;hypothetical protein;Down in serum
AENJPLPP_02184;101.487772917218;6.3200657308448;0.537677197610273;11.7543867564676;6.70457360639954e-32;1.89734872126681e-31;clpP_1;ATP-dependent Clp protease proteolytic subunit;Up in serum
AENJPLPP_01042;794.458573158968;-1.43781752900798;0.122597581656056;-11.7279436477119;9.16583928733097e-32;2.58883840976797e-31;trmL;tRNA (cytidine(34)-2'-O)-methyltransferase;Down in serum
AENJPLPP_02082;780.2151026264;-1.0865260628634;0.0926776495802353;-11.7237118958519;9.63555660375611e-32;2.71361129885278e-31;;hypothetical protein;Down in serum
AENJPLPP_00958;73.2103804116741;3.50296359542149;0.299594408476104;11.6923530490419;1.39468147202071e-31;3.92018575919334e-31;;hypothetical protein;Up in serum
AENJPLPP_00529;923.972389839346;1.32224512853061;0.113119944541927;11.6888770931154;1.45294894352156e-31;4.08002634863526e-31;;hypothetical protein;Up in serum
AENJPLPP_01588;18010.4048929471;-1.10611147396047;0.0948292227467449;-11.6642469686217;1.94112930911346e-31;5.44039321283773e-31;rpsO;30S ribosomal protein S15;Down in serum
AENJPLPP_00347;160.304930831334;-2.0444617672066;0.176294921366115;-11.5968273581791;4.27639470371606e-31;1.19624028599627e-30;uxuA_2;Mannonate dehydratase;Down in serum
AENJPLPP_00710;329.646718584717;-1.35655955088411;0.117105237910172;-11.584106527538;4.96112448282381e-31;1.38511931869443e-30;ydjP;AB hydrolase superfamily protein YdjP;Down in serum
AENJPLPP_00205;418.14475847427;1.37365769280606;0.118836679474487;11.5592062895107;6.63189279652103e-31;1.84804515057122e-30;melR_2;HTH-type transcriptional repressor MelR;Up in serum
AENJPLPP_02796;265.978700977674;1.4828324757584;0.128718219559406;11.5199890181362;1.0462433278731e-30;2.90711886523518e-30;;hypothetical protein;Up in serum
AENJPLPP_02875;570.825049060006;-1.11052507898306;0.0968153435092866;-11.4705483524575;1.85480191027612e-30;5.14888766703916e-30;;hypothetical protein;Down in serum
AENJPLPP_01874;137.665897356266;2.05703660684057;0.179618923002859;11.4522265942315;2.29181888982286e-30;6.35597772110872e-30;lacF_4;Lactose transport system permease protein LacF;Up in serum
AENJPLPP_00659;172.55072177408;-1.88926188802794;0.165502766613599;-11.4152888600275;3.50736778190843e-30;9.70860739630927e-30;dprA;DNA processing protein DprA;Down in serum
AENJPLPP_02894;252.967585822553;1.44372833246965;0.126635373330111;11.4006718226049;4.14904852600956e-30;1.14739119731622e-29;;hypothetical protein;Up in serum
AENJPLPP_02149;148.270649036879;1.94007095369698;0.170278980948928;11.3934846384762;4.50601511954237e-30;1.24492561936503e-29;;hypothetical protein;Up in serum
AENJPLPP_01800;90.1994045753625;2.97926741735352;0.262016801598084;11.3705205131216;5.86368651979072e-30;1.61542622002181e-29;bglF_1;PTS system beta-glucoside-specific EIIBCA component;Up in serum
AENJPLPP_03118;487.677007416804;1.13043795407102;0.0995090138554047;11.360156334316;6.60263765207667e-30;1.81556948468813e-29;;hypothetical protein;Up in serum
AENJPLPP_00043;183.704183572686;1.7379609292214;0.153149360527656;11.3481435588989;7.57540081678761e-30;2.08109124325335e-29;;hypothetical protein;Up in serum
AENJPLPP_00984;299.540709470741;1.34176442024266;0.118433191233215;11.3292938092034;9.39592220028857e-30;2.57635832836538e-29;;hypothetical protein;Up in serum
AENJPLPP_02243;676.008896067794;-1.0461166611934;0.0926653380441015;-11.2891905784181;1.48396937087687e-29;4.06138985713669e-29;;putative ABC transporter ATP-binding protein;Down in serum
AENJPLPP_01270;255.213218723682;-1.58625319036808;0.140727597309097;-11.2717989982022;1.80836756980737e-29;4.93530118395413e-29;yodC_1;Putative NAD(P)H nitroreductase YodC;Down in serum
AENJPLPP_02852;669.960739808918;1.00635190956085;0.089629972761607;11.2278502219062;2.97632036832012e-29;8.09247890994229e-29;lacD;Tagatose 1%2C6-diphosphate aldolase;Up in serum
AENJPLPP_00335;157.399564770597;-2.05326783826973;0.183210197263756;-11.2071700644139;3.7602408000916e-29;1.02143854569652e-28;;hypothetical protein;Down in serum
AENJPLPP_01203;693.461384279036;-1.14439171253537;0.102358628053965;-11.1802173816948;5.09649951987885e-29;1.38055875366393e-28;;hypothetical protein;Down in serum
AENJPLPP_01714;255.327355753192;-1.50604349393647;0.135149263727046;-11.1435567786603;7.69822027071227e-29;2.08338451936005e-28;;hypothetical protein;Down in serum
AENJPLPP_00318;91.137789445215;-2.82419187502675;0.253618875393972;-11.1355744742564;8.42003541999166e-29;2.2766149622113e-28;;hypothetical protein;Down in serum
AENJPLPP_03067;464.11503500946;1.26571956762981;0.113774218136656;11.1248364379841;9.4979916246173e-29;2.56569124405246e-28;;hypothetical protein;Up in serum
AENJPLPP_03074;525.097394165899;1.08304158321442;0.0975501595110508;11.1024070964408;1.22110141240265e-28;3.29245121566343e-28;;hypothetical protein;Up in serum
AENJPLPP_02001;853.140741464757;-1.00217498946371;0.0906590181461747;-11.0543331480586;2.08883333029375e-28;5.6061591316271e-28;;hypothetical protein;Down in serum
AENJPLPP_00964;64.6890784948493;3.34620334029653;0.304506349654923;10.9889443819105;4.31948399159937e-28;1.15503557240931e-27;;hypothetical protein;Up in serum
AENJPLPP_02652;166.712756879613;-1.74123884213189;0.158659512966361;-10.9746891918234;5.05794979147615e-28;1.34878661106031e-27;;hypothetical protein;Down in serum
AENJPLPP_02571;405.581880805668;-1.30561213838474;0.119416614903963;-10.9332536300308;7.99300919670738e-28;2.12369003474561e-27;zur;Zinc-specific metallo-regulatory protein;Down in serum
AENJPLPP_01729;381.660486963011;-1.50678204314265;0.138061797392652;-10.9138231690358;9.90031752262083e-28;2.62805146999743e-27;;hypothetical protein;Down in serum
AENJPLPP_01766;146.856182638762;-2.09009185999597;0.191801517539785;-10.897160183117;1.18910753916935e-27;3.15362582337082e-27;mro_1;Aldose 1-epimerase;Down in serum
AENJPLPP_01043;420.871546388658;-1.15924455997014;0.106753420807236;-10.8590858372902;1.80547508474674e-27;4.77958495162046e-27;rlmA;23S rRNA (guanine(745)-N(1))-methyltransferase;Down in serum
AENJPLPP_00129;736.164078866617;-1.00005216598152;0.0925507581680138;-10.8054454201883;3.24378841686228e-27;8.56383669075517e-27;;hypothetical protein;Down in serum
AENJPLPP_00864;485.668382063844;-1.11962868892157;0.103709852186718;-10.7957794299601;3.60391498026023e-27;9.50597864358495e-27;;hypothetical protein;Down in serum
AENJPLPP_00863;399.105923063958;1.15435578597664;0.107987907788667;10.6896763685404;1.13767259461499e-26;2.98728818351563e-26;czcD;Cadmium%2C cobalt and zinc/H(+)-K(+) antiporter;Up in serum
AENJPLPP_02956;300.933721918135;1.27109274133923;0.118954732790546;10.6855163432408;1.18985085445758e-26;3.12148260196438e-26;frlB_3;Fructosamine deglycase FrlB;Up in serum
AENJPLPP_01388;161.501278543837;-1.80107542616551;0.168714193886172;-10.6753046953516;1.32821056421717e-26;3.48132237893826e-26;menA;1%2C4-dihydroxy-2-naphthoate octaprenyltransferase;Down in serum
AENJPLPP_01966;431.641538670579;-1.1691272944957;0.109715826950819;-10.6559584609409;1.63551169235305e-26;4.28292270515476e-26;rbsR;Ribose operon repressor;Down in serum
AENJPLPP_00057;127.951158853244;1.95082469751133;0.183104911690425;10.65413636096;1.66785504892298e-26;4.36369622862867e-26;;hypothetical protein;Up in serum
AENJPLPP_01967;492.279400850724;-1.02332633648632;0.0962448925932349;-10.63252614153;2.10336651376802e-26;5.4982076194726e-26;gmuD_2;6-phospho-beta-glucosidase GmuD;Down in serum
AENJPLPP_01700;1432.57500277189;1.04482656546803;0.0986915860617387;10.5867846202655;3.4317792264421e-26;8.96263776448377e-26;;IS30 family transposase IS1252;Up in serum
AENJPLPP_00256;339.729733863614;-1.18813430092484;0.112816832630845;-10.5315339317548;6.18187895611752e-26;1.60872489009957e-25;;hypothetical protein;Down in serum
AENJPLPP_01605;408.142192715238;-1.18700212191375;0.112789989368022;-10.524002427562;6.69670239302887e-26;1.74114262218751e-25;;hypothetical protein;Down in serum
AENJPLPP_02792;190.662467496911;1.53840623289697;0.146496512124489;10.5013164517506;8.51837620292014e-26;2.20886122020512e-25;;hypothetical protein;Up in serum
AENJPLPP_01891;378.492509474014;-1.11363407535492;0.106839877952184;-10.423393368657;1.93908714555837e-25;5.0058703615833e-25;;hypothetical protein;Down in serum
AENJPLPP_01075;389.270510340437;-1.28204706828798;0.123041986150042;-10.419590161074;2.01820988680365e-25;5.20551566906308e-25;;hypothetical protein;Down in serum
AENJPLPP_02437;495.436175370982;1.13791801494691;0.109543919578952;10.387778886502;2.8183991029003e-25;7.26298954658908e-25;;hypothetical protein;Up in serum
AENJPLPP_01462;2319.11685926635;-1.13399278893381;0.109202132601292;-10.3843465500269;2.921631244563e-25;7.52236090554151e-25;cdd;Cytidine deaminase;Down in serum
AENJPLPP_02985;241.319302237216;-1.41505368461525;0.136491430415446;-10.3673445307752;3.49090819541188e-25;8.98014546381573e-25;;hypothetical protein;Down in serum
AENJPLPP_00949;56.6491743696299;4.86847929603722;0.469768256811668;10.3635765623666;3.631245485581e-25;9.33290984467068e-25;;hypothetical protein;Up in serum
AENJPLPP_01868;561.584914018881;-1.01382375184731;0.0978790328065557;-10.3579257250221;3.85225352227947e-25;9.89220657572999e-25;;hypothetical protein;Down in serum
AENJPLPP_00721;331.204950875411;-1.15324564463039;0.112293543309204;-10.2699194507995;9.62850193763506e-25;2.45949102126257e-24;;hypothetical protein;Down in serum
AENJPLPP_00411;71.8488629466697;2.9754551458799;0.291712833655384;10.1999459831615;1.98382806110999e-24;5.02339766430635e-24;;hypothetical protein;Up in serum
AENJPLPP_02364;502.592144941729;1.05782672438582;0.103876005978994;10.183552153514;2.34829398779685e-24;5.94112258250602e-24;;putative ketoamine kinase;Up in serum
AENJPLPP_02091;124.417685400296;-1.89411841786912;0.186108596110327;-10.1774902259016;2.49924117521553e-24;6.31204709646803e-24;;hypothetical protein;Down in serum
AENJPLPP_00728;137.480073691997;-1.91590420706707;0.189050677879864;-10.1343419053201;3.88983920657361e-24;9.80710975717952e-24;;hypothetical protein;Down in serum
AENJPLPP_00801;295.745307621993;1.2095440024533;0.119624549497442;10.1111687152406;4.92927012016458e-24;1.24169849393765e-23;gltC_1;HTH-type transcriptional regulator GltC;Up in serum
AENJPLPP_01860;169.161251793024;1.55368199910046;0.154632349255793;10.0475871095404;9.41442972370462e-24;2.36131088332712e-23;;hypothetical protein;Up in serum
AENJPLPP_00052;158.812290920853;1.57433289852504;0.156905386709225;10.0336446794052;1.08438327129042e-23;2.71749060757117e-23;;hypothetical protein;Up in serum
AENJPLPP_00278;1582.05422083402;2.44792030018936;0.24407208050254;10.0294974138342;1.13090770238117e-23;2.8316450811126e-23;;hypothetical protein;Up in serum
AENJPLPP_00175;66.9238471486192;2.70362676444561;0.269858142620337;10.0186962609068;1.26156051287668e-23;3.15606891193891e-23;;hypothetical protein;Up in serum
AENJPLPP_00443;1289.89735496839;1.22390429364714;0.122346235749562;10.0036121761231;1.46937422862032e-23;3.66651050020768e-23;pyrP;Uracil permease;Up in serum
AENJPLPP_00419;437.052780340312;1.02807718828283;0.102808658388156;9.99990861082244;1.52537765375766e-23;3.80299634224513e-23;;hypothetical protein;Up in serum
AENJPLPP_02679;160.374684792088;-1.65671241691564;0.166169995481677;-9.96998532805711;2.06259303679142e-23;5.13795630721694e-23;;hypothetical protein;Down in serum
AENJPLPP_02878;257.898394331035;-1.32812945480036;0.133376507092889;-9.95774656083465;2.33290463276287e-23;5.80138197318999e-23;guaA_2;GMP synthase [glutamine-hydrolyzing];Down in serum
AENJPLPP_00279;113.22793706382;1.87818825647446;0.188718986466523;9.95230152323668;2.46417247023945e-23;6.12258552332533e-23;;hypothetical protein;Up in serum
AENJPLPP_00042;69.7835940229626;2.71323644535821;0.272787689131657;9.94633025410728;2.61654487013092e-23;6.4956339827973e-23;;hypothetical protein;Up in serum
AENJPLPP_00960;51.1401902122374;3.59695447050732;0.361830085413027;9.94100439824239;2.76029763851186e-23;6.84666671494595e-23;;hypothetical protein;Up in serum
AENJPLPP_01744;768.816209634553;1.00684430774974;0.101433678166461;9.92613425786877;3.20438483925514e-23;7.92119579958485e-23;;hypothetical protein;Up in serum
AENJPLPP_02034;217.820012359468;1.38736115000605;0.141138665204634;9.82977377598508;8.38068205219414e-23;2.0611947749991e-22;manZ_3;PTS system mannose-specific EIID component;Up in serum
AENJPLPP_00034;360.779554482683;-1.08597760618645;0.110512522311598;-9.82673803358191;8.63711095309932e-23;2.1224697970823e-22;xerC_1;Tyrosine recombinase XerC;Down in serum
AENJPLPP_00760;97.3675782991824;2.03780293543355;0.207428376659901;9.82412805927094;8.86377433254683e-23;2.17633312448367e-22;;hypothetical protein;Up in serum
AENJPLPP_02440;311.656254479188;1.1708120025861;0.119555632413081;9.79303090080094;1.2062473931327e-22;2.95672761683705e-22;;hypothetical protein;Up in serum
AENJPLPP_02187;58.1421880814048;5.70481495628056;0.582861184426831;9.78760485121429;1.27275034557497e-22;3.11711438714408e-22;;hypothetical protein;Up in serum
AENJPLPP_01712;326.165787348381;1.11460043145133;0.113897470366848;9.78599812499225;1.2931302209153e-22;3.16436571706332e-22;;IS630 family transposase ISBs2;Up in serum
AENJPLPP_01837;374.835996300329;1.08520926800019;0.111012687268388;9.77554273032375;1.43386749238353e-22;3.50581203847257e-22;;hypothetical protein;Up in serum
AENJPLPP_02599;387.357092698428;-1.19082706095098;0.121886222380877;-9.76998907415322;1.514684055539e-22;3.70030198802816e-22;;hypothetical protein;Down in serum
AENJPLPP_02325;52.0016079503642;-3.63364398745155;0.372437193702365;-9.75639396089799;1.73204581408515e-22;4.22421893686428e-22;;hypothetical protein;Down in serum
AENJPLPP_02473;87.2004705607638;-2.2115740560005;0.227116687850906;-9.73761143193631;2.08394981965684e-22;5.07821077392528e-22;lhpI;Delta(1)-pyrroline-2-carboxylate reductase;Down in serum
AENJPLPP_01323;123.702255332864;-1.81343703148535;0.186723582058714;-9.71188005013277;2.68341155075842e-22;6.51717634345999e-22;;hypothetical protein;Down in serum
AENJPLPP_02818;545.445628010185;-1.07492678624143;0.111387067522726;-9.65037333460741;4.89770964279596e-22;1.18357929293127e-21;gatC_3;PTS system galactitol-specific EIIC component;Down in serum
AENJPLPP_02159;228.538679857863;1.31400605658142;0.136369200720721;9.63565122943308;5.65323886114824e-22;1.3650274928411e-21;;hypothetical protein;Up in serum
AENJPLPP_01235;452.419915841272;-1.09288312241066;0.113495067740258;-9.6293446417584;6.01116237154558e-22;1.45024894995367e-21;znuB;High-affinity zinc uptake system membrane protein ZnuB;Down in serum
AENJPLPP_02036;148.756080190134;-1.61901765505119;0.16927865663262;-9.56421611121888;1.13054951399482e-21;2.72079354111812e-21;;hypothetical protein;Down in serum
AENJPLPP_00938;49.1830589944894;5.08585581494359;0.532651729998811;9.54818228968288;1.31991740933562e-21;3.17390544672611e-21;;hypothetical protein;Up in serum
AENJPLPP_01102;331.449595627081;-1.06940579556598;0.113196811006055;-9.4473138073543;3.47637316202597e-21;8.31132893909658e-21;ywpJ_1;Phosphatase YwpJ;Down in serum
AENJPLPP_02797;171.91149044066;1.44966383399004;0.153910800545067;9.41885708381828;4.56024647998473e-21;1.08937143147789e-20;;hypothetical protein;Up in serum
AENJPLPP_01674;308.683859334212;-1.16454079515548;0.123973127596538;-9.39349371700446;5.80423395148894e-21;1.38426939121505e-20;rlmH;Ribosomal RNA large subunit methyltransferase H;Down in serum
AENJPLPP_00691;268.75523719725;-1.1510387099835;0.123154291329577;-9.34631426608734;9.07552400993683e-21;2.16090972337989e-20;;hypothetical protein;Down in serum
AENJPLPP_02761;177.228741299231;1.37901712816613;0.147804322916454;9.33001891254301;1.05852018109527e-20;2.51830945044888e-20;;hypothetical protein;Up in serum
AENJPLPP_02942;70.1203484752955;2.37907411644431;0.255300483294291;9.31872155409079;1.17750504787983e-20;2.79681459985814e-20;;IS6 family transposase IS1216E;Up in serum
AENJPLPP_02872;143.145830984789;1.66578035867888;0.178882544713447;9.3121459186938;1.25275260230411e-20;2.97311783040716e-20;;IS200/IS605 family transposase ISEfa4;Up in serum
AENJPLPP_00620;315.8132452806;-1.10736852629952;0.119139293611996;-9.29473805599283;1.47569113042832e-20;3.49366875756688e-20;;hypothetical protein;Down in serum
AENJPLPP_01296;140.804513025665;1.5725093643335;0.169616020262277;9.27099552213246;1.84416520409481e-20;4.35540070910306e-20;;hypothetical protein;Up in serum
AENJPLPP_00945;44.2368679028732;4.92671013500645;0.532790150645783;9.24699927172996;2.30883343579623e-20;5.44398620650901e-20;;hypothetical protein;Up in serum
AENJPLPP_02614;353.922297517743;-1.12373865994591;0.121902919229714;-9.21830803599005;3.01825016648605e-20;7.11095832104156e-20;eriC;Chloride/fluoride channel protein;Down in serum
AENJPLPP_00437;428.502958859855;1.36114448629927;0.147928929069153;9.20134077130356;3.53510851938702e-20;8.30850363878531e-20;pyrK_1;Dihydroorotate dehydrogenase B (NAD(+))%2C electron transfer subunit;Up in serum
AENJPLPP_01356;276.061167513521;1.20101541063256;0.130848561771607;9.17866726520771;4.36459570711039e-20;1.02497602412141e-19;xerC_6;Tyrosine recombinase XerC;Up in serum
AENJPLPP_02178;40.9973055918342;4.26211189983412;0.465002923830518;9.16577441002836;4.91924829322257e-20;1.15244175622398e-19;;hypothetical protein;Up in serum
AENJPLPP_01814;469.986887662488;-1.3168629249617;0.143927040337875;-9.1495171572368;5.71885807130373e-20;1.33547030502297e-19;;hypothetical protein;Down in serum
AENJPLPP_00028;188.951509262762;1.30726555933468;0.14389983000538;9.08455249242339;1.0412613994805e-19;2.42378352940625e-19;;hypothetical protein;Up in serum
AENJPLPP_02893;110.649871565937;1.7471881198788;0.193796685638122;9.01557275928513;1.95844371654574e-19;4.52977609418682e-19;;hypothetical protein;Up in serum
AENJPLPP_00965;41.663918107544;4.83859417750782;0.536762642406201;9.01440188873309;1.97947643626684e-19;4.57116207962652e-19;;hypothetical protein;Up in serum
AENJPLPP_01602;400.856758110017;-1.08350528009623;0.120362282472111;-9.00203334335476;2.21575241319452e-19;5.11273456990685e-19;;hypothetical protein;Down in serum
AENJPLPP_01264;687.59114867573;1.02658897008437;0.114280412521988;8.98307021675169;2.63314381524521e-19;6.06143461659608e-19;;hypothetical protein;Up in serum
AENJPLPP_01943;177.961005902778;1.34512504390633;0.150270830631403;8.95133831532328;3.51198221926101e-19;8.05901672378887e-19;;hypothetical protein;Up in serum
AENJPLPP_01553;401.578177582766;-1.044532300337;0.1170602917738;-8.92302833445339;4.53708621337486e-19;1.04031457112973e-18;yohK;Inner membrane protein YohK;Down in serum
AENJPLPP_02195;41.0987910001408;3.45372548791316;0.387536275677145;8.91200567450994;5.01175690432574e-19;1.14734560577017e-18;;hypothetical protein;Up in serum
AENJPLPP_01140;150.430403882812;1.42688372323711;0.160137687854487;8.91035547193413;5.08692018029889e-19;1.16363798625533e-18;;hypothetical protein;Up in serum
AENJPLPP_00890;334.384702088754;-1.02281668542798;0.11489365614966;-8.90229034138887;5.47059436636144e-19;1.24944084665447e-18;wbbD_2;UDP-Gal:alpha-D-GlcNAc-diphosphoundecaprenol beta-1%2C3-galactosyltransferase;Down in serum
AENJPLPP_01352;359.932282491753;1.01413547030584;0.114088559772618;8.88901983097204;6.16503263235672e-19;1.40583986103546e-18;mntD;Manganese transport system membrane protein MntD;Up in serum
AENJPLPP_00354;181.926974733237;1.36895766762166;0.154791626264992;8.84387418527471;9.24557133726045e-19;2.10501201986727e-18;ohrA;Organic hydroperoxide resistance protein OhrA;Up in serum
AENJPLPP_01653;206.026139122842;1.21675931196125;0.137869437406932;8.82544626892103;1.09024179409492e-18;2.47643065866179e-18;;hypothetical protein;Up in serum
AENJPLPP_00359;46.3747243320516;3.0494507204558;0.345663578561783;8.82201918160942;1.1241398969517e-18;2.5494512304699e-18;;hypothetical protein;Up in serum
AENJPLPP_01251;47.0837949774956;-3.03754596547363;0.345230521947125;-8.79860201334937;1.38531037725368e-18;3.13931814674141e-18;sigH;RNA polymerase sigma-H factor;Down in serum
AENJPLPP_00105;239.596737824682;1.15386925312222;0.131199912041489;8.79474105712308;1.43378243938898e-18;3.24663644129137e-18;;hypothetical protein;Up in serum
AENJPLPP_00440;2074.69683963109;1.75573100387773;0.200999392970426;8.73500649893034;2.43642122437238e-18;5.49137662954517e-18;carA;Carbamoyl-phosphate synthase small chain;Up in serum
AENJPLPP_00343;209.748137720132;-1.21913937764377;0.139823715133751;-8.71911732911387;2.80378910648371e-18;6.31448869147763e-18;;hypothetical protein;Down in serum
AENJPLPP_00280;111.865282541244;1.60973211918733;0.185168213368404;8.69335017012162;3.51905644823327e-18;7.90701572319079e-18;;hypothetical protein;Up in serum
AENJPLPP_02641;59.3079545143654;2.64013560556961;0.304214401322278;8.67853590788;4.00895979236646e-18;8.99390671446159e-18;;hypothetical protein;Up in serum
AENJPLPP_03137;229.570373544697;1.15624664064677;0.133430037893843;8.66556480757862;4.49280042967945e-18;1.0071620362761e-17;;hypothetical protein;Up in serum
AENJPLPP_02280;81.0796348601436;-1.95213840353302;0.22797506185561;-8.56294713835595;1.10018384457291e-17;2.45308985864955e-17;;hypothetical protein;Down in serum
AENJPLPP_02198;155.154521439599;1.37678278582765;0.160906316715831;8.55642471923039;1.16421802851497e-17;2.59388133055516e-17;;hypothetical protein;Up in serum
AENJPLPP_02770;98.5032127869684;1.7245295495881;0.202004278588245;8.53709417266003;1.37639373893682e-17;3.06426496007952e-17;;hypothetical protein;Up in serum
AENJPLPP_02764;273.330281237715;1.07828980739643;0.126827452906377;8.50202209920918;1.86316331210284e-17;4.14479111141593e-17;;hypothetical protein;Up in serum
AENJPLPP_01210;243.786510088992;-1.08643064312206;0.12785355716179;-8.49746121453048;1.93782219232473e-17;4.30758643057222e-17;;hypothetical protein;Down in serum
AENJPLPP_00761;134.898247336022;1.43531593439029;0.169076953771835;8.489128189092;2.08192978321804e-17;4.62439323320438e-17;;hypothetical protein;Up in serum
AENJPLPP_01811;840.8381745767;-1.02048259832128;0.120291125561943;-8.48344043298346;2.18631165959232e-17;4.85254539080246e-17;;hypothetical protein;Down in serum
AENJPLPP_03018;62.7763328245584;2.26311654850158;0.267041123127394;8.47478666206005;2.3551072281236e-17;5.22320810989788e-17;;hypothetical protein;Up in serum
AENJPLPP_00053;154.255153364154;1.39146511249713;0.164680624471549;8.44947677944666;2.92611188890772e-17;6.48465587557023e-17;;hypothetical protein;Up in serum
AENJPLPP_02088;128.486295360815;-1.50773597753777;0.178557559516718;-8.4439772901164;3.06718810947111e-17;6.7818160780409e-17;;hypothetical protein;Down in serum
AENJPLPP_02339;59.0919131953269;-2.35245081133006;0.278643085155519;-8.44252356026378;3.10558801932902e-17;6.85630956200615e-17;;hypothetical protein;Down in serum
AENJPLPP_01118;117.490611064679;1.57207992117809;0.187113729573826;8.4017347351191;4.39930720203718e-17;9.68313119601833e-17;uxaB;Altronate oxidoreductase;Up in serum
AENJPLPP_02291;327.551936962127;1.01041678938999;0.120378404697606;8.39367153874635;4.71191351529423e-17;1.03633626559946e-16;;hypothetical protein;Up in serum
AENJPLPP_02950;105.439732758863;1.58717903738585;0.189729991055867;8.36546203661863;5.98798086079461e-17;1.31302712851159e-16;;IS6 family transposase IS1216V;Up in serum
AENJPLPP_02798;168.474974447342;1.30431504647408;0.156824552691357;8.31703342423094;9.01923241116121e-17;1.96293010323628e-16;topB_3;DNA topoisomerase 3;Up in serum
AENJPLPP_01956;206.56384644772;1.15981956335849;0.13996172233303;8.28669113258533;1.16442505827921e-16;2.53045206694705e-16;bglF_2;PTS system beta-glucoside-specific EIIBCA component;Up in serum
AENJPLPP_02892;92.3447860483005;1.72195422670588;0.208841151488432;8.24528218903863;1.64770904774797e-16;3.5700362701206e-16;;hypothetical protein;Up in serum
AENJPLPP_03136;160.955944569181;1.42414527849038;0.173471467564499;8.20968023436396;2.21778327255929e-16;4.79449509257065e-16;;hypothetical protein;Up in serum
AENJPLPP_02144;33.0901956860402;4.32999965397393;0.527679223699386;8.2057421620994;2.29170766104921e-16;4.95063257342382e-16;;hypothetical protein;Up in serum
AENJPLPP_01129;120.21336610052;-1.52303504129461;0.185767095943775;-8.19862653047868;2.43149048028672e-16;5.24481502118142e-16;;hypothetical protein;Down in serum
AENJPLPP_02037;133.25802982786;-1.55779026443006;0.190078639473769;-8.19550407527528;2.49545169320644e-16;5.37879743198902e-16;gmuE_3;Putative fructokinase;Down in serum
AENJPLPP_01755;59.10773288523;-2.2041451099743;0.270080478765059;-8.16106784189932;3.3207557772138e-16;7.15239705861433e-16;;Multidrug efflux system ATP-binding protein;Down in serum
AENJPLPP_02774;73.8558239445801;1.90977284770387;0.234809132339635;8.13329885713951;4.17763003915633e-16;8.98468144314862e-16;;hypothetical protein;Up in serum
AENJPLPP_02820;197.96156122976;-1.12322230939266;0.139204049943522;-8.06889102614742;7.09395457649052e-16;1.52117788856704e-15;;hypothetical protein;Down in serum
AENJPLPP_01443;200.74230380332;-1.22996200040579;0.152647226832703;-8.05754566215474;7.78415195161591e-16;1.66795073459202e-15;;hypothetical protein;Down in serum
AENJPLPP_02632;65.8441121871671;1.96030795988407;0.244849018946167;8.00619078778123;1.18316122494159e-15;2.5333569757573e-15;;hypothetical protein;Up in serum
AENJPLPP_02729;108.148868107064;1.51151749001165;0.188854154407802;8.00362319140596;1.20810700350263e-15;2.58486965040386e-15;;hypothetical protein;Up in serum
AENJPLPP_01775;111.792854440121;-1.47660452654243;0.185176789968269;-7.97402593918738;1.53587283357528e-15;3.27413008153091e-15;padC;Phenolic acid decarboxylase PadC;Down in serum
AENJPLPP_02890;181.835607698307;1.15669232926297;0.14593317567337;7.92617801898518;2.25993558544455e-15;4.80009658994496e-15;btuD_6;Vitamin B12 import ATP-binding protein BtuD;Up in serum
AENJPLPP_01036;85.5699259445296;1.67529605886277;0.211418282359014;7.92408319739309;2.2983570837975e-15;4.87459273708544e-15;lnrL;Linearmycin resistance ATP-binding protein LnrL;Up in serum
AENJPLPP_00924;47.5131337304266;2.41437552937634;0.304712950317757;7.92344246235221;2.31023686797452e-15;4.89622253241761e-15;;hypothetical protein;Up in serum
AENJPLPP_00050;85.329708386477;1.72643201893524;0.21936653017503;7.87007943991155;3.544161307009e-15;7.45707928179929e-15;;hypothetical protein;Up in serum
AENJPLPP_03056;54.8436462855069;2.18745939161653;0.278672506794212;7.8495701523648;4.1746561063381e-15;8.7583563268419e-15;;IS6 family transposase IS1216E;Up in serum
AENJPLPP_02877;117.891185679128;-1.43990813646117;0.183507485606097;-7.84659073555164;4.27499483084189e-15;8.96240816948279e-15;;ISL3 family transposase IS1476;Down in serum
AENJPLPP_02937;210.482496619764;1.0778082545417;0.137485252967346;7.83944627717777;4.52537516432994e-15;9.48049818599193e-15;bglF_4;PTS system beta-glucoside-specific EIIBCA component;Up in serum
AENJPLPP_00709;238.584692472786;1.04563497805126;0.134409157182474;7.77949211177411;7.2816285658135e-15;1.51891850885737e-14;;hypothetical protein;Up in serum
AENJPLPP_02035;204.491748776498;-1.05140878679808;0.136265595760466;-7.71587854535419;1.20151687768008e-14;2.49558997703594e-14;;hypothetical protein;Down in serum
AENJPLPP_02851;240.882300880832;1.02517776445311;0.132951770554369;7.71089967571267;1.24933847999414e-14;2.593067465248e-14;;hypothetical protein;Up in serum
AENJPLPP_02179;44.852969674232;2.38506794912094;0.312252078525086;7.63827725466792;2.20147404966887e-14;4.54981719846398e-14;;hypothetical protein;Up in serum
AENJPLPP_01754;78.2337030077247;-1.86849838178622;0.244647167851815;-7.63752304264557;2.21440417924474e-14;4.57329430493665e-14;;Multidrug efflux system permease protein;Down in serum
AENJPLPP_01624;180.774229548464;1.14256162211539;0.150026394696668;7.6157373802489;2.62190299409064e-14;5.41044354409687e-14;opuCB;Carnitine transport permease protein OpuCB;Up in serum
AENJPLPP_00049;58.3508782148325;1.99447699196175;0.262530587996962;7.59712232840779;3.02788289770369e-14;6.23123321421423e-14;;hypothetical protein;Up in serum
AENJPLPP_01322;85.3262553730344;-1.61932155568768;0.213356045344179;-7.58976176688805;3.20494189749043e-14;6.59095395868089e-14;;hypothetical protein;Down in serum
AENJPLPP_02170;47.3738964235619;2.30057190958729;0.303552719537359;7.57882160665061;3.48707587368861e-14;7.16104721028296e-14;;hypothetical protein;Up in serum
AENJPLPP_00357;47.6174581788732;2.31127555347139;0.305161079683589;7.57395260191068;3.62036550451112e-14;7.42953090143509e-14;bbmA;Intracellular maltogenic amylase;Up in serum
AENJPLPP_02168;40.3965544845029;2.58594902672054;0.343223804269353;7.53429393461052;4.90984179761512e-14;1.00474064052391e-13;;hypothetical protein;Up in serum
AENJPLPP_02040;99.9791779245927;-1.48000647264613;0.198418654655839;-7.45900870668249;8.71758476887289e-14;1.77645954142462e-13;;hypothetical protein;Down in serum
AENJPLPP_00418;87.2826902684847;1.56355770593461;0.209780004979814;7.4533209496542;9.10194973764525e-14;1.85219270691984e-13;;hypothetical protein;Up in serum
AENJPLPP_00472;43.0512191718706;-2.64017357158574;0.355511418648554;-7.4264100478745;1.11584718888459e-13;2.26593236682839e-13;;hypothetical protein;Down in serum
AENJPLPP_01307;166.342109923318;1.13603882497799;0.15314229393303;7.41819125077744;1.18730573348024e-13;2.40768405006577e-13;;hypothetical protein;Up in serum
AENJPLPP_01841;155.895752623549;-1.23457570691414;0.166869722584159;-7.39844045879263;1.37793150339343e-13;2.79035920575916e-13;galM;Aldose 1-epimerase;Down in serum
AENJPLPP_02778;118.216474212265;1.30618183250676;0.176910691844967;7.38328372855731;1.54432434705596e-13;3.12513724713479e-13;;hypothetical protein;Up in serum
AENJPLPP_01543;58.1468616304892;-1.94986933373229;0.266620955844632;-7.31326360883852;2.60730798470404e-13;5.25431200792953e-13;;hypothetical protein;Down in serum
AENJPLPP_02039;38.452291921322;-2.60193781856331;0.358851981289182;-7.2507271917959;4.14539895762884e-13;8.31936717065139e-13;;hypothetical protein;Down in serum
AENJPLPP_03049;135.082627402368;1.20642877332232;0.167138593923219;7.21813403477918;5.27057551865394e-13;1.05411510373079e-12;;hypothetical protein;Up in serum
AENJPLPP_00348;68.5300612740733;-1.71343055428142;0.237689684671822;-7.20868706038781;5.64939253209651e-13;1.12910302357344e-12;uxuA_3;Mannonate dehydratase;Down in serum
AENJPLPP_02788;170.558962569379;1.06532821591131;0.148224308624706;7.18727060221035;6.60993266632648e-13;1.31746228092695e-12;;hypothetical protein;Up in serum
AENJPLPP_00203;62.6986257009696;-1.87743378766015;0.262548192205989;-7.15081590120857;8.62636182055546e-13;1.71233576151721e-12;;hypothetical protein;Down in serum
AENJPLPP_01416;48.7973162733775;-2.09032038115502;0.295926156613621;-7.06365535603623;1.6217869332835e-12;3.20613954495692e-12;;hypothetical protein;Down in serum
AENJPLPP_01364;72.5221265085832;-1.74368859833556;0.247995044819712;-7.03114289885588;2.04848568284679e-12;4.03598803007433e-12;glxK;Glycerate kinase;Down in serum
AENJPLPP_02914;97.9564026391463;-1.42433497128521;0.20351451415793;-6.99868988302186;2.58367027400329e-12;5.07668545067313e-12;;hypothetical protein;Down in serum
AENJPLPP_02344;88.8632354125055;1.62455458180807;0.232396691436415;6.99043765109949;2.74030058098051e-12;5.37719359286742e-12;;hypothetical protein;Up in serum
AENJPLPP_03004;189.67811867186;-1.00035395508436;0.1434141068508;-6.97528281597201;3.05256111104472e-12;5.98186941814417e-12;;hypothetical protein;Down in serum
AENJPLPP_02143;27.6487460904029;5.42850904470786;0.781440792818522;6.94679506700458;3.73677902537783e-12;7.30792513223656e-12;;hypothetical protein;Up in serum
AENJPLPP_00944;23.5369194500272;4.35886633639676;0.628110465097105;6.93964927924404;3.93074566571455e-12;7.67694928139555e-12;;hypothetical protein;Up in serum
AENJPLPP_02192;31.7185947361195;6.05730460673869;0.874649615673076;6.92540704094103;4.34723722592482e-12;8.48468820502217e-12;;hypothetical protein;Up in serum
AENJPLPP_02638;74.8778976730146;1.63384845841326;0.237267203229533;6.88611167567339;5.73379853900906e-12;1.11460756646157e-11;;hypothetical protein;Up in serum
AENJPLPP_00399;36.1346009611498;-2.48901250501132;0.363404454297129;-6.84915244042726;7.42888022153445e-12;1.44219328034055e-11;;hypothetical protein;Down in serum
AENJPLPP_01035;132.614568119979;1.13908237769274;0.167056313879642;6.81855328445359;9.19618677316868e-12;1.78053829012415e-11;;hypothetical protein;Up in serum
AENJPLPP_01717;91.76080995294;-1.40747579711828;0.207713810147449;-6.77603379437871;1.2351979802088e-11;2.38047420143484e-11;manR_2;Transcriptional regulator ManR;Down in serum
AENJPLPP_02605;33.1245256420605;2.59976003524872;0.384548063368492;6.76055942780164;1.37459931666985e-11;2.64562670862036e-11;pfkB;ATP-dependent 6-phosphofructokinase isozyme 2;Up in serum
AENJPLPP_02786;104.142939379541;1.28142497640291;0.189752532243002;6.75313768546648;1.4468151841082e-11;2.7809411327545e-11;;hypothetical protein;Up in serum
AENJPLPP_02181;35.2364293368636;2.34107012680684;0.350408271840895;6.68097848977099;2.37352068404136e-11;4.54119069114877e-11;;hypothetical protein;Up in serum
AENJPLPP_00412;89.2037250888558;1.43048987949395;0.216335019680143;6.61238241320783;3.78183496572122e-11;7.1978453726668e-11;ulaA_1;Ascorbate-specific PTS system EIIC component;Up in serum
AENJPLPP_02059;22.7403606162609;-4.13194080023908;0.630551217628353;-6.55290273767173;5.64292724686027e-11;1.06771956743711e-10;;hypothetical protein;Down in serum
AENJPLPP_02180;50.9834578824105;1.96255206906764;0.299875919866989;6.54454705779022;5.96759720565869e-11;1.12841838070637e-10;;hypothetical protein;Up in serum
AENJPLPP_02056;109.266742933686;1.19613265686907;0.184914586507898;6.4685684318256;9.89357115641706e-11;1.85991473256853e-10;ydjF;putative HTH-type transcriptional regulator YdjF;Up in serum
AENJPLPP_01950;52.5576930858716;-1.76333747888923;0.273176980910345;-6.45492703306486;1.08271056919174e-10;2.03278734847605e-10;;hypothetical protein;Down in serum
AENJPLPP_00636;57.5219816115854;-1.74402405593484;0.270784627409168;-6.44063170284606;1.18977261857689e-10;2.2309194238866e-10;;hypothetical protein;Down in serum
AENJPLPP_01516;43.1670952774125;-2.00684049591777;0.311941036289016;-6.43339690023475;1.2478324630548e-10;2.33828065149008e-10;;hypothetical protein;Down in serum
AENJPLPP_01933;38.8394722151838;-2.13960021775281;0.334564390483567;-6.39518214912326;1.60356082124153e-10;2.99908099643888e-10;;hypothetical protein;Down in serum
AENJPLPP_02912;29.6894962325059;-2.90310131981791;0.455126714713198;-6.37866604171396;1.78637097852693e-10;3.33455915991694e-10;;IS3 family transposase ISEfa8;Down in serum
AENJPLPP_02785;73.596860035264;1.44269381421897;0.227201655551931;6.34983847593142;2.15541121360338e-10;4.01571174281065e-10;;hypothetical protein;Up in serum
AENJPLPP_01607;57.1407405536181;1.58979259557855;0.251324880984781;6.32564746215803;2.52172952489832e-10;4.68919308844439e-10;;hypothetical protein;Up in serum
AENJPLPP_02975;108.994723812629;-1.18060156860288;0.187252162632534;-6.30487547916714;2.88425686246458e-10;5.35989533088505e-10;;hypothetical protein;Down in serum
AENJPLPP_00098;143.95471012489;1.03468839306554;0.164500073542788;6.28989623397587;3.17678247605334e-10;5.88847267362656e-10;feuB;Iron-uptake system permease protein FeuB;Up in serum
AENJPLPP_02794;44.6229795705888;1.95279158506979;0.311675227341589;6.26546935323023;3.71704103652767e-10;6.87676207011981e-10;;hypothetical protein;Up in serum
AENJPLPP_02166;24.490697431304;2.76973097346373;0.442366221344503;6.26117194266226;3.82094934618431e-10;7.06451079116744e-10;;hypothetical protein;Up in serum
AENJPLPP_02991;112.321084342667;-1.10124378801364;0.179232222321696;-6.14422883200693;8.03529328020985e-10;1.47626334586568e-09;bin3_1;Putative transposon Tn552 DNA-invertase bin3;Down in serum
AENJPLPP_01666;41.7001084300845;1.8179945311877;0.301910352686624;6.02163693629526;1.72661854325446e-09;3.14637872212577e-09;;3-sulfolactaldehyde dehydrogenase;Up in serum
AENJPLPP_02188;20.4362573457406;5.40802493049822;0.898466466904918;6.01917281245682;1.75310629105714e-09;3.190653449724e-09;;hypothetical protein;Up in serum
AENJPLPP_00740;68.6501832872268;-1.52781816433579;0.254705816215034;-5.998363865574;1.99315511195043e-09;3.61624154890944e-09;lacR_1;Lactose phosphotransferase system repressor;Down in serum
AENJPLPP_02255;17.9602827186541;4.45631780549701;0.745616566646137;5.97668829374595;2.27719317215947e-09;4.12130920902944e-09;;hypothetical protein;Up in serum
AENJPLPP_03096;88.2140251388053;-1.20556260326848;0.20362632872672;-5.9204652502792;3.21032125027696e-09;5.80288980807356e-09;;hypothetical protein;Down in serum
AENJPLPP_01994;132.772176329538;-1.03988184868121;0.175839597003657;-5.91380932623262;3.34284842475918e-09;6.03869392859722e-09;gdx;Guanidinium exporter;Down in serum
AENJPLPP_00962;20.852295644597;3.20604254915751;0.545566181690011;5.87654194258538;4.18925300766707e-09;7.53961975174692e-09;;hypothetical protein;Up in serum
AENJPLPP_01845;126.260242629273;-1.048791622784;0.179107284299974;-5.85566146504379;4.75115159966006e-09;8.53196530668028e-09;;hypothetical protein;Down in serum
AENJPLPP_02793;36.1367169290438;1.89637698046186;0.327288516917091;5.79420567004572;6.86452943762888e-09;1.22635028971628e-08;;hypothetical protein;Up in serum
AENJPLPP_02315;16.6740063055266;4.34144924827454;0.752890767963244;5.76637333463291;8.09955320007913e-09;1.444329388771e-08;manX_4;PTS system mannose-specific EIIAB component;Up in serum
AENJPLPP_02891;89.5975207410293;1.21902415897594;0.211824233563521;5.75488525778324;8.67006635002557e-09;1.5451183115835e-08;;hypothetical protein;Up in serum
AENJPLPP_00263;50.6699867816364;-1.58655024030306;0.275746120245751;-5.75366296682287;8.73301807344257e-09;1.5553852373006e-08;xerC_2;Tyrosine recombinase XerC;Down in serum
AENJPLPP_00397;19.5337243086999;-3.18266287623091;0.553365900902954;-5.75146186463171;8.84750401337779e-09;1.57481245030294e-08;hrtA_1;Putative hemin import ATP-binding protein HrtA;Down in serum
AENJPLPP_02762;57.3606289259514;1.43461806457485;0.251570957682971;5.70263784734149;1.17967442171361e-08;2.09336497015846e-08;;hypothetical protein;Up in serum
AENJPLPP_03106;47.4646256781506;-1.70740086221998;0.301591485249556;-5.6613032718983;1.50227661414105e-08;2.65611991522692e-08;;hypothetical protein;Down in serum
AENJPLPP_01292;49.0356440571375;1.539045084108;0.275032723958431;5.59586169222763;2.195286616738e-08;3.86264327972269e-08;;hypothetical protein;Up in serum
AENJPLPP_02639;18.6772303500774;2.92363666928419;0.525308875394123;5.56555734393536;2.61315828988897e-08;4.58404634949197e-08;;hypothetical protein;Up in serum
AENJPLPP_02316;23.252998640621;2.53046070605953;0.459843254222418;5.50287664943235;3.73643851986664e-08;6.5152748322465e-08;;putative phosphotransferase enzyme IIB component;Up in serum
AENJPLPP_00971;18.386600445493;6.75660037740701;1.22968468028043;5.49457961521173;3.91642213878046e-08;6.82502768888612e-08;;hypothetical protein;Up in serum
AENJPLPP_03007;52.8111138273849;-1.45877156881233;0.265603986114078;-5.49228040646115;3.96776748062502e-08;6.91037015764357e-08;;hypothetical protein;Down in serum
AENJPLPP_02804;39.4829562924883;1.71516803430412;0.314390705516702;5.45553034554642;4.88268918072015e-08;8.48859157866094e-08;;hypothetical protein;Up in serum
AENJPLPP_00920;17.099470651055;3.02389899314875;0.554841364892375;5.45002442947869;5.03629016490581e-08;8.75040391420388e-08;;hypothetical protein;Up in serum
AENJPLPP_03138;36.3513246545867;1.75613309097261;0.322899908309094;5.43862988431561;5.36918611442128e-08;9.31213220083072e-08;;hypothetical protein;Up in serum
AENJPLPP_01576;50.0001197175965;1.72987758555941;0.319786709553205;5.40947304525673;6.32104633541501e-08;1.09239685036965e-07;;IS30 family transposase IS1252;Up in serum
AENJPLPP_02702;89.989598537961;-1.07012180036218;0.198089162106165;-5.40222286259483;6.58201016611737e-08;1.13682168468172e-07;;hypothetical protein;Down in serum
AENJPLPP_02983;20.7226198034076;-2.56911587694725;0.477204894880753;-5.38367461127832;7.29803826330307e-08;1.25899807006745e-07;;hypothetical protein;Down in serum
AENJPLPP_02253;34.1896837254707;-1.81744273858554;0.339068449103097;-5.36010573497191;8.31732571338648e-08;1.43398771328487e-07;;hypothetical protein;Down in serum
AENJPLPP_02249;79.3660079688467;1.11558426976949;0.208602954602912;5.34788336000833;8.89887810356953e-08;1.53153268543702e-07;mtlA;PTS system mannitol-specific EIICB component;Up in serum
AENJPLPP_02899;18.3448824740466;2.89878146466747;0.544498630274407;5.32376263868027;1.01642520578285e-07;1.74621250692605e-07;;IS1182 family transposase ISEfa7;Up in serum
AENJPLPP_01875;74.4498804422071;1.16266355732985;0.219588752862091;5.2947318210785;1.19191198101952e-07;2.04287680325417e-07;araQ_4;L-arabinose transport system permease protein AraQ;Up in serum
AENJPLPP_03100;48.9764059341411;-1.54258562004081;0.292883551641529;-5.2668905829469;1.38753849900364e-07;2.3711925522879e-07;;hypothetical protein;Down in serum
AENJPLPP_00776;41.0594917097094;1.5757757681628;0.299367099874667;5.26369052852673;1.4119204025306e-07;2.41003060502293e-07;malH;Maltose-6'-phosphate glucosidase MalH;Up in serum
AENJPLPP_00733;100.586880833335;-1.0926540906454;0.208198893170509;-5.2481263180902;1.53653931933067e-07;2.6212082588699e-07;mhqA;Putative ring-cleaving dioxygenase MhqA;Down in serum
AENJPLPP_00018;52.0630587018413;1.34188812969015;0.259050388101985;5.18002748238255;2.21853212737997e-07;3.76478179191753e-07;;hypothetical protein;Up in serum
AENJPLPP_03024;35.9541011494644;-1.71300151365616;0.333751405541182;-5.13256718987747;2.8581664472272e-07;4.82771501991044e-07;;hypothetical protein;Down in serum
AENJPLPP_02604;25.1338550759956;2.06564521822982;0.402539630265302;5.13153255710105;2.87392501235081e-07;4.85151862954525e-07;glvR;HTH-type transcriptional regulator GlvR;Up in serum
AENJPLPP_00329;39.2040084629103;-1.66499439343407;0.325018147990235;-5.12277361658;3.01073741950142e-07;5.07952918052615e-07;glsA;Glutaminase;Down in serum
AENJPLPP_02923;18.7733846644415;2.50328808779066;0.489027427128852;5.11891143302087;3.07304222797497e-07;5.17864523603189e-07;;IS30 family transposase IS1252;Up in serum
AENJPLPP_00218;64.492014219474;1.29329052936355;0.258594822911682;5.00122359296128;5.69675972364671e-07;9.5393699340191e-07;cheB;Protein-glutamate methylesterase/protein-glutamine glutaminase;Up in serum
AENJPLPP_00328;25.5274050564613;-2.00409595183;0.401177850087677;-4.99552991620053;5.86744268740148e-07;9.81953626765121e-07;gadC_1;Glutamate/gamma-aminobutyrate antiporter;Down in serum
AENJPLPP_01876;53.0156589813867;1.27514356959239;0.256359134179317;4.97405163141351;6.55678331513929e-07;1.09605930044119e-06;;hypothetical protein;Up in serum
AENJPLPP_01735;69.1423230254795;1.23796953717531;0.250046242422521;4.95096237072593;7.38473829609848e-07;1.23093061924664e-06;glpO;Alpha-glycerophosphate oxidase;Up in serum
AENJPLPP_00931;13.7349179658981;5.42879247184174;1.10056174480887;4.93274684264493;8.10812144873538e-07;1.3484208828508e-06;;hypothetical protein;Up in serum
AENJPLPP_00219;76.1121432890816;-1.05590047207276;0.214925685252112;-4.91286311747322;8.97559423065571e-07;1.48928378345695e-06;lacE_1;Lactose-binding protein;Down in serum
AENJPLPP_02189;7.01235845028271;6.34342822393901;1.30902609303251;4.84591426993158;1.26029933135378e-06;2.08640798914281e-06;;hypothetical protein;Up in serum
AENJPLPP_02902;56.2679906074069;1.25813064385233;0.260355606143057;4.8323547262548;1.34927564700438e-06;2.22863907207984e-06;;IS66 family transposase ISRob1;Up in serum
AENJPLPP_03107;17.5638577363234;-2.40441252938419;0.508754949825651;-4.72607201209183;2.28904500724944e-06;3.75320893080539e-06;;hypothetical protein;Down in serum
AENJPLPP_01931;44.0659941666809;-1.43425126184602;0.304008473674534;-4.71780027875639;2.38408364466526e-06;3.90464092984546e-06;;hypothetical protein;Down in serum
AENJPLPP_02526;54.8364809664236;-1.20672707877676;0.255940642293435;-4.71487086991543;2.41864087563336e-06;3.95678776957547e-06;comFA;ComF operon protein 1;Down in serum
AENJPLPP_00775;19.5494177414984;2.07480909928081;0.44453211611811;4.66739977619422;3.05035459383072e-06;4.97069534260496e-06;ptsG_1;PTS system glucose-specific EIICBA component;Up in serum
AENJPLPP_02165;13.728430142735;2.95866545486553;0.63424172346635;4.66488618676079;3.08787899040823e-06;5.02902887028454e-06;;hypothetical protein;Up in serum
AENJPLPP_00327;28.2640173761343;-1.78886032105307;0.387756692861257;-4.61335769049675;3.96215577357227e-06;6.43850313205494e-06;amt;Ammonia channel;Down in serum
AENJPLPP_01329;15.2613942615972;2.46648815474653;0.534764110467633;4.61229186190089;3.98253256296312e-06;6.46800603644652e-06;;hypothetical protein;Up in serum
AENJPLPP_00396;10.9163513729941;-4.29057145791577;0.944643948946442;-4.54199856221069;5.57234213058308e-06;9.01481126903219e-06;lolD_1;Lipoprotein-releasing system ATP-binding protein LolD;Down in serum
AENJPLPP_01711;46.6959273520301;1.23796020011942;0.272898393525793;4.53634110529278;5.723857708333e-06;9.2547882546728e-06;;IS30 family transposase IS1252;Up in serum
AENJPLPP_02177;12.0080551591364;-3.13717300236355;0.696384025420472;-4.50494682222119;6.63895656938299e-06;1.07224855962525e-05;;hypothetical protein;Down in serum
AENJPLPP_02541;73.1993051997803;-1.00723099276415;0.225806904139355;-4.46058545730979;8.17360578064328e-06;1.31355077446099e-05;;hypothetical protein;Down in serum
AENJPLPP_00319;40.7336701429801;-1.37490023300394;0.308417737629067;-4.45791556469275;8.27604867424454e-06;1.32854761518192e-05;;hypothetical protein;Down in serum
AENJPLPP_01265;10.6088493747763;-3.79686073486458;0.851942862569641;-4.45670819215791;8.32277708281612e-06;1.33531277493998e-05;yfmO_1;Multidrug efflux protein YfmO;Down in serum
AENJPLPP_02313;27.1686050895724;1.59749948171768;0.361055236388734;4.4245293260273;9.66527743782217e-06;1.54644439005155e-05;;hypothetical protein;Up in serum
AENJPLPP_00482;24.2677347340973;1.73135282549636;0.393001118493566;4.40546538934268;1.05557005863543e-05;1.68613275411211e-05;;IS30 family transposase IS1252;Up in serum
AENJPLPP_02799;34.512172465656;1.4163507850079;0.324476547325143;4.36503284038165;1.27103661702684e-05;2.02365151929041e-05;;hypothetical protein;Up in serum
AENJPLPP_00361;12.680575754394;-2.6410722512467;0.614326046061198;-4.29913767807853;1.71463937913281e-05;2.716555969551e-05;;hypothetical protein;Down in serum
AENJPLPP_01665;9.61851825920025;-4.09907509182818;0.957504702238683;-4.28099734888444;1.86057574766687e-05;2.94456335717713e-05;;hypothetical protein;Down in serum
AENJPLPP_01548;26.8216483913609;-1.54562029927871;0.367760628103827;-4.20278893705376;2.63646395170122e-05;4.14993677154268e-05;;hypothetical protein;Down in serum
AENJPLPP_02701;31.8236727937581;-1.50070374161493;0.357294409264896;-4.20018814372861;2.66693272557247e-05;4.19562836135442e-05;;IS21 family transposase ISCth15;Down in serum
AENJPLPP_00402;50.7878809441575;-1.11042098854627;0.26634969271386;-4.16903423928179;3.0589303839226e-05;4.78605003964889e-05;;hypothetical protein;Down in serum
AENJPLPP_00531;30.6494108039358;-1.46729509123385;0.354959808506195;-4.13369360719679;3.56979308356394e-05;5.56788294554805e-05;;hypothetical protein;Down in serum
AENJPLPP_01541;22.4189413370596;-1.70845351111787;0.41552457945163;-4.11155824613919;3.92997699406884e-05;6.11003363947062e-05;;hypothetical protein;Down in serum
AENJPLPP_03051;31.2250758729432;-1.45537723967794;0.355473589463102;-4.09419231925529;4.23642568222056e-05;6.5829624261613e-05;;hypothetical protein;Down in serum
AENJPLPP_00021;29.483053090589;1.42969201678876;0.354329087356642;4.03492704325946;5.46192661899689e-05;8.45118507679009e-05;;IS30 family transposase IS1062;Up in serum
AENJPLPP_00578;25.346094283738;1.51130329037179;0.375243034977879;4.02753189132715;5.63654239525758e-05;8.71673470790763e-05;;hypothetical protein;Up in serum
AENJPLPP_03105;17.5316877824474;-1.90527801429798;0.47318339928144;-4.02651068738099;5.66106675286424e-05;8.75001400442711e-05;;hypothetical protein;Down in serum
AENJPLPP_03076;14.1508873723596;2.30580629886109;0.57548276117653;4.00673391874859;6.15641512734838e-05;9.51059992086921e-05;;IS6 family transposase IS1216E;Up in serum
AENJPLPP_02779;34.1272950320731;1.30674863081086;0.326393688204931;4.00359650947169;6.23867335965802e-05;9.62745989577326e-05;;hypothetical protein;Up in serum
AENJPLPP_02922;39.4227584548137;1.21395738045626;0.307598878736574;3.94655983611658;7.92821150216212e-05;0.000121895205355312;;hypothetical protein;Up in serum
AENJPLPP_02527;55.3740159867771;-1.00684768236657;0.255349547733266;-3.94301729258714;8.04628511859477e-05;0.000123645288999198;;hypothetical protein;Down in serum
AENJPLPP_01836;9.3720520006354;-2.9646649652516;0.75697960947861;-3.91643966116022;8.98662946005406e-05;0.000137659468635862;;IS3 family transposase ISEfa10;Down in serum
AENJPLPP_01324;53.0838638989497;-1.01839648883044;0.260260826005823;-3.91298415693055;9.11625177631487e-05;0.000139425027167169;noxE;NADH oxidase;Down in serum
AENJPLPP_00952;8.88999288055431;-3.19595285051432;0.829339579262864;-3.8536118743482;0.000116388045575829;0.000176982761732017;;hypothetical protein;Down in serum
AENJPLPP_03103;36.9605635952283;-1.23355582654838;0.320446295683574;-3.84949316988347;0.000118362483876349;0.000179797367265482;;hypothetical protein;Down in serum
AENJPLPP_02855;31.1379978156473;1.31902652613546;0.345648790982054;3.81608893347451;0.00013558365360103;0.000205314404204992;;IS3 family transposase IS1485;Up in serum
AENJPLPP_02640;6.96267993753117;3.79113739880835;1.01029539934192;3.75250387290469;0.000175077126384133;0.000264021021248366;;hypothetical protein;Up in serum
AENJPLPP_00726;30.1288102164673;-1.36921468470041;0.365721692439049;-3.74387057975405;0.000181207015947598;0.000272841173960396;spxA_2;Regulatory protein Spx;Down in serum
AENJPLPP_02971;41.4215109939025;-1.12485633944795;0.301104502289308;-3.73576725321483;0.000187143703658727;0.000281198382380915;;hypothetical protein;Down in serum
AENJPLPP_02426;43.9629774760008;-1.03076242944805;0.278931935506699;-3.695390517316;0.000219549072324172;0.000329041121259902;;hypothetical protein;Down in serum
AENJPLPP_00777;18.2661655382558;1.67451387833839;0.453299621342627;3.6940553212435;0.000220705752856472;0.000330604502221217;gamP;Putative PTS system glucosamine-specific EIICBA component;Up in serum
AENJPLPP_02637;18.96793375234;1.59890671454073;0.434068132646209;3.68353858366269;0.000230018448476391;0.000343846879857932;;hypothetical protein;Up in serum
AENJPLPP_00088;28.7267813978709;-1.2680212345824;0.346168694252169;-3.66301533222615;0.000249263612707038;0.000372233661642509;cbh_1;Choloylglycine hydrolase;Down in serum
AENJPLPP_02791;29.4741174943383;1.2810140261808;0.34999234365554;3.66012014091818;0.00025209702092929;0.000376079162369924;;hypothetical protein;Up in serum
AENJPLPP_02319;29.7135415050352;-1.36142385516565;0.374250223831214;-3.63773691630349;0.000275044155044393;0.000409891801171582;nodM;Glutamine--fructose-6-phosphate aminotransferase [isomerizing];Down in serum
AENJPLPP_01017;32.338559916874;-1.21587088599341;0.334263126677737;-3.63746638188312;0.000275333115666253;0.0004101125487571;;IS982 family transposase ISEfm1;Down in serum
AENJPLPP_02442;7.25609474974926;3.05540345573506;0.843147988814691;3.62380447592644;0.000290301095220341;0.000431965656250195;;hypothetical protein;Up in serum
AENJPLPP_00289;7.25553139460182;3.0554342650757;0.8467501817816;3.60842469339295;0.000308061906602523;0.000457925611039585;fldH;Phenyllactate dehydrogenase;Up in serum
AENJPLPP_01363;22.851000123813;-1.50152900762121;0.416454735324623;-3.60550350436231;0.000311548286527169;0.000462871739983222;yvdM_1;Beta-phosphoglucomutase;Down in serum
AENJPLPP_01134;37.5326061734263;-1.07043672340456;0.306297559757913;-3.4947608601603;0.000474486682488372;0.000698889842896378;;hypothetical protein;Down in serum
AENJPLPP_02898;24.6032899261131;-1.31685813487963;0.377952883009912;-3.4841859768142;0.000493636349493717;0.000725994469558436;cutD;Choline trimethylamine-lyase activating enzyme;Down in serum
AENJPLPP_03066;28.6122768162595;1.22486440799253;0.352066711486817;3.47906907420981;0.00050315887637416;0.000739625768804419;;IS6 family transposase IS1216E;Up in serum
AENJPLPP_01334;3.37654722353896;-5.10878832300999;1.47072049290135;-3.4736636551053;0.00051340416403355;0.000754305209720332;;hypothetical protein;Down in serum
AENJPLPP_02704;16.3390423518026;1.68609477251134;0.487336840155664;3.45981389786328;0.0005405488369608;0.000791789845689059;;IS30 family transposase IS1252;Up in serum
AENJPLPP_02963;14.0014444093311;1.81117212955492;0.527451179250975;3.43381947145693;0.000595140422031413;0.000868696194965151;;IS200/IS605 family transposase ISEfa4;Up in serum
AENJPLPP_02254;22.8604747426911;-1.33342534560712;0.391499272657087;-3.40594590778477;0.000659352416639833;0.00095953734995262;natA_1;ABC transporter ATP-binding protein NatA;Down in serum
