gene_id;baseMean;log2FoldChange;lfcSE;stat;pvalue;padj;gene_name;product;significance
AENJPLPP_00096;3868.85823036917;3.83559531563572;0.0679166866562962;56.4750064302518;0;0;yfiY;putative siderophore-binding lipoprotein YfiY;Up in serum
AENJPLPP_00119;63818.942581022;3.08440454838351;0.05441848311393;56.6793554668922;0;0;argS;Arginine--tRNA ligase;Up in serum
AENJPLPP_00124;28687.0069622063;-2.7934596848953;0.0607300886143632;-45.9979517341693;0;0;rpsB;30S ribosomal protein S2;Down in serum
AENJPLPP_00144;3438.009191537;2.5900836430902;0.0669018229996896;38.7146945622426;0;0;gdhIV;Glucose 1-dehydrogenase 4;Up in serum
AENJPLPP_00145;2665.22108619093;3.12296116271226;0.0732446378618957;42.6374032813251;0;0;glcU_1;Glucose uptake protein GlcU;Up in serum
AENJPLPP_00186;25761.8120492439;-2.1268681852645;0.0501427986165264;-42.4162241427728;0;0;tig;Trigger factor;Down in serum
AENJPLPP_00189;2935.16311702776;2.96427432360426;0.0726369214876835;40.8094707607741;0;0;;hypothetical protein;Up in serum
AENJPLPP_00192;5503.84438181119;-5.4287531679565;0.0856676974492247;-63.3698970510341;0;0;glcR;HTH-type transcriptional repressor GlcR;Down in serum
AENJPLPP_00193;8861.97254050175;-6.03958851728121;0.104860581303619;-57.5963669302374;0;0;lacC_1;Tagatose-6-phosphate kinase;Down in serum
AENJPLPP_00194;8238.78479002615;-5.51414032242422;0.0714513372653625;-77.1733676858321;0;0;fruA_1;PTS system fructose-specific EIIABC component;Down in serum
AENJPLPP_00268;5001.17778697512;4.65871563071091;0.0736524324405199;63.2527056655351;0;0;;hypothetical protein;Up in serum
AENJPLPP_00308;1228.75034532076;4.99163764860482;0.120710656902728;41.3520875180657;0;0;;hypothetical protein;Up in serum
AENJPLPP_00310;3702.60173111491;7.44522993934081;0.139605568937343;53.3304652243662;0;0;gspA_1;General stress protein A;Up in serum
AENJPLPP_00311;2359.21180906817;7.28622735950481;0.163035531261904;44.691039450781;0;0;gspA_2;General stress protein A;Up in serum
AENJPLPP_00313;3466.98134219328;7.43778348954098;0.149371993915318;49.7936948860549;0;0;;hypothetical protein;Up in serum
AENJPLPP_00315;3058.01309546603;3.57230192637981;0.0899170452979946;39.7288624703005;0;0;;hypothetical protein;Up in serum
AENJPLPP_00316;15499.6122349261;4.27376339643081;0.0762743296839518;56.0314776169055;0;0;;hypothetical protein;Up in serum
AENJPLPP_00317;1557.94576764377;3.73211113446152;0.0890004928617895;41.9336007527192;0;0;;hypothetical protein;Up in serum
AENJPLPP_00322;7445.44573067473;3.15305252977389;0.0770945356104473;40.8985215982883;0;0;;hypothetical protein;Up in serum
AENJPLPP_00324;6235.54801011501;3.12728504184389;0.0721031136608806;43.3723993744891;0;0;;Stress response regulator gls24 ;Up in serum
AENJPLPP_00331;2783.80639403152;-3.03523736695265;0.0724540410378614;-41.891898967603;0;0;dxs;1-deoxy-D-xylulose-5-phosphate synthase;Down in serum
AENJPLPP_00344;9608.45203476445;-4.59316028721021;0.0715606616346415;-64.1855480691465;0;0;ahpF;NADH dehydrogenase;Down in serum
AENJPLPP_00345;2926.38049114126;-4.97070340563275;0.0964535765963229;-51.5346717150378;0;0;ahpC;Alkyl hydroperoxide reductase C;Down in serum
AENJPLPP_00372;1860.9173955794;-3.18620128314341;0.078645558662688;-40.513429331834;0;0;nupC;Nucleoside permease NupC;Down in serum
AENJPLPP_00373;2964.81169902814;-3.24141185336389;0.0708514003403785;-45.7494395000207;0;0;;hypothetical protein;Down in serum
AENJPLPP_00392;11518.2648322557;5.60922855905667;0.0750847413303213;74.7053057608591;0;0;ysnF;Stress response protein YsnF;Up in serum
AENJPLPP_00410;2295.04161149322;4.8345957091194;0.106944086218684;45.2067606546604;0;0;;hypothetical protein;Up in serum
AENJPLPP_00427;4726.23596755296;3.08514776919009;0.0607376318898937;50.7946667196855;0;0;;hypothetical protein;Up in serum
AENJPLPP_00449;12540.105133102;3.65556146489978;0.0673867484172141;54.2474826395683;0;0;fhs1;Formate--tetrahydrofolate ligase 1;Up in serum
AENJPLPP_00455;14068.9740961145;-2.11133646060712;0.0520194947646583;-40.5874080507516;0;0;alaS;Alanine--tRNA ligase;Down in serum
AENJPLPP_00486;1969.93510443875;3.95312399414534;0.0905524709840137;43.6556170272067;0;0;;hypothetical protein;Up in serum
AENJPLPP_00494;16662.5264437541;2.84954551418117;0.053692003281084;53.0720654854963;0;0;gap_1;Glyceraldehyde-3-phosphate dehydrogenase;Up in serum
AENJPLPP_00499;4403.45749280618;-3.27838014519125;0.068933873100006;-47.5583337735155;0;0;fabZ_1;3-hydroxyacyl-[acyl-carrier-protein] dehydratase FabZ;Down in serum
AENJPLPP_00500;7030.04492983305;-3.67489816503077;0.0770555034191178;-47.6915729826899;0;0;fabI;Enoyl-[acyl-carrier-protein] reductase [NADH] FabI;Down in serum
AENJPLPP_00513;3369.44921303474;-2.84625221841699;0.0662417841701464;-42.9676261603432;0;0;pheS;Phenylalanine--tRNA ligase alpha subunit;Down in serum
AENJPLPP_00528;14153.9064113567;7.75562445371592;0.10099640470775;76.7910944568587;0;0;;hypothetical protein;Up in serum
AENJPLPP_00580;32413.8443166595;5.80642498961303;0.087077525750647;66.6810975571373;0;0;ydhF;Oxidoreductase YdhF;Up in serum
AENJPLPP_00591;28218.8155118357;3.72095257657659;0.0603698374918084;61.6359548273007;0;0;purB;Adenylosuccinate lyase;Up in serum
AENJPLPP_00592;9608.48892597635;3.45853985904793;0.0579414481140333;59.6902557948025;0;0;purK;N5-carboxyaminoimidazole ribonucleotide synthase;Up in serum
AENJPLPP_00593;3083.76309058547;5.63710666170996;0.104412108767472;53.9890126562227;0;0;purE;N5-carboxyaminoimidazole ribonucleotide mutase;Up in serum
AENJPLPP_00658;6842.35452076235;-2.33420093103738;0.059297371812204;-39.3643235728868;0;0;topA;DNA topoisomerase 1;Down in serum
AENJPLPP_00662;1701.19157107017;5.12879113412231;0.105169205393199;48.7670427379111;0;0;;hypothetical protein;Up in serum
AENJPLPP_00663;3936.33685411109;6.97722552224783;0.122110480347783;57.1386297259332;0;0;folT_1;Folate transporter FolT;Up in serum
AENJPLPP_00712;21187.1701370306;2.89454907689483;0.0742208151794094;38.9991550200306;0;0;tuf_1;Elongation factor Tu;Up in serum
AENJPLPP_00808;13917.767966532;4.68434192937861;0.074548235608378;62.8363889654844;0;0;pbuO;Guanine/hypoxanthine permease PbuO;Up in serum
AENJPLPP_00819;8845.30913008506;-2.37769792221463;0.0564369905928399;-42.1301330428537;0;0;yeeN;putative transcriptional regulatory protein YeeN;Down in serum
AENJPLPP_00820;4412.51344852091;-3.10908924149159;0.0662234739029878;-46.9484468006943;0;0;tmcAL;tRNA(Met) cytidine acetate ligase;Down in serum
AENJPLPP_00821;7857.65516799762;-2.51402102643466;0.0548815897658506;-45.8080940650698;0;0;COQ5_1;2-methoxy-6-polyprenyl-1%2C4-benzoquinol methylase%2C mitochondrial;Down in serum
AENJPLPP_00822;4409.63936889392;-2.58376057868587;0.0615104791245526;-42.0052097700948;0;0;rsfS;Ribosomal silencing factor RsfS;Down in serum
AENJPLPP_00823;6652.13431907076;-2.42110329525288;0.0586001273431652;-41.3156661089622;0;0;;hypothetical protein;Down in serum
AENJPLPP_00826;9929.05375067395;-2.97994396516802;0.0568602256961494;-52.4082331486388;0;0;yqeH;putative protein YqeH;Down in serum
AENJPLPP_00827;6743.25622318257;-3.71626881592271;0.0654024253050878;-56.8215750193841;0;0;;hypothetical protein;Down in serum
AENJPLPP_00828;14319.1186340692;-4.87538707334951;0.077268469065592;-63.0967214998251;0;0;accA;Acetyl-coenzyme A carboxylase carboxyl transferase subunit alpha;Down in serum
AENJPLPP_00829;13943.0132993542;-4.88112809738723;0.0736382164094204;-66.2852569683206;0;0;accD;Acetyl-coenzyme A carboxylase carboxyl transferase subunit beta;Down in serum
AENJPLPP_00830;27476.714920867;-5.23067059693881;0.0629762901348158;-83.0577759620535;0;0;cfiB;2-oxoglutarate carboxylase small subunit;Down in serum
AENJPLPP_00831;8105.22983974644;-5.37030497264576;0.0983845356518122;-54.5848484933805;0;0;fabZ_2;3-hydroxyacyl-[acyl-carrier-protein] dehydratase FabZ;Down in serum
AENJPLPP_00832;10241.9387976903;-5.24812408527134;0.0912722011372368;-57.499698921255;0;0;accB;Biotin carboxyl carrier protein of acetyl-CoA carboxylase;Down in serum
AENJPLPP_00833;19552.3088020452;-5.26335663274146;0.0776032783618295;-67.8238953797902;0;0;fabF;3-oxoacyl-[acyl-carrier-protein] synthase 2;Down in serum
AENJPLPP_00834;18019.3993848155;-5.50854023254964;0.0694949985817605;-79.2652758467054;0;0;fabG_2;3-oxoacyl-[acyl-carrier-protein] reductase FabG;Down in serum
AENJPLPP_00835;16708.2179533604;-5.65528236819722;0.0769544303362642;-73.4887171990695;0;0;fabD;Malonyl CoA-acyl carrier protein transacylase;Down in serum
AENJPLPP_00836;11885.3090777124;-5.71637958271614;0.0882400350666978;-64.7821544766536;0;0;acpA;Acyl carrier protein;Down in serum
AENJPLPP_00837;18473.1258645753;-4.49108989368179;0.0724432299557137;-61.9946114554432;0;0;fabH;3-oxoacyl-[acyl-carrier-protein] synthase 3;Down in serum
AENJPLPP_00838;10062.8778608149;-4.4784211114505;0.0703575688766978;-63.6523004269657;0;0;;hypothetical protein;Down in serum
AENJPLPP_00847;22290.9387150853;4.34040858890293;0.0759290242527849;57.164024318984;0;0;;hypothetical protein;Up in serum
AENJPLPP_00874;11357.2521237716;-2.27735382195697;0.0541908501047467;-42.0246926843742;0;0;greA;Transcription elongation factor GreA;Down in serum
AENJPLPP_00893;11751.0550046602;-2.02711781396883;0.0526140601314978;-38.5280628201373;0;0;arnC_2;Undecaprenyl-phosphate 4-deoxy-4-formamido-L-arabinose transferase;Down in serum
AENJPLPP_00966;2774.99753983529;4.58261119279137;0.0839233663016269;54.6047113544173;0;0;;hypothetical protein;Up in serum
AENJPLPP_00967;1359.25750149816;4.51531224192451;0.102444576583319;44.0756591760832;0;0;;hypothetical protein;Up in serum
AENJPLPP_00977;3258.43731125533;5.2231170455645;0.0861348890256512;60.6388085553699;0;0;;hypothetical protein;Up in serum
AENJPLPP_00979;2211.59125860364;5.69833308174974;0.107784615739412;52.8677774899383;0;0;;hypothetical protein;Up in serum
AENJPLPP_01020;50332.3096406114;-3.11028502555937;0.0496537590055897;-62.6394675418076;0;0;rplL;50S ribosomal protein L7/L12;Down in serum
AENJPLPP_01022;25878.2726510189;-2.57216008667834;0.0578952906777682;-44.427794671494;0;0;rplA;50S ribosomal protein L1;Down in serum
AENJPLPP_01023;30401.2514788788;-2.64023807361108;0.056894790189668;-46.4056210561533;0;0;rplK;50S ribosomal protein L11;Down in serum
AENJPLPP_01082;4837.65098969503;-2.45224521665087;0.061769668884113;-39.699827778769;0;0;ackA;Acetate kinase;Down in serum
AENJPLPP_01083;4102.78623182683;-3.50992477805061;0.0709519817709766;-49.4690167975881;0;0;;hypothetical protein;Down in serum
AENJPLPP_01091;2482.07921787692;2.9207294909045;0.0752895665087129;38.7932834035708;0;0;adeC;Adenine deaminase;Up in serum
AENJPLPP_01153;21653.4317012918;-4.39704633187243;0.0638890928156099;-68.8231142139197;0;0;;putative ABC transporter ATP-binding protein;Down in serum
AENJPLPP_01154;15987.5939219143;-4.19291701116237;0.067969219536053;-61.6884678062004;0;0;;putative ABC transporter ATP-binding protein;Down in serum
AENJPLPP_01157;24389.4174751925;2.43921796396024;0.0520521265284512;46.8610626815984;0;0;;Muramidase-2;Up in serum
AENJPLPP_01212;162524.728801507;1.9861445640354;0.0494226639462562;40.1869184185457;0;0;;hypothetical protein;Up in serum
AENJPLPP_01357;18671.9103905356;-3.02459868708251;0.0658908185588657;-45.9031888392825;0;0;rpsI;30S ribosomal protein S9;Down in serum
AENJPLPP_01358;29461.2073795934;-4.04487791276677;0.0608289966640567;-66.4958841110863;0;0;rplM;50S ribosomal protein L13;Down in serum
AENJPLPP_01473;34896.763436371;-2.32859590302319;0.0515025132052969;-45.2132480164813;0;0;rpsL;30S ribosomal protein S12;Down in serum
AENJPLPP_01482;15651.1822674771;-2.64384666883027;0.0573057880628338;-46.1357701936039;0;0;rpsS;30S ribosomal protein S19;Down in serum
AENJPLPP_01483;15764.5311486374;-2.46136913231058;0.0631754197563347;-38.9608670872942;0;0;rplV;50S ribosomal protein L22;Down in serum
AENJPLPP_01487;32077.1453119487;-2.5821209979312;0.0620469709466226;-41.6155850726788;0;0;rpsQ;30S ribosomal protein S17;Down in serum
AENJPLPP_01488;17870.6591311305;-2.61280808957317;0.0547096812387716;-47.7576916993903;0;0;rplN;50S ribosomal protein L14;Down in serum
AENJPLPP_01489;37488.5247870819;-2.55794921149598;0.0634243510705575;-40.3307116008226;0;0;rplX;50S ribosomal protein L24;Down in serum
AENJPLPP_01490;20681.8463656137;-2.62160542309432;0.0576868638320921;-45.4454489106041;0;0;rplE;50S ribosomal protein L5;Down in serum
AENJPLPP_01491;12426.8794211361;-2.76270529882185;0.0702714998040075;-39.3147336619716;0;0;rpsZ;30S ribosomal protein S14 type Z;Down in serum
AENJPLPP_01493;25858.1557315664;-2.35170534530062;0.052430165104252;-44.8540518730867;0;0;rplF;50S ribosomal protein L6;Down in serum
AENJPLPP_01494;24358.9804938714;-2.64526734144302;0.0587541183178882;-45.022671042919;0;0;rplR;50S ribosomal protein L18;Down in serum
AENJPLPP_01495;33765.9853864539;-2.50531320916443;0.058878957600006;-42.5502303587687;0;0;rpsE;30S ribosomal protein S5;Down in serum
AENJPLPP_01496;7187.24090791228;-2.63654828854456;0.0578014520498866;-45.6138763827081;0;0;rpmD;50S ribosomal protein L30;Down in serum
AENJPLPP_01498;83721.3524966929;-2.74234630473072;0.0573422488688546;-47.824184764756;0;0;secY;Protein translocase subunit SecY;Down in serum
AENJPLPP_01499;25899.4230305217;-2.96330230075281;0.0550952221745241;-53.7851048384199;0;0;adk;Adenylate kinase;Down in serum
AENJPLPP_01502;15981.3391415787;-2.35107359797039;0.053491711839255;-43.9521099088298;0;0;rpsM;30S ribosomal protein S13;Down in serum
AENJPLPP_01503;13014.5972954827;-2.56753271901591;0.062574479402398;-41.031627326931;0;0;rpsK;30S ribosomal protein S11;Down in serum
AENJPLPP_01505;56887.0449851071;-2.29710051058616;0.0575673319916059;-39.9028482146977;0;0;rplQ;50S ribosomal protein L17;Down in serum
AENJPLPP_01530;31746.2340487192;2.12397948158522;0.0533902582748833;39.7821540897923;0;0;;hypothetical protein;Up in serum
AENJPLPP_01537;2456.87663504035;6.13015740821561;0.116010000893737;52.841628833627;0;0;yclN;Petrobactin import system permease protein YclN;Up in serum
AENJPLPP_01538;4793.99748969456;5.9605472930694;0.100770626752314;59.149649904629;0;0;yclO;Petrobactin import system permease protein YclO;Up in serum
AENJPLPP_01539;3025.59149640561;5.54149657398675;0.10286881908516;53.8695459252739;0;0;yclP;Petrobactin import ATP-binding protein YclP;Up in serum
AENJPLPP_01540;9798.15855981149;6.00419824170973;0.0878331124090004;68.3591652058372;0;0;yclQ;Petrobactin-binding protein YclQ;Up in serum
AENJPLPP_01558;15385.0180419088;5.95033649621298;0.0748253128412141;79.5230420063878;0;0;bioY2;Biotin transporter BioY2;Up in serum
AENJPLPP_01577;8052.0990796094;2.54381428138783;0.0576746538924138;44.106277362896;0;0;brnQ_1;Branched-chain amino acid transport system 2 carrier protein;Up in serum
AENJPLPP_01633;53052.3604084477;5.07494051610812;0.0638338443550989;79.5023481255011;0;0;adhE;Aldehyde-alcohol dehydrogenase;Up in serum
AENJPLPP_01761;5236.18086082602;-4.79554616173879;0.0720391842197199;-66.5685794985178;0;0;;hypothetical protein;Down in serum
AENJPLPP_01762;1782.5941639354;-4.16880501392779;0.0908257168093861;-45.8989497729676;0;0;gadC_2;putative glutamate/gamma-aminobutyrate antiporter;Down in serum
AENJPLPP_01779;1583.10063723725;-3.39328037448562;0.0833707327188277;-40.7010981411144;0;0;;hypothetical protein;Down in serum
AENJPLPP_01807;2736.57035649946;-2.76199650146853;0.0684348794547363;-40.3594851554514;0;0;treA;Trehalose-6-phosphate hydrolase;Down in serum
AENJPLPP_01818;1438.1591720981;3.54447020385387;0.0895047336527763;39.6009245455582;0;0;spxA_4;Regulatory protein Spx;Up in serum
AENJPLPP_01825;3674.39998846783;3.51111929584556;0.077844016119287;45.1045497249933;0;0;lysA;Diaminopimelate decarboxylase;Up in serum
AENJPLPP_01826;2748.38823376523;3.20007723115045;0.0753848565471027;42.4498682855614;0;0;dapF;Diaminopimelate epimerase;Up in serum
AENJPLPP_01862;1955.3305839464;4.21266719247255;0.0972641714720712;43.3116031187516;0;0;rclA;putative pyridine nucleotide-disulfide oxidoreductase RclA;Up in serum
AENJPLPP_01863;1507.5140447819;4.32570685460852;0.103498432653327;41.7949020454994;0;0;;hypothetical protein;Up in serum
AENJPLPP_01903;1414.95895019703;4.84056552479582;0.108597904521816;44.5732866219661;0;0;arcD1_1;Arginine/ornithine antiporter ArcD1;Up in serum
AENJPLPP_01904;1824.9539835719;4.96348551471389;0.105680206627169;46.9670307536836;0;0;vioD;Capreomycidine synthase;Up in serum
AENJPLPP_01942;8211.75510045426;-2.63694725116466;0.0625163639285132;-42.1801123011565;0;0;prsA_3;Foldase protein PrsA;Down in serum
AENJPLPP_01961;1870.48930845995;-4.92548982419403;0.106310824380796;-46.3310284054552;0;0;yvdD;LOG family protein YvdD;Down in serum
AENJPLPP_01962;2609.79808705723;-4.20465221943107;0.0789073304249912;-53.285951974107;0;0;;hypothetical protein;Down in serum
AENJPLPP_01963;3263.66676255651;-3.74584745165996;0.0742884377577987;-50.42302092652;0;0;;Deoxyguanosine kinase;Down in serum
AENJPLPP_01981;1449.42893634002;4.21333315069024;0.100472804085926;41.9350608258823;0;0;yvbW;putative amino acid permease YvbW;Up in serum
AENJPLPP_02031;2566.16056783177;5.01583346468253;0.100596827522784;49.8607519560843;0;0;;hypothetical protein;Up in serum
AENJPLPP_02092;2624.9537947485;-3.10978285336203;0.0798565465032698;-38.9421154499174;0;0;dauA;C4-dicarboxylic acid transporter DauA;Down in serum
AENJPLPP_02094;37476.1562826247;-2.44926097635035;0.0600357441641912;-40.7967121995172;0;0;rplU;50S ribosomal protein L21;Down in serum
AENJPLPP_02131;7933.03559736804;-2.22077188800604;0.0555219111255617;-39.998116833259;0;0;ileS;Isoleucine--tRNA ligase;Down in serum
AENJPLPP_02139;1637.36019432194;5.51557999925793;0.133583146666171;41.2894900061125;0;0;ptcB_1;PTS system galactose-specific EIIB component;Up in serum
AENJPLPP_02155;1126.63027770417;4.33400588414393;0.10695289167;40.5225685483696;0;0;;hypothetical protein;Up in serum
AENJPLPP_02290;2251.54894656323;5.57773144729774;0.108445683625217;51.4334112787199;0;0;;hypothetical protein;Up in serum
AENJPLPP_02292;74988.9104641522;7.32372521223499;0.0862392033642535;84.923386656314;0;0;dppE;Dipeptide-binding protein DppE;Up in serum
AENJPLPP_02294;6842.21959151556;7.14938688928579;0.105210090439738;67.9534335480947;0;0;oppB;Oligopeptide transport system permease protein OppB;Up in serum
AENJPLPP_02295;5921.03746576774;6.64902418128622;0.0995096541259386;66.817880533192;0;0;dppC;Dipeptide transport system permease protein DppC;Up in serum
AENJPLPP_02296;11942.9449202849;6.40869268981297;0.0789452122537779;81.1789911870974;0;0;oppD_2;Oligopeptide transport ATP-binding protein OppD;Up in serum
AENJPLPP_02297;10271.1090264111;6.41039325619557;0.0843883158729735;75.963042867746;0;0;oppF_2;Oligopeptide transport ATP-binding protein OppF;Up in serum
AENJPLPP_02298;14262.2568359167;6.41974619717479;0.0803045306126045;79.9425156737939;0;0;;IS200/IS605 family transposase ISEfa4;Up in serum
AENJPLPP_02307;9863.05581252789;5.65918364541661;0.0927506354531289;61.0150390643571;0;0;niaX;Niacin transporter NiaX;Up in serum
AENJPLPP_02310;92911.0598393522;3.8729406784951;0.0668472347329671;57.9371860925323;0;0;folT_2;Folate transporter FolT;Up in serum
AENJPLPP_02354;6299.32051500916;2.46150631905549;0.0629565886264954;39.0984704342694;0;0;;hypothetical protein;Up in serum
AENJPLPP_02363;6847.8270360034;2.65977322253561;0.0630873554123517;42.1601635565605;0;0;pepC;Aminopeptidase C;Up in serum
AENJPLPP_02528;25144.9053401765;2.45215274861405;0.0589676619211933;41.5847036955815;0;0;hpf;Ribosome hibernation promotion factor;Up in serum
AENJPLPP_02581;1555.59259980237;-3.27436580833681;0.0812528776114798;-40.2984596310986;0;0;glyQ;Glycine--tRNA ligase alpha subunit;Down in serum
AENJPLPP_02751;1748.81821778712;4.43924293302196;0.112151649125354;39.5825025101516;0;0;;hypothetical protein;Up in serum
AENJPLPP_02832;2347.45605706153;-5.29470346859364;0.113850527066705;-46.5057440225243;0;0;;hypothetical protein;Down in serum
AENJPLPP_02833;4533.45265809009;-2.90642184060819;0.0638666265998134;-45.50767741061;0;0;scrB_1;Sucrose-6-phosphate hydrolase;Down in serum
AENJPLPP_02926;1594.4960184824;4.36170972814651;0.101766376466792;42.8600278361076;0;0;hsdS;Type-1 restriction enzyme EcoKI specificity protein;Up in serum
AENJPLPP_02927;5911.72819527402;4.48317053060124;0.0770305556572517;58.1998986291772;0;0;;hypothetical protein;Up in serum
AENJPLPP_02928;19302.5680434215;5.35059403821799;0.0671277758991249;79.7076019062288;0;0;ohrB_2;Organic hydroperoxide resistance protein OhrB;Up in serum
AENJPLPP_02941;8885.0063121666;3.0730533448092;0.0598819503238631;51.3185246670995;0;0;bglF_5;PTS system beta-glucoside-specific EIIBCA component;Up in serum
AENJPLPP_03059;87966.3622591473;2.67818595310694;0.0651872185611408;41.084525651221;0;0;;hypothetical protein;Up in serum
AENJPLPP_03060;19994.793783511;2.70565530120496;0.054918537025224;49.2667038811003;0;0;;hypothetical protein;Up in serum
AENJPLPP_03133;2894.00516422969;2.98294865059706;0.0746371104950895;39.9660253566932;0;0;yoeB;Toxin YoeB;Up in serum
AENJPLPP_01021;110129.982494151;-2.89654161986738;0.0754909891721363;-38.369369001943;4.24896455423472e-322;8.08785462242121e-321;rplJ;50S ribosomal protein L10;Down in serum
AENJPLPP_00930;932.672523981939;4.6991309700447;0.122863758484569;38.2466809415965;4.72326757424232e-320;8.9312740864368e-319;;hypothetical protein;Up in serum
AENJPLPP_02048;4280.38645468455;-2.3370483333947;0.061167767798507;-38.2071868486876;2.13950187275093e-319;4.01950070568021e-318;pyrG;CTP synthase;Down in serum
AENJPLPP_00382;3773.79306366677;-2.51136032888259;0.0659341260316587;-38.0889302707485;1.95378160834792e-317;3.64705900224945e-316;murJ_1;Lipid II flippase MurJ;Down in serum
AENJPLPP_01477;6221.47789775137;-2.59613055131194;0.0681747751380721;-38.0805150593321;2.69252239584783e-317;4.99402878912263e-316;rpsJ;30S ribosomal protein S10;Down in serum
AENJPLPP_00044;3383.16802783632;2.32901979408647;0.0612646862893317;38.0156977069519;3.1764748143581e-316;5.85436370711196e-315;;hypothetical protein;Up in serum
AENJPLPP_00309;932.78447394497;4.33809442338336;0.114394103821408;37.9223603181155;1.10184574606188e-314;2.01797158018718e-313;yidA_1;Sugar phosphatase YidA;Up in serum
AENJPLPP_01655;7075.48563633464;-2.1123144668608;0.0559552634731251;-37.750058452952;7.50533080521358e-312;1.36597020654885e-310;rpmI;50S ribosomal protein L35;Down in serum
AENJPLPP_01727;2398.36846022694;-2.71304526277643;0.0719180602805103;-37.7241161982738;1.99910596765765e-311;3.6157742719373e-310;pbuG;Guanine/hypoxanthine permease PbuG;Down in serum
AENJPLPP_00125;33980.7097087451;-2.18355309515209;0.0579850892002347;-37.6571481611734;2.4991655979612e-310;4.49232729707594e-309;tsf;Elongation factor Ts;Down in serum
AENJPLPP_01436;6451.35622735809;-2.06721549943138;0.0549267049118279;-37.635891371052;5.56649132856331e-310;9.94455383360514e-309;ybiT_3;putative ABC transporter ATP-binding protein YbiT;Down in serum
AENJPLPP_00532;1065.01943658261;3.52774868204823;0.094342423434042;37.3930258905698;5.07261443432143e-306;9.00698367850245e-305;;hypothetical protein;Up in serum
AENJPLPP_01610;17432.1141178109;-1.92465521766447;0.0515443943937035;-37.3397580920958;3.71775583747108e-305;6.56127575679745e-304;cshA;ATP-dependent RNA helicase CshA;Down in serum
AENJPLPP_02032;911.18414892108;4.72727476726945;0.126696238913945;37.3118792459207;1.05325115406853e-304;1.84763094014913e-303;;putative phosphotransferase enzyme IIB component;Up in serum
AENJPLPP_01656;12537.0252762288;-2.28527396948036;0.0612883576537985;-37.2872443799075;2.64166906535744e-304;4.60631156785681e-303;rplT;50S ribosomal protein L20;Down in serum
AENJPLPP_01551;9683.35165940667;-2.29663680006743;0.0616546251181452;-37.2500326725938;1.05828804945576e-303;1.83436595238998e-302;gla;Glycerol facilitator-aquaporin gla;Down in serum
AENJPLPP_01820;1013.62804865761;3.6882945873594;0.0990164861568165;37.2492978746801;1.08767591208352e-303;1.87414926389776e-302;bsaA;Glutathione peroxidase BsaA;Up in serum
AENJPLPP_01497;26266.1151241135;-2.78569357897664;0.0747888976987492;-37.247421270968;1.16648382656641e-303;1.99811817821258e-302;rplO;50S ribosomal protein L15;Down in serum
AENJPLPP_00588;3609.05198302727;9.36212985996471;0.251893833170641;37.1669672977762;2.33271931993351e-302;3.97244366061191e-301;purS;Phosphoribosylformylglycinamidine synthase subunit PurS;Up in serum
AENJPLPP_00383;2289.16957197272;-2.72990064806223;0.0739795807993751;-36.9007315067847;4.49789299909782e-298;7.61503744963539e-297;degV;Protein DegV;Down in serum
AENJPLPP_01861;5628.51930923311;3.16174351984761;0.0857732373630796;36.8616554189729;1.90266338576491e-297;3.20263339846672e-296;ohrB_1;Organic hydroperoxide resistance protein OhrB;Up in serum
AENJPLPP_01474;35148.4583821251;-2.03562278990757;0.0552324296628265;-36.8555720314007;2.38129563429834e-297;3.98524878567631e-296;rpsG;30S ribosomal protein S7;Down in serum
AENJPLPP_00715;6789.08897579223;2.38273816037982;0.0646933213221504;36.8312850798711;5.83058601908778e-297;9.70209513576207e-296;yvgN;Glyoxal reductase;Up in serum
AENJPLPP_00974;983.08030250709;4.96174626553837;0.13476080990865;36.8189109942407;9.19932359454229e-297;1.52206990382427e-295;;hypothetical protein;Up in serum
AENJPLPP_00140;2356.74940879562;2.58647005113128;0.0705690889975645;36.6516004085095;4.3150961515344e-294;7.09918643687468e-293;xpkA_1;Xylulose-5-phosphate phosphoketolase;Up in serum
AENJPLPP_01481;32148.4306483195;-2.22013657524733;0.0607267405130197;-36.5594556284696;1.26171416364655e-292;2.0641076654712e-291;rplB;50S ribosomal protein L2;Down in serum
AENJPLPP_00362;4155.87723835108;-2.36797376043603;0.0648674918478916;-36.5047837210774;9.31146295439853e-292;1.51480335883847e-290;cfa;Cyclopropane-fatty-acyl-phospholipid synthase;Down in serum
AENJPLPP_01971;3037.15290636026;2.49781749437247;0.0684321123927135;36.5006633148801;1.08239900944714e-291;1.75108106417226e-290;ndk;Nucleoside diphosphate kinase;Up in serum
AENJPLPP_00022;4045.00929885594;3.34070020233717;0.0921516136537706;36.2522159936206;9.16941263706064e-288;1.47521158006191e-286;;hypothetical protein;Up in serum
AENJPLPP_01056;15957.3602819772;2.18119001686395;0.0605036282344017;36.0505655696156;1.35127094945326e-284;2.16203351912521e-283;spxA_3;Regulatory protein Spx;Up in serum
AENJPLPP_00997;2211.21763237484;-2.67579043535792;0.0744111967585615;-35.9595135129991;3.59418903373951e-283;5.71927785040954e-282;;hypothetical protein;Down in serum
AENJPLPP_02049;119385.182788663;-2.25198505684856;0.0631143261599463;-35.6810441284204;7.78027005892761e-279;1.23131230497811e-277;fba;Fructose-bisphosphate aldolase;Down in serum
AENJPLPP_01778;915.551937045266;-4.36609978711966;0.122625249324721;-35.6052265839467;1.16290322407461e-277;1.83047253432717e-276;emrB;Multidrug export protein EmrB;Down in serum
AENJPLPP_00244;6939.85727167495;2.52299543362936;0.0708764753618636;35.5970781666;1.5546356761284e-277;2.4339242413365e-276;;hypothetical protein;Up in serum
AENJPLPP_02555;1951.04613080239;-2.68587795486523;0.0755224189552134;-35.5639820866705;5.05180702254431e-277;7.86677114954494e-276;nfo;putative endonuclease 4;Down in serum
AENJPLPP_01492;19707.4900725358;-2.73027510924759;0.076877155883448;-35.5147778019638;2.9073237907893e-276;4.50325897807364e-275;rpsH;30S ribosomal protein S8;Down in serum
AENJPLPP_00968;862.49173332569;4.41759754327014;0.125302824911462;35.2553707100505;2.8387141356302e-272;4.37372252008209e-271;;hypothetical protein;Up in serum
AENJPLPP_00202;2989.64900876971;-2.34629064446652;0.0665869212166545;-35.2365089359271;5.52170354298668e-272;8.46273721956696e-271;;putative RNA methyltransferase;Down in serum
AENJPLPP_00584;23014.7344211963;8.38808717762453;0.238182397872183;35.217074194231;1.09557106209159e-271;1.67031567162864e-270;purM;Phosphoribosylformylglycinamidine cyclo-ligase;Up in serum
AENJPLPP_00230;19772.7193183875;-1.85275619664748;0.0528012662718169;-35.0892379570905;9.83717465585968e-270;1.49197148947205e-268;tcyP;L-cystine uptake protein TcyP;Down in serum
AENJPLPP_01595;6245.95917761512;2.1941451833157;0.0625526934882983;35.0767498721083;1.52509734391375e-269;2.30107951579111e-268;ctc;General stress protein CTC;Up in serum
AENJPLPP_02095;13160.3463203029;-2.17840013085999;0.0623786873410883;-34.9221861458616;3.42446496831828e-267;5.14022782873342e-266;;hypothetical protein;Down in serum
AENJPLPP_01515;765.224391717975;5.24066665139436;0.150308889222057;34.865979507387;2.43816911525157e-266;3.64099921210901e-265;;hypothetical protein;Up in serum
AENJPLPP_00154;3984.9267178118;-2.1754871841387;0.0624508802682073;-34.8351724554666;7.14043304123177e-266;1.06086433755443e-264;hrcA;Heat-inducible transcription repressor HrcA;Down in serum
AENJPLPP_02328;9748.91088318136;2.8545387765923;0.082022948337662;34.8017089661431;2.29170104636561e-265;3.38752966853637e-264;;hypothetical protein;Up in serum
AENJPLPP_00190;764.050352179095;5.1803164900424;0.149773741085448;34.5876149750906;3.8791588585349e-262;5.70510636164325e-261;;hypothetical protein;Up in serum
AENJPLPP_00545;2897.37379626542;-2.31936530228368;0.0671531201513152;-34.5384592265778;2.12426326292858e-261;3.10846965911961e-260;zosA;Zinc-transporting ATPase;Down in serum
AENJPLPP_02618;6657.59683767086;2.69940320533494;0.0783417941637767;34.4567447573607;3.56854490290781e-260;5.19580137863377e-259;;hypothetical protein;Up in serum
AENJPLPP_00314;9828.67874399902;7.27885132833456;0.211263611031724;34.4538810672963;3.93893441413892e-260;5.70655572834454e-259;yghA;putative oxidoreductase YghA;Up in serum
AENJPLPP_02992;4244.49884949439;2.60189832974256;0.0756368757489059;34.3998651977663;2.53321436103637e-259;3.65184169274154e-258;pemK;Endoribonuclease PemK;Up in serum
AENJPLPP_00426;1630.60046577815;2.56791947547199;0.0749656390506331;34.254619956452;3.72255957740019e-257;5.3399475317189e-256;;hypothetical protein;Up in serum
AENJPLPP_00525;2884.57537544476;2.67327734456471;0.0782453033491856;34.1653393895691;7.91467093175828e-256;1.12978047810197e-254;;hypothetical protein;Up in serum
AENJPLPP_00895;3076.27300415649;-2.11517300619671;0.0625412189038917;-33.8204634202468;9.86758956102824e-251;1.40167906349826e-249;btuD_1;Vitamin B12 import ATP-binding protein BtuD;Down in serum
AENJPLPP_01381;6595.50609037684;-1.93612328417229;0.0572501428950809;-33.8186629109471;1.0487679516896e-250;1.48253023073792e-249;;hypothetical protein;Down in serum
AENJPLPP_00825;1329.39924331893;-2.78250746252024;0.0826888950307814;-33.6503161819304;3.08489772049159e-248;4.33972085124228e-247;;RNA-binding protein;Down in serum
AENJPLPP_01079;8172.69311723519;2.35651647212054;0.0700561700199674;33.6375293061109;4.74503382959704e-248;6.64304736143586e-247;;Putative universal stress protein;Up in serum
AENJPLPP_00981;925.293694047935;6.1010372664883;0.181922187897654;33.5365209543359;1.41552499176023e-246;1.97225300287359e-245;;hypothetical protein;Up in serum
AENJPLPP_01559;29142.1866352197;-2.29001323298255;0.0683269433783217;-33.5155228634025;2.86368183139046e-246;3.9709721395281e-245;rpsD;30S ribosomal protein S4;Down in serum
AENJPLPP_02834;1483.68223434571;-2.84698363918407;0.0851584323416144;-33.43161165489;4.76278640542946e-245;6.57309668844103e-244;degA_4;HTH-type transcriptional regulator DegA;Down in serum
AENJPLPP_00487;4090.70130731684;-2.31625120363967;0.069361049525248;-33.3941198914029;1.66875046005433e-244;2.29217044324443e-243;apt;Adenine phosphoribosyltransferase;Down in serum
AENJPLPP_02582;7383.37531595747;-2.03631980104419;0.0610255058865391;-33.3683395403585;3.94885577646109e-244;5.39862348406324e-243;glyS;Glycine--tRNA ligase beta subunit;Down in serum
AENJPLPP_00590;1155.05867088792;2.96994742902356;0.0892123969109606;33.2907480558756;5.25538563037884e-243;7.15125371759962e-242;;hypothetical protein;Up in serum
AENJPLPP_00894;4283.27707724423;-2.05606167522668;0.0618449766756325;-33.245411119005;2.37809902787317e-242;3.22094156705427e-241;;hypothetical protein;Down in serum
AENJPLPP_01827;1963.70800145383;2.83331186553087;0.0852928512101414;33.2186323394238;5.79513507546658e-242;7.81270062025865e-241;dapA;4-hydroxy-tetrahydrodipicolinate synthase;Up in serum
AENJPLPP_00824;6666.50696264809;-2.65707921822651;0.0800530073675614;-33.1914978037814;1.42796937729861e-241;1.91624277727813e-240;nadD;Nicotinate-nucleotide adenylyltransferase;Down in serum
AENJPLPP_01479;18074.0261153931;-2.18022010552314;0.0657565104430814;-33.1559581071493;4.64739584493769e-241;6.20789756901769e-240;rplD;50S ribosomal protein L4;Down in serum
AENJPLPP_02747;1452.05930458511;-2.72340472506145;0.0822132920365126;-33.1260877359337;1.25176714734909e-240;1.66445019775367e-239;alsS_1;Acetolactate synthase;Down in serum
AENJPLPP_00800;13507.6073876265;-1.97946505443143;0.0598212866644637;-33.0896435834657;4.18808314426709e-240;5.54349914368444e-239;;hypothetical protein;Down in serum
AENJPLPP_02610;1575.2199404245;3.03179124945488;0.0917522184789797;33.0432473428363;1.94491326082258e-239;2.56270923778975e-238;acyP;Acylphosphatase;Up in serum
AENJPLPP_01886;6104.30579153489;-2.43752193691973;0.0739859652189273;-32.9457340957438;4.86945611845875e-238;6.38732262024859e-237;glcU_2;putative glucose uptake protein GlcU;Down in serum
AENJPLPP_01980;1984.63208024775;2.46778762638408;0.0749378885261476;32.9311070130167;7.88702111774001e-238;1.02991056030757e-236;;hypothetical protein;Up in serum
AENJPLPP_01162;2916.92004822904;-2.22639903870763;0.0676921327572959;-32.8900707958217;3.04775148782716e-237;3.96207693417531e-236;;putative ABC transporter ATP-binding protein;Down in serum
AENJPLPP_00155;3911.8172091675;-2.14369903488715;0.0653469536397485;-32.8048809544383;5.01623163644457e-236;6.4921184557007e-235;grpE;Protein GrpE;Down in serum
AENJPLPP_00748;1875.55002885515;2.99440820624773;0.0912951616703767;32.7991993382859;6.04493343040244e-236;7.78886997758049e-235;manP_2;PTS system mannose-specific EIIBCA component;Up in serum
AENJPLPP_01016;1451.85542354165;-2.52018494264726;0.0769313613403089;-32.7588762078332;2.26962964402346e-235;2.91152490017459e-234;ybiT_1;putative ABC transporter ATP-binding protein YbiT;Down in serum
AENJPLPP_02033;926.761069364962;3.81376902436734;0.116567974048924;32.7171253981533;8.91493213772191e-235;1.13860887653711e-233;;hypothetical protein;Up in serum
AENJPLPP_01501;10974.6133182557;-2.48552035264864;0.0764327793824783;-32.5190366323173;5.73914016669434e-232;7.29798085825936e-231;rpmJ;50S ribosomal protein L36;Down in serum
AENJPLPP_01480;9506.46455917507;-1.97746779483606;0.0608709705531169;-32.4862208843951;1.66917603560752e-231;2.11332200682134e-230;rplW;50S ribosomal protein L23;Down in serum
AENJPLPP_02609;3460.17823064022;-2.0690942547212;0.0639822090408451;-32.3385873313679;2.00744853933868e-229;2.53060179504512e-228;yidC;Membrane protein insertase YidC;Down in serum
AENJPLPP_00477;2773.7751313457;2.5207294585609;0.0780005940469264;32.316798216234;4.06303030679023e-229;5.09980355748843e-228;;hypothetical protein;Up in serum
AENJPLPP_00637;1240.478307933;-2.82307702590487;0.0874745649581994;-32.2731187889177;1.66748951361596e-228;2.08400406165222e-227;;hypothetical protein;Down in serum
AENJPLPP_02063;6164.85716229898;1.7953637914918;0.0557991499605802;32.1754684929815;3.89023844547495e-227;4.8411856210355e-226;;hypothetical protein;Up in serum
AENJPLPP_02057;1602.46289854156;2.76928770099905;0.0860812465989064;32.1706272900819;4.54658722027679e-227;5.63389871721107e-226;;hypothetical protein;Up in serum
AENJPLPP_01485;21850.8995208758;-2.39400489939751;0.0750268283486346;-31.9086512397013;2.02549777035767e-223;2.49925826579726e-222;rplP;50S ribosomal protein L16;Down in serum
AENJPLPP_02160;625.780162733613;3.79984598686457;0.119265050351775;31.8605155127746;9.4131703789961e-223;1.15658869804374e-221;;hypothetical protein;Up in serum
AENJPLPP_00425;2647.61603370558;2.3448162895779;0.0736107317093914;31.8542722661015;1.14868048437977e-222;1.40544435735878e-221;cmpD;Bicarbonate transport ATP-binding protein CmpD;Up in serum
AENJPLPP_00488;10549.4724114774;-1.91652525995157;0.0602661766567216;-31.8010095591125;6.26833253981409e-222;7.63739931210821e-221;;hypothetical protein;Down in serum
AENJPLPP_00849;4936.15118973806;-1.8796998277665;0.0591681359562097;-31.7687856375544;1.74747370168591e-221;2.12026809137891e-220;prfC;Peptide chain release factor 3;Down in serum
AENJPLPP_01362;954.415041831387;3.62348149221648;0.114182933055718;31.7340025803008;5.27867449664289e-221;6.3782158233295e-220;msrA_2;Peptide methionine sulfoxide reductase MsrA;Up in serum
AENJPLPP_02193;598.018522514208;4.45897639765184;0.14086707290339;31.6537875441618;6.72574557809199e-220;8.09312856339004e-219;smc_3;Chromosome partition protein Smc;Up in serum
AENJPLPP_00813;10391.7701290444;-1.84190790734566;0.0582204275353257;-31.6367980332688;1.15203684569724e-219;1.38054785788904e-218;thrS;Threonine--tRNA ligase;Down in serum
AENJPLPP_00512;8806.35917884945;-1.84578691225974;0.0583567916621951;-31.6293418415509;1.45882164873648e-219;1.7410199348855e-218;pheT;Phenylalanine--tRNA ligase beta subunit;Down in serum
AENJPLPP_00583;7657.09641632346;8.15606595955442;0.25815717541797;31.5934118288571;4.54742229545155e-219;5.40493621402241e-218;purN;Phosphoribosylglycinamide formyltransferase;Up in serum
AENJPLPP_00134;9099.49080498686;-1.70460033697444;0.054118671902918;-31.4974532270909;9.41276630112959e-218;1.1142266450768e-216;nusA;Transcription termination/antitermination protein NusA;Down in serum
AENJPLPP_00095;1142.74943579615;-2.68548866004458;0.0852900891237225;-31.4865266015726;1.32833893637737e-217;1.56604169341332e-216;folA_1;Dihydrofolate reductase;Down in serum
AENJPLPP_01504;43796.6145932216;-2.36949237796338;0.0753428009195181;-31.4494862023313;4.26606338453255e-217;5.00918410312854e-216;rpoA;DNA-directed RNA polymerase subunit alpha;Down in serum
AENJPLPP_01434;22564.5622308256;1.68143813785144;0.0536924294282902;31.3161120805144;2.81627727829481e-215;3.29357407003795e-214;purA;Adenylosuccinate synthetase;Up in serum
AENJPLPP_00640;624.592585877613;3.99959541105564;0.127961263609015;31.256298181584;1.83324690765028e-214;2.13536599803104e-213;;hypothetical protein;Up in serum
AENJPLPP_01828;1489.85542354772;2.62828108543261;0.0842494939041519;31.1964020629337;1.19214589212575e-213;1.38307921827497e-212;dapB;4-hydroxy-tetrahydrodipicolinate reductase;Up in serum
AENJPLPP_00571;5208.9971212893;-1.88533367100123;0.0604665891880066;-31.1797588770756;2.00442356642842e-213;2.31622278787284e-212;pdhA;Pyruvate dehydrogenase E1 component subunit alpha;Down in serum
AENJPLPP_01830;2690.07215679233;2.43736048308558;0.0782053119983976;31.1661755551275;3.0624762457644e-213;3.52487384492725e-212;asd;Aspartate-semialdehyde dehydrogenase;Up in serum
AENJPLPP_01842;833.943790286897;-6.04118012171937;0.194892397445987;-30.9975155567247;5.8225179813358e-211;6.67526470931096e-210;lacS;Lactose permease;Down in serum
AENJPLPP_00858;2243.82079472757;2.31152972079917;0.0746478986614431;30.9657708019732;1.55842374381963e-210;1.7796588007854e-209;crtK-2;Tryptophan-rich protein TspO;Up in serum
AENJPLPP_00151;942.057902075282;3.37600700464772;0.109321325559363;30.8815044765853;2.11621776322163e-209;2.4071977056646e-208;ydeA;putative protease YdeA;Up in serum
AENJPLPP_00896;1262.11543114814;-2.93337111353403;0.0951404265887074;-30.8320155659488;9.76005793912875e-209;1.10588672057365e-207;tagG;Teichoic acid translocation permease protein TagG;Down in serum
AENJPLPP_01484;47312.0310977118;-2.34583772072106;0.0763124424537982;-30.7399114127595;1.66800571161429e-207;1.88264830706233e-206;rpsC;30S ribosomal protein S3;Down in serum
AENJPLPP_01475;88920.7073952555;-1.66164089672104;0.0541538588836849;-30.6837025278295;9.39080948561743e-207;1.05583155297753e-205;fus;Elongation factor G;Down in serum
AENJPLPP_00387;2128.03905175253;2.20131110617402;0.0717630621776044;30.6747097932647;1.23779164854647e-206;1.38632664637205e-205;;hypothetical protein;Up in serum
AENJPLPP_02612;5649.98021305764;1.77134832437716;0.0579543668551581;30.5645358667136;3.62486977536299e-205;4.04429915166936e-204;;hypothetical protein;Up in serum
AENJPLPP_01872;622.256217001168;4.03108001056862;0.132445289774034;30.4358125339608;1.84585695559346e-203;2.05157841781991e-202;ydbD;putative manganese catalase;Up in serum
AENJPLPP_02961;556.683680967122;4.13174449983209;0.135885714043941;30.4060255995418;4.57252980843569e-203;5.06281627458735e-202;;hypothetical protein;Up in serum
AENJPLPP_00024;4782.98126360167;2.94208176375661;0.0971039323409309;30.2982762163224;1.2078770174646e-201;1.33232495259732e-200;;hypothetical protein;Up in serum
AENJPLPP_02275;4626.19338933698;2.15699061150017;0.0714051205596961;30.2077861446488;1.87172930115008e-200;2.0567832924336e-199;nlhH;Carboxylesterase NlhH;Up in serum
AENJPLPP_00133;3481.3774418665;-2.01612786770794;0.066777364131928;-30.1917857033829;3.03618358965029e-200;3.32382203498558e-199;rimP;Ribosome maturation factor RimP;Down in serum
AENJPLPP_00093;1130.93412236557;3.55832323330757;0.117895774122542;30.1819404452021;4.08827949881868e-200;4.45882767811236e-199;;hypothetical protein;Up in serum
AENJPLPP_00380;1821.46334863472;-2.77092953728483;0.0920897080838968;-30.0894594514342;6.65641270604314e-199;7.23263947761105e-198;ygaZ_1;Inner membrane protein YgaZ;Down in serum
AENJPLPP_00141;983.415912158171;2.5986418015105;0.0864107295911773;30.0731380675188;1.08817874496131e-198;1.17798383097671e-197;xpkA_2;Xylulose-5-phosphate phosphoketolase;Up in serum
AENJPLPP_01654;37338.6958003875;-1.52993660225039;0.0510133253331092;-29.9909208478401;1.28891645548296e-197;1.39012026606162e-196;infC;Translation initiation factor IF-3;Down in serum
AENJPLPP_01008;1100.58133995983;2.82244681675997;0.0946078089756668;29.8331273847162;1.45327137268336e-195;1.56159639751068e-194;feoB;Fe(2+) transporter FeoB;Up in serum
AENJPLPP_00565;16253.4784452391;-1.54688512340137;0.0518756570512893;-29.8190945682282;2.20964288501453e-195;2.36561767689791e-194;typA;GTP-binding protein TypA/BipA;Down in serum
AENJPLPP_01819;583.701799824224;3.54504803337923;0.11907920715678;29.7705041713269;9.4140120266676e-195;1.00416128284454e-193;spxA_5;Regulatory protein Spx;Up in serum
AENJPLPP_01972;2157.47974411428;-2.2675808244113;0.0762392253304091;-29.7429678040924;2.13812620777601e-194;2.27234434928604e-193;mgtA;Magnesium-transporting ATPase%2C P-type 1;Down in serum
AENJPLPP_02767;1168.95970295579;2.33395183860836;0.0785928626238207;29.6967403996933;8.46003653719353e-194;8.95840959865729e-193;;hypothetical protein;Up in serum
AENJPLPP_01207;48573.9735911155;-1.8060132503266;0.060924197925745;-29.6436114354396;4.09964638530527e-193;4.32542401232208e-192;ldh_2;L-lactate dehydrogenase;Down in serum
AENJPLPP_02551;11412.0891036923;1.765584795758;0.0596385661584119;29.6047492333779;1.29807887059465e-192;1.36462298598253e-191;;hypothetical protein;Up in serum
AENJPLPP_01156;14100.6759473029;-1.56126525786822;0.0528802291542558;-29.5245554498994;1.39362453718874e-191;1.45979663751569e-190;leuS;Leucine--tRNA ligase;Down in serum
AENJPLPP_00946;527.073628626957;4.39293160883704;0.148807701762545;29.520861869414;1.55438078754162e-191;1.62235012663842e-190;;hypothetical protein;Up in serum
AENJPLPP_01815;2405.86870335035;-2.08171295071815;0.0705406109893471;-29.510843775262;2.08988385102761e-191;2.17347920506872e-190;;Deoxyguanosine kinase;Down in serum
AENJPLPP_01661;617.82846455918;3.82081093033815;0.129861199867116;29.4222672688062;2.85070708151323e-190;2.95418470511264e-189;;hypothetical protein;Up in serum
AENJPLPP_00581;38441.5958780548;8.26033210980615;0.280792859025016;29.4178852642055;3.24344026188391e-190;3.34925462503757e-189;purD;Phosphoribosylamine--glycine ligase;Up in serum
AENJPLPP_00039;1096.55552860214;2.87372534438948;0.0977532178402328;29.3977570036239;5.86642688978245e-190;6.03640816362067e-189;;hypothetical protein;Up in serum
AENJPLPP_01289;1973.32236808003;-2.19330647191441;0.0746600027147533;-29.3772621505812;1.07213193947088e-189;1.09931274920394e-188;dus;putative tRNA-dihydrouridine synthase;Down in serum
AENJPLPP_00707;5073.4004017003;-1.7960170522865;0.0612082007558084;-29.3427519533168;2.95660447134566e-189;3.0209235861609e-188;ctpE_1;Calcium-transporting ATPase CtpE;Down in serum
AENJPLPP_00610;493.630179537771;3.99524335741239;0.136221248676232;29.3290760159468;4.41806890425194e-189;4.4983974297838e-188;dcuS_1;Sensor histidine kinase DcuS;Up in serum
AENJPLPP_02560;2156.71198679447;1.93548855819126;0.066253567720996;29.2133484243731;1.31253957731664e-187;1.33174747357006e-186;yheI;putative multidrug resistance ABC transporter ATP-binding/permease protein YheI;Up in serum
AENJPLPP_00686;2243.68665128109;-2.25019975608417;0.0770835775639792;-29.1916881285967;2.47252290915155e-187;2.4999953859199e-186;cmk;Cytidylate kinase;Down in serum
AENJPLPP_00891;4326.13055615813;-1.73011812364365;0.0592830944647548;-29.1840049724841;3.09490264067328e-187;3.11846245316283e-186;;hypothetical protein;Down in serum
AENJPLPP_00548;6013.17614316213;-2.44163566927527;0.0836800510448821;-29.1782287270079;3.66383797593367e-187;3.6789986847996e-186;rpsT;30S ribosomal protein S20;Down in serum
AENJPLPP_02141;3637.16115811903;7.36091105859514;0.252809411846253;29.1164439046743;2.22310287048978e-186;2.22463077624269e-185;celB;PTS system cellobiose-specific EIIC component;Up in serum
AENJPLPP_02007;4377.43786344917;-1.69183618933227;0.0581790477558007;-29.0798191890926;6.46155762970206e-186;6.44385473208644e-185;pta;Phosphate acetyltransferase;Down in serum
AENJPLPP_01500;10373.0379889405;-2.59461210241811;0.0896405696110516;-28.9446186439474;3.27991386062602e-184;3.25976421916142e-183;infA;Translation initiation factor IF-1;Down in serum
AENJPLPP_00388;2868.9928382407;1.87064643696677;0.0646785630747481;28.9222015462045;6.27888981996128e-184;6.21909086929498e-183;hmpT;Thiamine precursor transporter HmpT;Up in serum
AENJPLPP_00674;3206.03697260355;-2.0517051534392;0.0709515627770387;-28.9169832648587;7.30298936413799e-184;7.20891695876944e-183;;hypothetical protein;Down in serum
AENJPLPP_01568;1528.78076398222;-2.67203000306085;0.092430822345768;-28.9084304915653;9.35454857490787e-184;9.20285319261207e-183;;hypothetical protein;Down in serum
AENJPLPP_01476;230600.302711337;-1.51329681824592;0.0523768776707264;-28.8924595268822;1.48497346262197e-183;1.45597398086033e-182;tuf_2;Elongation factor Tu;Down in serum
AENJPLPP_00047;1290.19123285034;2.36547484445596;0.0822520901878808;28.7588417394953;7.02205395843308e-182;6.86181917011984e-181;;hypothetical protein;Up in serum
AENJPLPP_01887;4227.21463152371;-2.59097968661094;0.0902629202586257;-28.7048067931676;3.3230046475269e-181;3.23631756976533e-180;yhdG;putative amino acid permease YhdG;Down in serum
AENJPLPP_00976;527.799398579284;4.95941075846544;0.173133121636646;28.6450721363052;1.84642270596023e-180;1.79226097325206e-179;;hypothetical protein;Up in serum
AENJPLPP_03115;1489.89071416237;2.69494104040046;0.0941865921290497;28.6127885029324;4.65816180439419e-180;4.50650072239066e-179;;hypothetical protein;Up in serum
AENJPLPP_01282;772.039614631179;2.88344894965626;0.100802659195053;28.6048897189982;5.84082101565567e-180;5.63194397271169e-179;;hypothetical protein;Up in serum
AENJPLPP_00059;1264.72437285994;2.25797970665666;0.0789454573234309;28.6017686540971;6.38692587516081e-180;6.13819410840537e-179;;hypothetical protein;Up in serum
AENJPLPP_00943;468.669707043664;4.88663648068962;0.170976015951701;28.5808302029335;1.16306185558701e-179;1.11409083008861e-178;;hypothetical protein;Up in serum
AENJPLPP_02561;2141.3189415554;1.84523468410711;0.0645967031164067;28.5654622462991;1.80525790824855e-179;1.72357738649828e-178;yheH;putative multidrug resistance ABC transporter ATP-binding/permease protein YheH;Up in serum
AENJPLPP_00374;1108.52410045521;-2.77619748890909;0.0974883848690245;-28.4772128765791;2.24385424292396e-178;2.13532795927927e-177;;hypothetical protein;Down in serum
AENJPLPP_01615;2124.75106546503;2.13040130892996;0.0750539518004127;28.3849318766749;3.10339144073516e-177;2.94367292358983e-176;;Zinc-type alcohol dehydrogenase-like protein;Up in serum
AENJPLPP_00656;1498.55112734336;-2.09579071950492;0.0739952974546347;-28.3232960958068;1.78551484572095e-176;1.68812312686345e-175;xerC_4;Tyrosine recombinase XerC;Down in serum
AENJPLPP_02341;3135.53426837108;2.4436664605748;0.0863361953433196;28.3040786179823;3.07868178429415e-176;2.90133377212446e-175;;hypothetical protein;Up in serum
AENJPLPP_01069;4529.40038205935;2.06643972862141;0.0731063511184958;28.266213495897;8.99669591275885e-176;8.4510898380496e-175;iolS;Aldo-keto reductase IolS;Up in serum
AENJPLPP_02486;1719.39999597467;2.11941150275097;0.0750991786417447;28.2215004355969;3.18585512816782e-175;2.98302576631019e-174;rpoN1;RNA polymerase sigma-54 factor 1;Up in serum
AENJPLPP_01832;2236.18682194775;2.28411612436605;0.0810673372304518;28.1755414991977;1.16618231989816e-174;1.08843683190495e-173;scmP;N-acetylcysteine deacetylase;Up in serum
AENJPLPP_00582;32497.2523368622;8.3317239784249;0.298220383270316;27.9381438889534;9.18555972696629e-172;8.54579869805937e-171;purH;Bifunctional purine biosynthesis protein PurH;Up in serum
AENJPLPP_01917;1249.92404157935;-2.38324506069388;0.0853640920382229;-27.9185896995982;1.58702708313261e-171;1.47179072168222e-170;metN2;Methionine import ATP-binding protein MetN 2;Down in serum
AENJPLPP_01831;4251.17629179695;2.26223012285576;0.0810943084148428;27.8962872620256;2.95962783756877e-171;2.73601151206357e-170;yclM;Aspartokinase 3;Up in serum
AENJPLPP_00325;699.369839425929;3.09883721014225;0.111100828924842;27.8921160186713;3.32532092809487e-171;3.06434637424438e-170;;hypothetical protein;Up in serum
AENJPLPP_00875;6766.12479462;-1.51709552550122;0.0544086876802426;-27.88333242693;4.2496419452278e-171;3.90377203296635e-170;mltG;Endolytic murein transglycosylase;Down in serum
AENJPLPP_02140;2839.88064436366;5.58858890187686;0.200777094531628;27.8347931815325;1.6458309243944e-170;1.50712567667814e-169;licA_2;Lichenan-specific phosphotransferase enzyme IIA component;Up in serum
AENJPLPP_01273;10681.5045893427;-1.45812767799773;0.0524074204399966;-27.8229240393008;2.2909703680394e-170;2.09131840493127e-169;;hypothetical protein;Down in serum
AENJPLPP_00114;2901.75066543925;-1.88457853683041;0.0677508828997117;-27.8162948757443;2.75559637619969e-170;2.50759270234172e-169;tsaD;tRNA N6-adenosine threonylcarbamoyltransferase;Down in serum
AENJPLPP_01097;3087.46924142754;1.86184881278231;0.0670724364881259;27.7587770814308;1.36532318022843e-169;1.23857355165893e-168;;hypothetical protein;Up in serum
AENJPLPP_01460;5960.82546332742;-2.01610178319393;0.0726302251091305;-27.7584405137755;1.37815535552446e-169;1.24633179977864e-168;pdp;Pyrimidine-nucleoside phosphorylase;Down in serum
AENJPLPP_01278;893.307465362069;-2.56680414241608;0.0924972115657578;-27.7500705044638;1.73906929272358e-169;1.5678544211799e-168;ptsG_2;PTS system glucose-specific EIICBA component;Down in serum
AENJPLPP_00670;1641.37266648699;2.26945623446931;0.0819788700190449;27.6834290829098;1.10544365317984e-168;9.93534542611019e-168;;hypothetical protein;Up in serum
AENJPLPP_00495;1677.76096411308;-2.12256562874731;0.0766924585737129;-27.676327871367;1.34590049960221e-168;1.20592684764358e-167;menH_1;2-succinyl-6-hydroxy-2%2C4-cyclohexadiene-1-carboxylate synthase;Down in serum
AENJPLPP_01161;3760.47507339769;-1.77365248705;0.0641022478050268;-27.6691153240794;1.64364129048719e-168;1.46818510364991e-167;;putative ABC transporter ATP-binding protein;Down in serum
AENJPLPP_01671;5361.90972527021;1.75458037134778;0.0634722590042897;27.6432633542978;3.36293257985489e-168;2.99475830964448e-167;;Putative universal stress protein;Up in serum
AENJPLPP_00480;8931.55191732194;1.76453188947749;0.0639161093468739;27.6069977898895;9.17024215738386e-168;8.14138572021397e-167;cysK;Cysteine synthase;Up in serum
AENJPLPP_01822;5749.88154714627;-1.9068679873189;0.0692598762982817;-27.5320732469487;7.25524026258426e-167;6.42165946645756e-166;metB;Cystathionine gamma-synthase;Down in serum
AENJPLPP_01999;1488.72289465159;-1.9843510812592;0.0721781497031103;-27.4924071816944;2.16382870574843e-166;1.90941490640589e-165;pnuC;Nicotinamide riboside transporter PnuC;Down in serum
AENJPLPP_00371;449.134055352612;-4.41977112079661;0.160821627358344;-27.4824424637143;2.84665665952839e-166;2.50436984669084e-165;gmk_1;Guanylate kinase;Down in serum
AENJPLPP_01427;7964.41858571866;-1.71534967594217;0.0626702213678798;-27.3710486176985;6.06649836206599e-165;5.32097687660728e-164;rpsF;30S ribosomal protein S6;Down in serum
AENJPLPP_02052;16249.6929768403;-2.12568878800092;0.0778055133469118;-27.320541907141;2.41858992241306e-164;2.11499515137142e-163;rpmE2;50S ribosomal protein L31 type B;Down in serum
AENJPLPP_00390;2836.10380236783;1.75020334605353;0.0645834432893082;27.0998766388673;9.87938803863198e-162;8.61340657739411e-161;menE;2-succinylbenzoate--CoA ligase;Up in serum
AENJPLPP_00534;928.087151985224;2.82047250376559;0.104394820454674;27.0173605498961;9.24125885465959e-161;8.03299874172201e-160;;Putative universal stress protein;Up in serum
AENJPLPP_01911;679.960578710733;-2.84609119564274;0.1055819686551;-26.9562239830926;4.82220888868193e-160;4.17924770352434e-159;;hypothetical protein;Down in serum
AENJPLPP_00675;846.318940830777;-2.39995421184728;0.0893673753610383;-26.8549255491909;7.3882745800618e-159;6.38417079440355e-158;;hypothetical protein;Down in serum
AENJPLPP_00156;24359.3249668163;-1.40328920146127;0.0522691072250833;-26.847391814411;9.04727435698805e-159;7.79457483063586e-158;dnaK;Chaperone protein DnaK;Down in serum
AENJPLPP_02521;3457.00474804518;2.45198206388112;0.0915288717059388;26.7891651910533;4.32140855743204e-158;3.71207720331625e-157;;hypothetical protein;Up in serum
AENJPLPP_01391;2846.24930716587;-2.09310555384605;0.0782362881365953;-26.7536408449188;1.12003078605693e-157;9.59273426175819e-157;rlhA;23S rRNA 5-hydroxycytidine synthase;Down in serum
AENJPLPP_01795;634.731389110925;-2.95046934726576;0.110303602941945;-26.7486217002236;1.28121785396581e-157;1.09410744596729e-156;;hypothetical protein;Down in serum
AENJPLPP_02674;2074.82534294215;-2.6682985413138;0.0998225996296575;-26.7304052510474;2.08671159143965e-157;1.7767556006644e-156;;hypothetical protein;Down in serum
AENJPLPP_01650;1399.81674026729;-2.24923265764062;0.0843257714330305;-26.6731346706613;9.64996354988472e-157;8.1926221158205e-156;galK_1;Galactokinase;Down in serum
AENJPLPP_01255;3902.96264468355;-1.61161322849707;0.0604695214116939;-26.6516617111081;1.71205218299673e-156;1.44927208049025e-155;cysS;Cysteine--tRNA ligase;Down in serum
AENJPLPP_02099;23526.2151289685;1.58672288513183;0.059648511344875;26.6012151746376;6.5718386738632e-156;5.54701281689555e-155;manX_3;PTS system mannose-specific EIIAB component;Up in serum
AENJPLPP_01068;4738.29586352576;-1.86523572118383;0.0702035987151611;-26.5689473947297;1.55155934740956e-155;1.30582104614353e-154;hisS;Histidine--tRNA ligase;Down in serum
AENJPLPP_02959;488.583496551559;4.23826575502;0.159675170547727;26.5430482427647;3.08950473512342e-155;2.59269100538312e-154;sorA_4;PTS system sorbose-specific EIIC component;Up in serum
AENJPLPP_02078;1600.63317146664;-2.25905280897057;0.0851498619609129;-26.5303167491636;4.33334958054411e-155;3.62606723521393e-154;dltA;D-alanine--D-alanyl carrier protein ligase;Down in serum
AENJPLPP_02096;39892.522866525;-1.76944884212759;0.0667473905219795;-26.509633234949;7.50556554286487e-155;6.26252345582306e-154;rpmA;50S ribosomal protein L27;Down in serum
AENJPLPP_00358;565.605328570437;4.18131947866145;0.157834012452574;26.4918784847965;1.20230686737134e-154;1.00031931365296e-153;mdxE;Maltodextrin-binding protein MdxE;Up in serum
AENJPLPP_00939;479.8506820686;5.97456938681972;0.225529268510914;26.491326053898;1.22005711660299e-154;1.01219553377433e-153;;hypothetical protein;Up in serum
AENJPLPP_00585;24855.1209733354;8.76467252155068;0.331069273509837;26.4738325868536;1.94027263704483e-154;1.60513463610072e-153;purF;Amidophosphoribosyltransferase;Up in serum
AENJPLPP_02279;1272.45297580246;2.28605378633931;0.0871606686429779;26.2280432439464;1.27271684373571e-151;1.04990126032816e-150;;hypothetical protein;Up in serum
AENJPLPP_00657;4580.61110647094;-1.51438360927012;0.0578572833762773;-26.1744679476439;5.19103314482523e-151;4.27013799935906e-150;trmFO;Methylenetetrahydrofolate--tRNA-(uracil-5-)-methyltransferase TrmFO;Down in serum
AENJPLPP_00717;5355.26696253756;-1.90905154345004;0.0730281404810406;-26.1413138945481;1.23720095597113e-150;1.01485329120787e-149;;hypothetical protein;Down in serum
AENJPLPP_00533;401.159198038915;3.5710301972626;0.137187980985963;26.030197190729;2.25483513922733e-149;1.84440447343539e-148;;hypothetical protein;Up in serum
AENJPLPP_00595;5542.40848186537;1.48206847972828;0.0571210532922191;25.9460985802613;2.01231423675187e-148;1.64141710291917e-147;xpt;Xanthine phosphoribosyltransferase;Up in serum
AENJPLPP_01028;3310.61941786106;-1.62092144109755;0.0625224219027655;-25.9254422936207;3.44118613699665e-148;2.79908771813806e-147;nusG;Transcription termination/antitermination protein NusG;Down in serum
AENJPLPP_01413;5895.4543265237;-1.40769346903342;0.0543988464047604;-25.877266928775;1.20068567160552e-147;9.73926650617069e-147;mnmG;tRNA uridine 5-carboxymethylaminomethyl modification enzyme MnmG;Down in serum
AENJPLPP_01486;7344.4343605913;-2.5752264608883;0.0997873040034445;-25.8071553952335;7.37012628042173e-147;5.96161325794114e-146;rpmC;50S ribosomal protein L29;Down in serum
AENJPLPP_01796;1587.61165513531;-2.29961665535043;0.0895247543617943;-25.6869362194175;1.63592525414709e-145;1.31961616068596e-144;bceA_1;Bacitracin export ATP-binding protein BceA;Down in serum
AENJPLPP_00684;7720.0969143155;-1.57788399860217;0.061455398545783;-25.6752707807545;2.20834366479619e-145;1.77643556681948e-144;der;GTPase Der;Down in serum
AENJPLPP_01274;1209.45290383222;2.1962015370292;0.0855561122227079;25.6697210751273;2.54704300097349e-145;2.04324771868728e-144;;putative oxidoreductase;Up in serum
AENJPLPP_01672;5538.12965684612;-1.46669269438423;0.0572022031816834;-25.64049307202;5.39739515699735e-145;4.31791612559788e-144;;hypothetical protein;Down in serum
AENJPLPP_00511;2776.77180784023;-1.72297778643246;0.0674937955416156;-25.5279433110277;9.65247985575862e-144;7.70082776437509e-143;trpS2;Tryptophan--tRNA ligase 2;Down in serum
AENJPLPP_01096;2310.52754245488;1.90246293778409;0.0751167581945513;25.326744437729;1.62141782963597e-141;1.29004609833332e-140;hit;Protein hit;Up in serum
AENJPLPP_01985;1699.18768244468;1.83016435864864;0.0725225384200076;25.2358011525935;1.62168214344711e-140;1.28674070891498e-139;eat(A);ABC-F type ribosomal protection protein Eat(A);Up in serum
AENJPLPP_00747;511.934469927027;3.15903803757984;0.125680278285561;25.1355111611236;2.03545156721111e-139;1.61066167492358e-138;manP_1;PTS system mannose-specific EIIBCA component;Up in serum
AENJPLPP_00538;5123.65091895538;1.62027664296914;0.0645423336355374;25.1040914033051;4.48717187132752e-139;3.54109606756253e-138;;hypothetical protein;Up in serum
AENJPLPP_00046;1118.93166635804;2.08172498660325;0.0829821936930466;25.0864058174167;6.99887430932066e-139;5.50830324020048e-138;;hypothetical protein;Up in serum
AENJPLPP_01070;2285.09736747742;1.64844695687083;0.0658355757432816;25.0388477393858;2.30939634048639e-138;1.81265825970252e-137;cypC;Fatty-acid peroxygenase;Up in serum
AENJPLPP_00266;1275.76521890561;2.03385667366956;0.0812853745549932;25.0211884340099;3.5955687678833e-138;2.81459576668714e-137;;hypothetical protein;Up in serum
AENJPLPP_02749;1279.79678132949;-1.90283685215862;0.0763749756743715;-24.9144020715825;5.19450058917562e-137;4.05533129106686e-136;aldC;Alpha-acetolactate decarboxylase;Down in serum
AENJPLPP_00391;867.441560631871;2.14739718960247;0.0863642574380649;24.8644202278061;1.80585791802544e-136;1.40605835756419e-135;xerC_3;Tyrosine recombinase XerC;Up in serum
AENJPLPP_00277;846.894079367159;-2.47355132531441;0.0995094483536912;-24.8574518926338;2.14803722738039e-136;1.66802250830179e-135;prsA_1;Foldase protein PrsA;Down in serum
AENJPLPP_01277;682.783932005756;-2.51673478026418;0.101258683132461;-24.8545082990259;2.31136545850864e-136;1.79007878063222e-135;sacY;Levansucrase and sucrase synthesis operon antiterminator;Down in serum
AENJPLPP_00641;347.148755783338;4.57871181554081;0.18427946035678;24.8465662243424;2.81657567448702e-136;2.17556190029342e-135;;hypothetical protein;Up in serum
AENJPLPP_00951;392.934232822704;3.37444771810126;0.135838982473002;24.8415267596099;3.19288448440584e-136;2.45970360280153e-135;;hypothetical protein;Up in serum
AENJPLPP_01833;3635.96660378895;1.92184195470015;0.0774398110446545;24.8172345564215;5.84192468633248e-136;4.4885711574143e-135;dapX;putative N-acetyl-LL-diaminopimelate aminotransferase;Up in serum
AENJPLPP_00334;2335.14382100159;-1.68458272896223;0.0680619313937846;-24.7507335520024;3.04441758141535e-135;2.33298526238987e-134;;hypothetical protein;Down in serum
AENJPLPP_01594;1866.96915396544;1.70248240446449;0.0688551420126132;24.7255666708613;5.67974154382967e-135;4.34105180462782e-134;;hypothetical protein;Up in serum
AENJPLPP_01418;4153.69461105923;-1.52231414803843;0.0616445118275978;-24.6950475055414;1.20887436377636e-134;9.21529357936324e-134;misCA;Membrane protein insertase MisCA;Down in serum
AENJPLPP_02769;527.704433901836;2.62398171279799;0.106630256761458;24.6082284005757;1.03132877654759e-133;7.84133001907727e-133;;hypothetical protein;Up in serum
AENJPLPP_00045;950.367591387649;2.21319926246257;0.0899940459339798;24.5927298799988;1.51096273596626e-133;1.14581340810775e-132;;hypothetical protein;Up in serum
AENJPLPP_00032;8839.42087894592;1.38571213623738;0.0564685562881604;24.539535403846;5.59396210098413e-133;4.23106951638073e-132;;hypothetical protein;Up in serum
AENJPLPP_00655;2161.1242641602;-2.14570128683064;0.0876263117512121;-24.4869519662393;2.0344619170956e-132;1.53480650325969e-131;hslV;ATP-dependent protease subunit HslV;Down in serum
AENJPLPP_00421;3854.68121596896;-1.71488931611353;0.0701379439097544;-24.4502364985214;5.00332551576109e-132;3.76477620204039e-131;topB_1;DNA topoisomerase 3;Down in serum
AENJPLPP_01145;495.983664060759;4.19529189108885;0.17168298832625;24.4362701977001;7.04314007077022e-132;5.28598553765023e-131;licR_2;putative licABCH operon regulator;Up in serum
AENJPLPP_00094;1011.66695229083;-2.9063701134785;0.119151998828691;-24.3921221804856;2.07323386164472e-131;1.55199408871707e-130;rpmGA_1;50S ribosomal protein L33 1;Down in serum
AENJPLPP_01478;32981.6759341548;-2.14305930163608;0.0879248830701026;-24.3737520802549;3.24714947118339e-131;2.42453827181693e-130;rplC;50S ribosomal protein L3;Down in serum
AENJPLPP_00570;3334.25297706266;-1.59465470852639;0.0654910937149108;-24.3491842641701;5.91381237540408e-131;4.40435335989173e-130;pdhB;Pyruvate dehydrogenase E1 component subunit beta;Down in serum
AENJPLPP_00897;4398.72193733744;-1.50171518297654;0.0617408661408165;-24.3228719783664;1.12313032084545e-130;8.34325381199478e-130;;hypothetical protein;Down in serum
AENJPLPP_00139;601.758742259782;2.39461016284972;0.0984984040941249;24.3111569661721;1.49402524366262e-130;1.10702328487164e-129;;phosphoketolase;Up in serum
AENJPLPP_02062;4184.80780135803;1.57778378822625;0.0649631146737528;24.2873790173076;2.6650851122261e-130;1.96972787989909e-129;;hypothetical protein;Up in serum
AENJPLPP_00970;327.567632378394;4.81210153562628;0.198962938114157;24.1859191527684;3.12949022439562e-129;2.30710772998482e-128;;hypothetical protein;Up in serum
AENJPLPP_01973;3578.62411695113;-1.65626705555708;0.0685070098878017;-24.1766070110147;3.92133934327593e-129;2.88357074939886e-128;;Phosphorylated carbohydrates phosphatase;Down in serum
AENJPLPP_01998;852.702369217193;-2.18198788235639;0.0903002195808895;-24.1637051657642;5.35914720340707e-129;3.93094122325476e-128;;hypothetical protein;Down in serum
AENJPLPP_01823;4456.12536799909;-1.80861407803093;0.0749347335208328;-24.13585787328;1.05113967645735e-128;7.69075059759749e-128;cysM;Cysteine synthase;Down in serum
AENJPLPP_00107;3486.61701088805;2.39296966000812;0.0992747676828686;24.1045102986533;2.24180078197351e-128;1.63612127245786e-127;;hypothetical protein;Up in serum
AENJPLPP_01982;1390.97399919778;1.97084557652189;0.0817774778932645;24.1001022200052;2.49354798793985e-128;1.81530293522021e-127;;hypothetical protein;Up in serum
AENJPLPP_00719;3478.02838515295;-1.42203603608942;0.0590282891774225;-24.0907547195749;3.12465922959859e-128;2.26907922109504e-127;thlA;Acetyl-CoA acetyltransferase;Down in serum
AENJPLPP_00803;40674.382516636;-1.42339918744658;0.0591181913359659;-24.0771775198174;4.33568609633361e-128;3.14067609764265e-127;pfkA;ATP-dependent 6-phosphofructokinase;Down in serum
AENJPLPP_00643;332.059417673872;4.07198155930033;0.169560532165689;24.0149137732202;1.94268714888753e-127;1.4037481333897e-126;;hypothetical protein;Up in serum
AENJPLPP_02061;4809.24845630442;1.44805833322931;0.0603160423119379;24.0078472944288;2.302605572089e-127;1.65969985790178e-126;;hypothetical protein;Up in serum
AENJPLPP_00687;4970.29442038607;-1.49902855110997;0.0624951580888921;-23.9863150514441;3.86378208394284e-127;2.77810701936828e-126;;hypothetical protein;Down in serum
AENJPLPP_00113;1168.31500049768;-2.17013157582894;0.0905219701739172;-23.9735345094625;5.25223701671853e-127;3.76712172233605e-126;rimI;[Ribosomal protein S18]-alanine N-acetyltransferase;Down in serum
AENJPLPP_02415;12683.817424355;1.56860389793356;0.0654457889427696;23.9679882124311;6.0004449571523e-127;4.29319305042445e-126;;hypothetical protein;Up in serum
AENJPLPP_02272;1651.49723909527;-1.87045306411824;0.0781351115014138;-23.9387009012509;1.21166572505014e-126;8.64796713565197e-126;ywlC;Threonylcarbamoyl-AMP synthase;Down in serum
AENJPLPP_01630;1089.86069238352;-2.18602456148376;0.0916673575061259;-23.8473609467544;1.078540682075e-125;7.67899869487136e-125;tgt;Queuine tRNA-ribosyltransferase;Down in serum
AENJPLPP_00980;774.776940982174;2.26421836981159;0.0949758657372959;23.8399339899089;1.28788977731947e-125;9.14715861354706e-125;;hypothetical protein;Up in serum
AENJPLPP_01293;1573.69976314559;1.70674643861565;0.0716725496265276;23.8131118190882;2.44294898747212e-125;1.73086799307027e-124;mutS_1;DNA mismatch repair protein MutS;Up in serum
AENJPLPP_02358;488.343035284265;2.81393057661601;0.118339854191681;23.7783846856711;5.59021814053602e-125;3.95114447214585e-124;;hypothetical protein;Up in serum
AENJPLPP_02705;372.87673490928;-3.49240413842472;0.14717657034893;-23.7293485650932;1.7955076135447e-124;1.26598502921118e-123;;hypothetical protein;Down in serum
AENJPLPP_00873;3101.63243589823;-1.68484975933476;0.0710801154895766;-23.7035315394477;3.3156724386493e-124;2.33218312592917e-123;;hypothetical protein;Down in serum
AENJPLPP_03050;8159.4674322737;1.56467397874108;0.0663131307407863;23.5952361359214;4.31353566039487e-123;3.026750805559e-122;;hypothetical protein;Up in serum
AENJPLPP_01765;1596.2809366145;-1.82864868924347;0.0775714435884418;-23.5737354450361;7.16887717577698e-123;5.01821402304389e-122;ccpA_1;Catabolite control protein A;Down in serum
AENJPLPP_00703;5377.83070564701;-1.35742087530371;0.0576226779512845;-23.5570598862362;1.06272379117595e-122;7.4212270501304e-122;mapZ;Mid-cell-anchored protein Z;Down in serum
AENJPLPP_02277;990.210770404358;2.21127368888011;0.0940720016361802;23.5061830344817;3.52614204358592e-122;2.45648938538809e-121;;hypothetical protein;Up in serum
AENJPLPP_00103;4159.68055408938;-1.96400003511051;0.0835873733327811;-23.4963722007552;4.44236750540444e-122;3.08739240471067e-121;glcK;Glucokinase;Down in serum
AENJPLPP_00996;6675.40408032574;-1.87873662856269;0.080150966485576;-23.4399747244569;1.67287318757706e-121;1.15985874338676e-120;;DegV domain-containing protein;Down in serum
AENJPLPP_01044;1055.63296178038;-1.84269055079175;0.0789357692290417;-23.3441767754864;1.57925133167306e-120;1.09234676433063e-119;cutC;Copper homeostasis protein CutC;Down in serum
AENJPLPP_01078;546.06567424827;2.52401187012499;0.108206039173283;23.3259796718277;2.41659303312842e-120;1.66756372333411e-119;;hypothetical protein;Up in serum
AENJPLPP_00881;3037.14408542343;-1.46855778928447;0.0631360310787422;-23.2602170930401;1.12120140029724e-119;7.71853068006043e-119;;hypothetical protein;Down in serum
AENJPLPP_01829;1598.32256718758;2.27487929118123;0.0978398819298514;23.2510428907943;1.38839123282908e-119;9.53536620282612e-119;dapH_2;2%2C3%2C4%2C5-tetrahydropyridine-2%2C6-dicarboxylate N-acetyltransferase;Up in serum
AENJPLPP_00408;2017.69581020723;-1.77411611259063;0.0763534855661234;-23.2355615390238;1.99101994293209e-119;1.364200017369e-118;yhhX;putative oxidoreductase YhhX;Down in serum
AENJPLPP_00987;1880.72919400429;-1.73616335000869;0.0748244120881226;-23.203167275995;4.23003916398253e-119;2.89151972899463e-118;groS;10 kDa chaperonin;Down in serum
AENJPLPP_00625;954.262150198898;2.01517779296344;0.0875610287752238;23.0145513495115;3.33299665070399e-117;2.27299443720141e-116;;hypothetical protein;Up in serum
AENJPLPP_02554;13789.8391254313;1.17621570304081;0.0512783200306237;22.9378751553945;1.94709781851922e-116;1.32475440362803e-115;ponA_2;Penicillin-binding protein 1A/1B;Up in serum
AENJPLPP_02487;4600.92548398456;-1.66918374898451;0.0727987954917751;-22.9287275662837;2.40252858292611e-116;1.63080728053166e-115;cggR;Central glycolytic genes regulator;Down in serum
AENJPLPP_00885;3006.1435963231;-1.45525520242898;0.0635929840516867;-22.8838955134766;6.72215326890434e-116;4.55230472536033e-115;rfbB;dTDP-glucose 4%2C6-dehydratase;Down in serum
AENJPLPP_00978;2006.43728211411;1.54493112678934;0.0675277113286506;22.8784760565972;7.61140732408266e-116;5.14255641014587e-115;;hypothetical protein;Up in serum
AENJPLPP_02413;4590.63137404809;1.51340321484151;0.0661906989589449;22.8642881650216;1.05356290890077e-115;7.10179442296076e-115;;hypothetical protein;Up in serum
AENJPLPP_00231;386.799392802502;-3.050376831074;0.133466434601869;-22.8550110008804;1.30298095388907e-115;8.76277260444566e-115;;hypothetical protein;Down in serum
AENJPLPP_00941;329.227883756178;5.6885860002622;0.249111355611985;22.8355146086665;2.03583296812267e-115;1.36597824957908e-114;;hypothetical protein;Up in serum
AENJPLPP_01230;5122.07755865905;1.36718086691094;0.0599177848839225;22.8176136611117;3.06578427483539e-115;2.05231351915417e-114;;hypothetical protein;Up in serum
AENJPLPP_02475;3579.752908013;1.68512259233821;0.0739497282484329;22.7874075030685;6.11288778856526e-115;4.08273606428946e-114;gloA;Lactoylglutathione lyase;Up in serum
AENJPLPP_00209;1234.18391184397;-1.7103511687461;0.0751107855083574;-22.7710462241909;8.88009353606337e-115;5.91735294668571e-114;aroF;Phospho-2-dehydro-3-deoxyheptonate aldolase;Down in serum
AENJPLPP_02665;4307.65445632815;1.41655199994222;0.0622271834132458;22.7641992171655;1.03812547103274e-114;6.90187527773365e-114;phoR_3;Alkaline phosphatase synthesis sensor protein PhoR;Up in serum
AENJPLPP_00886;2675.3899345474;-1.56184767612523;0.0687144727962971;-22.7295300766594;2.28770514519469e-114;1.51749370906764e-113;ispD;2-C-methyl-D-erythritol 4-phosphate cytidylyltransferase;Down in serum
AENJPLPP_00483;51687.5767071483;1.46496535343784;0.0645092423665425;22.7093870536238;3.61854122384909e-114;2.39481637360195e-113;tkt;Transketolase;Up in serum
AENJPLPP_00498;1979.12911087543;-2.04854579452812;0.0902802814735075;-22.6909548917308;5.50299811878312e-114;3.63372574192663e-113;;hypothetical protein;Down in serum
AENJPLPP_00991;3764.07544108194;-1.41349926423295;0.0622993682741706;-22.6888217872827;5.77643440560621e-114;3.80565090251703e-113;yycJ;Putative metallo-hydrolase YycJ;Down in serum
AENJPLPP_01651;1274.13718300806;-1.84647298701901;0.0816136063650263;-22.6245729022247;2.48356213467605e-113;1.63253565150714e-112;;Deoxyguanosine kinase;Down in serum
AENJPLPP_02412;2053.52870913619;-1.54602998427934;0.0683970343990284;-22.603757573169;3.98019994448069e-113;2.61043744106481e-112;endA;DNA-entry nuclease;Down in serum
AENJPLPP_00056;902.579208335989;1.93815442724567;0.0857714327521139;22.5967360583457;4.66612751460098e-113;3.05342996011642e-112;;hypothetical protein;Up in serum
AENJPLPP_00876;486.458414853322;-2.62650921140894;0.116574040610484;-22.5308241668063;2.07067700860098e-112;1.35197566122109e-111;pbpX_1;Putative penicillin-binding protein PbpX;Down in serum
AENJPLPP_02490;42829.9697170244;-1.44889838988854;0.0643745293637786;-22.5073240023373;3.51878953089472e-112;2.29233000312425e-111;tpiA;Triosephosphate isomerase;Down in serum
AENJPLPP_02993;5857.53644787672;1.93213660886405;0.0861014650807489;22.4402291767281;1.59421243407754e-111;1.0362380821504e-110;;hypothetical protein;Up in serum
AENJPLPP_01858;1780.7957712837;1.62438397382396;0.0725143788994583;22.4008534373049;3.86110939899346e-111;2.50413153003763e-110;argR_2;Arginine repressor;Up in serum
AENJPLPP_00714;1930.95016855611;-1.764786951168;0.0789009156072453;-22.367128918412;8.22636767654978e-111;5.32337392758065e-110;;hypothetical protein;Down in serum
AENJPLPP_01598;3595.82821080517;-1.51572003242802;0.0677698862259018;-22.36568654366;8.4966293743224e-111;5.48607200399708e-110;udk;Uridine kinase;Down in serum
AENJPLPP_00040;796.650867155612;1.8914617294421;0.0847105135964257;22.3285357287919;1.95219364853904e-110;1.25769643905878e-109;;hypothetical protein;Up in serum
AENJPLPP_01076;569.784415266178;-2.43596432931254;0.109132321063494;-22.3211996736996;2.30034116993156e-110;1.47871820901561e-109;;Putative 3-methyladenine DNA glycosylase;Down in serum
AENJPLPP_01148;434.086291007284;-2.66742814273203;0.119676390886553;-22.2886746748622;4.75871605713505e-110;3.05228659876151e-109;;hypothetical protein;Down in serum
AENJPLPP_00975;273.012610989582;4.96990840432708;0.22300472828216;22.2861122390141;5.03897367795564e-110;3.22494315389161e-109;;hypothetical protein;Up in serum
AENJPLPP_01954;2273.67575793538;2.03935727445797;0.0917224268357101;22.2340091165577;1.61085855838826e-109;1.02868862325145e-108;licT_2;Transcription antiterminator LicT;Up in serum
AENJPLPP_02771;1126.20625427151;1.70402688806998;0.0766446779274474;22.2328142559752;1.65431438907203e-109;1.05412768073912e-108;;hypothetical protein;Up in serum
AENJPLPP_00589;18510.8958872864;9.00277585849271;0.405085474635871;22.2243857708925;1.99594522223086e-109;1.26903766094679e-108;purC;Phosphoribosylaminoimidazole-succinocarboxamide synthase;Up in serum
AENJPLPP_01898;1962.70378793419;-1.45708060179534;0.0657234578861741;-22.1698712858177;6.71020044142742e-109;4.25710319944154e-108;iscS_1;Cysteine desulfurase IscS;Down in serum
AENJPLPP_00111;755.332971039104;-2.17765995743356;0.098245981293714;-22.1653845659424;7.41340867399468e-109;4.69301001275489e-108;tsaB;tRNA threonylcarbamoyladenosine biosynthesis protein TsaB;Down in serum
AENJPLPP_01733;732.330037274068;2.11030872027214;0.0952439164919194;22.1568872637779;8.95294115077112e-109;5.65530686139816e-108;;hypothetical protein;Up in serum
AENJPLPP_02565;562.44183716016;2.26997188618462;0.102604493125553;22.1235134742778;1.87723638666822e-108;1.18322778311209e-107;licH;putative 6-phospho-beta-glucosidase;Up in serum
AENJPLPP_01649;983.042718927552;-1.79199811914125;0.0811935694036033;-22.0706902320484;6.04615217647133e-108;3.80267713561221e-107;;hypothetical protein;Down in serum
AENJPLPP_01617;3306.99431789924;-1.61619956899244;0.0733589985045165;-22.0313744999249;1.44132832825274e-107;9.04557778420686e-107;kimA;Potassium transporter KimA;Down in serum
AENJPLPP_02830;514.336792364074;-2.47051336745942;0.112203763693263;-22.0180971309767;1.93207790932821e-107;1.20993782192769e-106;gmuE_5;Putative fructokinase;Down in serum
AENJPLPP_00163;5465.76714438936;-1.23949361816352;0.0564338753689962;-21.9636452407179;6.41415036183123e-107;4.00815576258639e-106;;D-aspartate ligase;Down in serum
AENJPLPP_01855;819.914894035304;-1.87925944187578;0.085848908044626;-21.8903126979659;3.21302610490034e-106;2.00349722001494e-105;thiO;Glycine oxidase;Down in serum
AENJPLPP_02340;1151.49618482242;-1.78667566140564;0.081672467451762;-21.8761072996956;4.38732359236057e-106;2.72989023524658e-105;rsmF;Ribosomal RNA small subunit methyltransferase F;Down in serum
AENJPLPP_01732;1028.80991956604;1.74644354254393;0.0799898693288668;21.8333091077281;1.12010953047236e-105;6.95470992054477e-105;npr_1;NADH peroxidase;Up in serum
AENJPLPP_00611;269.212801989605;3.64998352642371;0.167180502812976;21.8325909122724;1.13784891071602e-105;7.04982133618094e-105;dcuS_2;Sensor histidine kinase DcuS;Up in serum
AENJPLPP_02673;11810.154076718;-2.08556556093396;0.095666956125383;-21.8002709127755;2.30647846502693e-105;1.42600112317589e-104;rpsP;30S ribosomal protein S16;Down in serum
AENJPLPP_01411;2393.11929512579;-1.39239043104819;0.0639062284822205;-21.7880238611729;3.01378129828821e-105;1.85934981792697e-104;soj_1;Sporulation initiation inhibitor protein Soj;Down in serum
AENJPLPP_01514;293.086735387418;3.35867130199103;0.155112107884561;21.6531858653527;5.67207541994433e-104;3.49198385261689e-103;;hypothetical protein;Up in serum
AENJPLPP_01801;316.095361107309;3.80291510669273;0.17578532311078;21.6338602074085;8.62547077496365e-104;5.29902339592704e-103;rbsD;D-ribose pyranase;Up in serum
AENJPLPP_01164;951.421454714623;-1.94319012694413;0.0898556952340317;-21.6256757224241;1.02998037789475e-103;6.31432181143056e-103;;hypothetical protein;Down in serum
AENJPLPP_02271;931.404761856526;-1.87399513818438;0.0868163953003725;-21.5857284986392;2.44603574692217e-103;1.49639833929356e-102;prmC;Release factor glutamine methyltransferase;Down in serum
AENJPLPP_01797;4313.31193986207;-1.43819986532359;0.0668465329097951;-21.5149507793373;1.12799052659586e-102;6.88618116026657e-102;bceB_1;Bacitracin export permease protein BceB;Down in serum
AENJPLPP_00872;2930.04077317343;-1.36318265634572;0.063591667163318;-21.4364981632696;6.10374145541582e-102;3.71842994103993e-101;liaS;Sensor histidine kinase LiaS;Down in serum
AENJPLPP_00215;2170.00249080405;-1.59432865818925;0.0744078959801978;-21.4268746238107;7.50521201973015e-102;4.56266751596121e-101;pheA;Bifunctional chorismate mutase/prephenate dehydratase;Down in serum
AENJPLPP_00638;5319.56624777418;1.48381010561002;0.0694415014696204;21.3677710620811;2.66557787622992e-101;1.61711724491282e-100;;hypothetical protein;Up in serum
AENJPLPP_01272;361.5510162172;-2.71774654985222;0.127197122999384;-21.3664152597648;2.74410124342311e-101;1.66129372574805e-100;;hypothetical protein;Down in serum
AENJPLPP_00947;239.148419678849;4.42466479695057;0.207589959075674;21.3144451526079;8.3389954592655e-101;5.03799891646911e-100;;hypothetical protein;Up in serum
AENJPLPP_02087;1029.62503600053;-1.71831520263739;0.081046019789205;-21.2017222697254;9.20649798172713e-100;5.55058429043259e-99;;hypothetical protein;Down in serum
AENJPLPP_00409;2719.07334440964;-1.39089329172534;0.0656211532000903;-21.1958068990995;1.04393873869556e-99;6.2808876179369e-99;;hypothetical protein;Down in serum
AENJPLPP_00386;3193.41576915716;1.29898842483497;0.0613614091377127;21.1694686137287;1.82604618619199e-99;1.09638072045177e-98;malL_1;Oligo-1%2C6-glucosidase;Up in serum
AENJPLPP_02163;312.732052241426;2.97550539691719;0.1407363067274;21.1424149610563;3.24064277851195e-99;1.94171847140469e-98;;hypothetical protein;Up in serum
AENJPLPP_00092;11464.7983185836;-1.18440173335562;0.0562167659457895;-21.0684786545308;1.54826201968002e-98;9.25778029016061e-98;asnB;Asparagine synthetase [glutamine-hydrolyzing] 1;Down in serum
AENJPLPP_01536;1314.41547915719;1.84832565891978;0.0877525965421704;21.062917016154;1.74116713392454e-98;1.03899153565333e-97;yueI;putative protein YueI;Up in serum
AENJPLPP_02269;1489.35031844783;-1.60055863618643;0.0760177676712109;-21.055059694848;2.05524351353572e-98;1.22389961378651e-97;tdk;Thymidine kinase;Down in serum
AENJPLPP_00720;3469.57926645351;-1.24187312367261;0.0590281272033467;-21.0386672000361;2.90426491893739e-98;1.72596315182565e-97;mvaS;Hydroxymethylglutaryl-CoA synthase;Down in serum
AENJPLPP_01606;1022.67801184436;1.82662926457552;0.0869142637270398;21.0164498466233;4.63858273318271e-98;2.75102910774502e-97;ubiB;putative protein kinase UbiB;Up in serum
AENJPLPP_02308;1023.96800666066;1.82551695870798;0.0868960386654251;21.008057291734;5.53533998509175e-98;3.27620122694861e-97;msmX;Oligosaccharides import ATP-binding protein MsmX;Up in serum
AENJPLPP_01642;915.022976256274;1.85395075961523;0.0883367777620294;20.9873034378681;8.56701816410204e-98;5.06027523202133e-97;kdgA;KHG/KDPG aldolase;Up in serum
AENJPLPP_00902;5193.97216700702;-1.350363652149;0.0643697498116154;-20.9782336594592;1.03673257084205e-97;6.11126568075311e-97;rfbA;Glucose-1-phosphate thymidylyltransferase 1;Down in serum
AENJPLPP_01406;23553.9192171607;1.18392985130618;0.0564898019711975;20.9582935325181;1.576379144026e-97;9.27356781293681e-97;guaB;Inosine-5'-monophosphate dehydrogenase;Up in serum
AENJPLPP_01470;44073.7552054688;-1.65287909202652;0.0790764061996985;-20.902304131682;5.10218252227353e-97;2.99547490017349e-96;gpmA_3;2%2C3-bisphosphoglycerate-dependent phosphoglycerate mutase;Down in serum
AENJPLPP_00248;5551.10889391182;1.16551473675245;0.0557752034589455;20.8966469770094;5.74407804051454e-97;3.36554431669584e-96;dnaI_2;Primosomal protein DnaI;Up in serum
AENJPLPP_01546;2604.37162385126;1.33280656629094;0.0639287219366877;20.8483217857991;1.57862761948925e-96;9.23085065853956e-96;;hypothetical protein;Up in serum
AENJPLPP_02309;431.319654220922;2.30053352738279;0.110365543765231;20.8446717054778;1.70373271447271e-96;9.94242417744397e-96;mgsA;Methylglyoxal synthase;Up in serum
AENJPLPP_00352;486.009718099479;-2.36405918922525;0.113593352951904;-20.8115979306132;3.39827279161007e-96;1.9791540738337e-95;;hypothetical protein;Down in serum
AENJPLPP_00716;452.928940817889;2.55672593825642;0.122917406565126;20.8003570015267;4.29599684841796e-96;2.49699457536788e-95;;hypothetical protein;Up in serum
AENJPLPP_01560;714.294145947722;-1.94251435105115;0.0934559674823076;-20.7853431234222;5.87428121934484e-96;3.40755117743669e-95;nirC;Nitrite transporter NirC;Down in serum
AENJPLPP_02414;8232.70517524255;1.51606080852653;0.072957175644425;20.7801466426748;6.54584000529249e-96;3.78955985992281e-95;yrrK;Putative pre-16S rRNA nuclease;Up in serum
AENJPLPP_00118;611.826045107653;-2.26237211312017;0.108954831946908;-20.7643118959844;9.10215804701612e-96;5.25902464938709e-95;arcC1;Carbamate kinase 1;Down in serum
AENJPLPP_01195;26668.1944116882;-1.10614830514341;0.0533045712056238;-20.7514717804672;1.1889563395133e-95;6.85592249636186e-95;lysS;Lysine--tRNA ligase;Down in serum
AENJPLPP_00586;55094.4759169767;8.89734451942411;0.428896398273032;20.7447405836226;1.36760142144638e-95;7.87046509733572e-95;purL;Phosphoribosylformylglycinamidine synthase subunit PurL;Up in serum
AENJPLPP_00238;9470.41765183134;-1.13532335419927;0.0548176521668272;-20.7109080619528;2.76200730632136e-95;1.58638368363073e-94;murC;UDP-N-acetylmuramate--L-alanine ligase;Down in serum
AENJPLPP_00249;4393.06060259094;1.34150665922233;0.0649172840611376;20.6648611170937;7.17632270093211e-95;4.11367159549494e-94;;hypothetical protein;Up in serum
AENJPLPP_01438;2225.06644896692;1.4310449471573;0.0695124990446409;20.5868723873427;3.59862092324011e-94;2.05877880716605e-93;pox5;Pyruvate oxidase;Up in serum
AENJPLPP_00928;234.761910578235;5.01649804810984;0.244130820242753;20.5484012347218;7.95398547179414e-94;4.54156974389501e-93;;hypothetical protein;Up in serum
AENJPLPP_01098;11727.1307623077;1.15947991216105;0.0564514819088146;20.5394061051212;9.57259180358832e-94;5.45506601409964e-93;prsA_2;Foldase protein PrsA;Up in serum
AENJPLPP_02968;760.304637645974;1.91385451622139;0.0933143776219899;20.509749569078;1.76199190312718e-93;1.00213289490358e-92;;IS6 family transposase IS1297;Up in serum
AENJPLPP_01009;281.269538276505;3.03180945479666;0.147934367708605;20.4942874448796;2.42104754882267e-93;1.37428663979954e-92;;hypothetical protein;Up in serum
AENJPLPP_02098;8553.79683673504;1.2773809715563;0.0623676702057533;20.4814604640862;3.15068853728032e-93;1.78498152150979e-92;manX_2;PTS system mannose-specific EIIAB component;Up in serum
AENJPLPP_00117;2381.5835790726;-1.66778084183285;0.081463245544685;-20.4728013312214;3.76352524940322e-93;2.12803602451693e-92;arcB;Ornithine carbamoyltransferase%2C catabolic;Down in serum
AENJPLPP_00884;2315.50105904995;-1.45059098134704;0.0709693051217975;-20.4396954268826;7.42007688378183e-93;4.18745424139005e-92;arnC_1;Undecaprenyl-phosphate 4-deoxy-4-formamido-L-arabinose transferase;Down in serum
AENJPLPP_02185;240.379781773218;3.48515521137833;0.170546290100034;20.435244937513;8.12839017458969e-93;4.57831183528147e-92;;hypothetical protein;Up in serum
AENJPLPP_01237;1115.3368563457;-1.71237032614693;0.0838430651049234;-20.4235177233087;1.03347700437583e-92;5.8098166732479e-92;znuA;High-affinity zinc uptake system binding-protein ZnuA;Down in serum
AENJPLPP_00143;971.161459569806;-1.83687618878904;0.0899743868862511;-20.4155454942003;1.21665660012054e-92;6.826404661948e-92;ribF;Bifunctional riboflavin kinase/FMN adenylyltransferase;Down in serum
AENJPLPP_01031;2815.54103231666;1.40117630773223;0.0686563150425394;20.408556836528;1.40368398436843e-92;7.8606303124632e-92;;hypothetical protein;Up in serum
AENJPLPP_01033;686.673404350006;-1.87946957882317;0.0922118068429877;-20.3820925233947;2.41123691704135e-92;1.34770094096438e-91;ytlR;Putative lipid kinase YtlR;Down in serum
AENJPLPP_01412;1357.75984604503;-1.54287122494587;0.0757871081099184;-20.3579640841838;3.94644713394293e-92;2.20154292223023e-91;rsmG;Ribosomal RNA small subunit methyltransferase G;Down in serum
AENJPLPP_01859;2507.66857456885;1.44995843209128;0.0713062536263948;20.3342394018939;6.40245174961409e-92;3.56480678678322e-91;algC;Phosphomannomutase/phosphoglucomutase;Up in serum
AENJPLPP_02459;4750.3608956428;1.1301116398426;0.055629625353921;20.3149245146399;9.4895746155853e-92;5.27359566423366e-91;yhaP;putative protein YhaP;Up in serum
AENJPLPP_02707;604.387788614355;-2.02384269202233;0.0996316414453799;-20.3132525236156;9.8182281530349e-92;5.44584388221669e-91;;IS3 family transposase ISEfa8;Down in serum
AENJPLPP_00911;6333.05367005833;1.11835404135239;0.055275410461471;20.2323968653642;5.07739010536459e-91;2.8109049404604e-90;pepS;Aminopeptidase PepS;Up in serum
AENJPLPP_01669;5381.407490712;1.19847852541518;0.0592806671519914;20.2170215517712;6.9345431038469e-91;3.83176271696436e-90;pepA;Glutamyl aminopeptidase;Up in serum
AENJPLPP_00961;215.855634865154;3.91069899753637;0.193458266115956;20.2146906206238;7.26996649023105e-91;4.00949667036985e-90;;hypothetical protein;Up in serum
AENJPLPP_02895;709.463335644082;1.8010643422915;0.0892284787878416;20.1848598873224;1.33004174873732e-90;7.32151525958996e-90;hisK;Histidinol-phosphatase;Up in serum
AENJPLPP_02146;964.163349597136;2.52315826137667;0.125037824450161;20.1791599659699;1.49261147988814e-90;8.20091439515899e-90;;hypothetical protein;Up in serum
AENJPLPP_01799;12478.7515573469;1.03485811319754;0.0513813109155282;20.1407495207521;3.2438993733217e-90;1.77895197271427e-89;;hypothetical protein;Up in serum
AENJPLPP_00255;1448.82552520446;-1.64220214355145;0.0816769430552988;-20.1060676626892;6.53000929754684e-90;3.57432087865722e-89;dagK_2;Diacylglycerol kinase;Down in serum
AENJPLPP_01055;8338.05479801311;1.32367334918301;0.0658429814950551;20.1034843673113;6.87899665053509e-90;3.75828109687771e-89;mecA;Adapter protein MecA 1;Up in serum
AENJPLPP_01080;1160.37964570914;1.93727891892417;0.0964886578994992;20.0777890489679;1.15418645566275e-89;6.29399055971897e-89;;hypothetical protein;Up in serum
AENJPLPP_01995;2780.33051116828;-1.28285319633675;0.0639459991968157;-20.0615083421925;1.60151655219402e-89;8.71703962614764e-89;;hypothetical protein;Down in serum
AENJPLPP_02374;414.227303381266;2.45899688094687;0.122631485339626;20.0519212022648;1.94198998047985e-89;1.05505127297711e-88;rex_1;Redox-sensing transcriptional repressor Rex;Up in serum
AENJPLPP_00608;3394.98447526807;1.27982480085734;0.0638300549752805;20.0505044426638;1.9980890895825e-89;1.08350752865256e-88;yqiK;Inner membrane protein YqiK;Up in serum
AENJPLPP_01570;2114.17497162439;1.29122539078162;0.0644350532453754;20.0391762828922;2.50885076335261e-89;1.35795045034996e-88;msrB;Peptide methionine sulfoxide reductase MsrB;Up in serum
AENJPLPP_00128;2162.1173880366;-1.27167045844344;0.0635578163078783;-20.0080892062651;4.68256417599136e-89;2.52980090547066e-88;uppS;Ditrans%2Cpolycis-undecaprenyl-diphosphate synthase ((2E%2C6E)-farnesyl-diphosphate specific);Down in serum
AENJPLPP_01526;4453.60358816024;1.54503519577304;0.0772244023139339;20.0070851891108;4.77781703846988e-89;2.57648207704153e-88;oppD_1;Oligopeptide transport ATP-binding protein OppD;Up in serum
AENJPLPP_00802;46524.7468930696;-1.37973572705231;0.0690070404299155;-19.9941298519184;6.19500249964224e-89;3.33453738982592e-88;pyk;Pyruvate kinase;Down in serum
AENJPLPP_02282;4572.77097486406;-1.2340419332151;0.0617629350952803;-19.9802993706723;8.17323065871318e-89;4.39122650888797e-88;cna;Collagen adhesin;Down in serum
AENJPLPP_02887;427.642486438082;2.741186335461;0.137683150736188;19.9093812191539;3.3745717744128e-88;1.80971510259485e-87;;hypothetical protein;Up in serum
AENJPLPP_00245;1669.84225805293;1.35943550016453;0.068444535540271;19.8618558725506;8.70343127719778e-88;4.6588955660294e-87;nrdR;Transcriptional repressor NrdR;Up in serum
AENJPLPP_02030;5874.52160079937;-1.14849495740371;0.0578742071701579;-19.8446771638182;1.22512966252513e-87;6.54601390325353e-87;dgaR_1;Transcriptional regulatory protein DagR;Down in serum
AENJPLPP_00645;5488.64059731706;-1.09093487837277;0.0552520639261852;-19.7446900776452;8.91098853559387e-87;4.7525272189834e-86;ppaC;putative manganese-dependent inorganic pyrophosphatase;Down in serum
AENJPLPP_00744;465.599761584563;2.30934481449143;0.116982138883161;19.7410035116382;9.58552619833911e-87;5.10293460503903e-86;;hypothetical protein;Up in serum
AENJPLPP_01608;4865.36498640989;-1.18565402387057;0.0601015417297611;-19.7275142990792;1.2517578831994e-86;6.65167692678219e-86;ddl;D-alanine--D-alanine ligase;Down in serum
AENJPLPP_02240;2732.33113942488;-1.47217906496299;0.0749786084568259;-19.6346544069393;7.82110951223019e-86;4.14846464473849e-85;azoR;FMN-dependent NADH-azoreductase;Down in serum
AENJPLPP_02678;10846.1110950771;-1.83179133534871;0.0933168505625705;-19.629802380873;8.60487058115343e-86;4.55588784223978e-85;rplS;50S ribosomal protein L19;Down in serum
AENJPLPP_00569;8854.78559215513;-1.19182157569443;0.0607532304944804;-19.6174189585311;1.09787727651948e-85;5.80221166828443e-85;;hypothetical protein;Down in serum
AENJPLPP_02371;1727.47617559005;-1.3587355237377;0.06940099269733;-19.578041623459;2.37996054727118e-85;1.25551541914016e-84;iscS_2;Cysteine desulfurase IscS;Down in serum
AENJPLPP_01197;2091.3421764438;-1.50142783075319;0.0769101102221895;-19.5218525420864;7.15947577758091e-85;3.77005306768817e-84;hslO;33 kDa chaperonin;Down in serum
AENJPLPP_01374;47434.9245703767;-1.09246788143587;0.0560773729646044;-19.4814382999972;1.57784104058011e-84;8.29363377286872e-84;rpoC;DNA-directed RNA polymerase subunit beta';Down in serum
AENJPLPP_00910;653.434661046126;1.80525208182733;0.0928376706527137;19.4452539484796;3.19688038685852e-84;1.67735417775352e-83;;hypothetical protein;Up in serum
AENJPLPP_00160;20911.3271116751;-1.04240375396929;0.0537353419080133;-19.3988484478934;7.89194233487631e-84;4.13333382718702e-83;mltF_1;Membrane-bound lytic murein transglycosylase F;Down in serum
AENJPLPP_02823;5090.81322595587;1.16688112411594;0.0605056337190326;19.2854954554239;7.11055119258693e-83;3.71740126980487e-82;;IS66 family transposase ISCth11;Up in serum
AENJPLPP_02960;205.780217131821;5.15283956926986;0.268185063451062;19.2137455492936;2.84016068319774e-82;1.48217704470821e-81;manX_6;PTS system mannose-specific EIIAB component;Up in serum
AENJPLPP_02535;2204.32771502453;1.2381538175692;0.0644867677667279;19.2001221405305;3.69222789754429e-82;1.9233931373254e-81;;hypothetical protein;Up in serum
AENJPLPP_00628;725.084541290547;1.84619906677697;0.0962675435384986;19.1777934588998;5.67375727496454e-82;2.95035378298156e-81;ycfH;putative metal-dependent hydrolase YcfH;Up in serum
AENJPLPP_01414;712.945986812308;-1.69557988589791;0.0885784724628711;-19.1421215421009;1.12590894645002e-81;5.8442902888814e-81;mnmE_1;tRNA modification GTPase MnmE;Down in serum
AENJPLPP_00135;1742.52171808104;-1.51971286984059;0.0794111179599028;-19.1372808856305;1.23551875924213e-81;6.40183385571725e-81;;hypothetical protein;Down in serum
AENJPLPP_02079;2023.80916269513;-1.49269130609379;0.0780208368246473;-19.1319571392015;1.36839088895447e-81;7.07771628532047e-81;;hypothetical protein;Down in serum
AENJPLPP_00644;902.331183711831;-1.65655391765397;0.0865988082617354;-19.1290613682259;1.44655322793265e-81;7.46872872294305e-81;;hypothetical protein;Down in serum
AENJPLPP_01776;853.683334483102;1.66411830951961;0.0870002688290887;19.1277375566363;1.48375327292298e-81;7.64723810752514e-81;;hypothetical protein;Up in serum
AENJPLPP_01375;49251.4230211433;-1.04072110760452;0.0544942601629556;-19.0978114849605;2.63294354415569e-81;1.35461689056208e-80;rpoB;DNA-directed RNA polymerase subunit beta;Down in serum
AENJPLPP_01587;968.479672355244;-1.64363858790094;0.0860952006069958;-19.090943238564;3.0029798543551e-81;1.5422711350762e-80;def_2;Peptide deformylase;Down in serum
AENJPLPP_00535;3057.99107653188;1.55296250013297;0.0815579716386544;19.041210428987;7.77107834231682e-81;3.98404579803285e-80;;hypothetical protein;Up in serum
AENJPLPP_01254;1148.03721265603;-1.54725855540987;0.0813075029278219;-19.0297143522339;9.67787851286376e-81;4.9528967011352e-80;mrnC;Mini-ribonuclease 3;Down in serum
AENJPLPP_02550;1259.00917900074;1.35741717503694;0.0713534955470056;19.0238356878075;1.08265562177598e-80;5.53104065019591e-80;;hypothetical protein;Up in serum
AENJPLPP_00899;5213.75044308659;-1.05092449740023;0.0552734989403898;-19.0131711859532;1.32683642650537e-80;6.76663340452478e-80;rmlD;dTDP-4-dehydrorhamnose reductase;Down in serum
AENJPLPP_00450;2647.90777669571;1.21541862330974;0.0642314905531847;18.922472650753;7.44771028466177e-80;3.79156159946417e-79;;hypothetical protein;Up in serum
AENJPLPP_02537;3255.7762887707;1.15348115551322;0.0612575265515791;18.8300315152618;4.28505694791557e-79;2.17767641052882e-78;pstB3_1;Phosphate import ATP-binding protein PstB 3;Up in serum
AENJPLPP_01456;37611.7495915269;-0.961618324606275;0.0510829227968055;-18.824653562431;4.74300290129706e-79;2.40620634992631e-78;guaA_1;GMP synthase [glutamine-hydrolyzing];Not significant
AENJPLPP_02367;1386.45092138071;1.39649404103159;0.074274064743065;18.8019067740867;7.28497861870579e-79;3.68936656307326e-78;;hypothetical protein;Up in serum
AENJPLPP_00929;196.948443800582;3.67813820163971;0.195751237669594;18.7898592388365;9.14215336991075e-79;4.62186642589932e-78;;hypothetical protein;Up in serum
AENJPLPP_00157;4352.85116682196;-1.63712183337323;0.0874032355134832;-18.7306776889361;2.78350124093378e-78;1.40477566960124e-77;dnaJ;Chaperone protein DnaJ;Down in serum
AENJPLPP_02362;365.471006930274;2.25595730624689;0.12055536606051;18.7130393276278;3.8762543172885e-78;1.9528810678104e-77;;hypothetical protein;Up in serum
AENJPLPP_02616;5129.1369770459;-1.10832288036971;0.059251456944634;-18.7054114366395;4.47267492756859e-78;2.24946966996196e-77;dacA;D-alanyl-D-alanine carboxypeptidase DacA;Down in serum
AENJPLPP_00126;4685.62751790803;-1.37981667188333;0.0739857431506805;-18.6497643076069;1.26835173474271e-77;6.36800043374273e-77;pyrH;Uridylate kinase;Down in serum
AENJPLPP_01419;1092.11095513679;-1.80066473436566;0.0966600830263909;-18.6288349646258;1.87562698249168e-77;9.40073282791009e-77;rnpA;Ribonuclease P protein component;Down in serum
AENJPLPP_01788;470.112538197555;-2.04935618708063;0.110036355096659;-18.6243554258083;2.03932867987278e-77;1.02036514017002e-76;gltC_2;HTH-type transcriptional regulator GltC;Down in serum
AENJPLPP_02299;3480.54327431564;1.16762682712247;0.0628050340238902;18.5912936004193;3.77951605195716e-77;1.88781316351617e-76;;hypothetical protein;Up in serum
AENJPLPP_01824;7477.39684012198;-1.18109910937587;0.0636355380987372;-18.5603696403616;6.72404210789493e-77;3.35281003736131e-76;efp;Elongation factor P;Down in serum
AENJPLPP_00181;13726.2064869903;-1.16293037491257;0.0626754911395456;-18.5547867877625;7.46027904372893e-77;3.71356112398951e-76;glmS;Glutamine--fructose-6-phosphate aminotransferase [isomerizing];Down in serum
AENJPLPP_00146;248.682443028522;2.74418263664886;0.147913354788511;18.5526360386629;7.76489126440185e-77;3.85859443036488e-76;;hypothetical protein;Up in serum
AENJPLPP_02491;78188.2310068151;-0.948669928974461;0.0511396940785414;-18.5505593271144;8.07077951306076e-77;4.00376660000561e-76;eno;Enolase;Not significant
AENJPLPP_02013;4080.98244064984;-1.26551629931605;0.0682817248232894;-18.533748269997;1.10327124550409e-76;5.46381950154404e-76;murB;UDP-N-acetylenolpyruvoylglucosamine reductase;Down in serum
AENJPLPP_01390;4130.65924226854;-1.26691583906914;0.0684535130115348;-18.5076818315469;1.79041607511691e-76;8.85176843928767e-76;;hypothetical protein;Down in serum
AENJPLPP_01575;9527.26562227727;1.49846859055229;0.0809680490587109;18.506912392884;1.81616948138159e-76;8.96387377929357e-76;;hypothetical protein;Up in serum
AENJPLPP_00879;5134.1316599956;-1.18838121823483;0.0645554318287544;-18.4086944284911;1.11887400520235e-75;5.51296294949109e-75;;hypothetical protein;Down in serum
AENJPLPP_02536;1499.91393950696;1.47724091931925;0.0803260439416837;18.3905598586645;1.56357052882077e-75;7.69107665528054e-75;;hypothetical protein;Up in serum
AENJPLPP_02191;174.985458628104;4.64181627219362;0.253018878084263;18.3457309878979;3.57091385309788e-75;1.75354150762581e-74;;hypothetical protein;Up in serum
AENJPLPP_02768;471.567999907781;2.2734201805233;0.1239853705767;18.3361970041208;4.25545109213436e-75;2.08617400341671e-74;srtA_1;Sortase A;Up in serum
AENJPLPP_02958;203.61175806141;3.37985076195581;0.184888716388288;18.280459878675;1.1842335106045e-74;5.79577812248788e-74;manZ_8;PTS system mannose-specific EIID component;Up in serum
AENJPLPP_01731;1506.40109663452;1.37155769914341;0.0750539149771116;18.2742992095972;1.32582075128101e-74;6.47783561699713e-74;hchA;Protein/nucleic acid deglycase 1;Up in serum
AENJPLPP_01067;12800.5929575719;-1.08622238432485;0.0595397210544738;-18.2436592763183;2.32368378447097e-74;1.13342833842202e-73;aspS;Aspartate--tRNA ligase;Down in serum
AENJPLPP_00631;614.689963150013;1.71494259340913;0.0941040264892571;18.2239023917314;3.33500299684953e-74;1.62400145933542e-73;ribX;Riboflavin transport system permease protein RibX;Up in serum
AENJPLPP_01905;373.54254334771;2.14241994829875;0.117750759082462;18.1945319503068;5.70241450685002e-74;2.77219216092609e-73;sbnD_2;Staphyloferrin B transporter;Up in serum
AENJPLPP_01609;3485.24704087244;-1.19297599178171;0.065600028106014;-18.1856018392825;6.71146333255917e-74;3.25729687073539e-73;murF;UDP-N-acetylmuramoyl-tripeptide--D-alanyl-D-alanine ligase;Down in serum
AENJPLPP_00612;209.596065466776;3.11860314212737;0.171711476660012;18.1618794665787;1.03422638097283e-73;5.01109354641077e-73;dcuR;Transcriptional regulatory protein DcuR;Up in serum
AENJPLPP_02016;1367.0826779648;1.37444471326133;0.0757650554039225;18.1408791418923;1.51586856391075e-73;7.33257351845199e-73;;hypothetical protein;Up in serum
AENJPLPP_00492;6762.75750199269;1.2439807730401;0.0686219379920363;18.1280332418543;1.91486308015862e-73;9.24723265244095e-73;;hypothetical protein;Up in serum
AENJPLPP_00212;1993.92281785412;-1.16686820353667;0.0643693357038985;-18.127703055758;1.92639387488402e-73;9.28751484050042e-73;;hypothetical protein;Down in serum
AENJPLPP_02089;1804.10509952153;-1.28317943497571;0.0708176493554056;-18.1194864084791;2.23673145843221e-73;1.0765887614801e-72;trmR;tRNA 5-hydroxyuridine methyltransferase;Down in serum
AENJPLPP_01306;2074.59825755421;1.21695994489508;0.0672151396075854;18.105443981816;2.88674401572595e-73;1.38716148082408e-72;;hypothetical protein;Up in serum
AENJPLPP_02488;109835.597613723;-1.3231377653479;0.0731000679670261;-18.1003629975383;3.16574616151018e-73;1.51872369395678e-72;gap_2;Glyceraldehyde-3-phosphate dehydrogenase;Down in serum
AENJPLPP_01441;407.329406586483;-2.02662160848932;0.112086074146602;-18.0809402409671;4.50337122074253e-73;2.15687779519774e-72;;Potassium channel;Down in serum
AENJPLPP_02077;4069.01620950135;1.07663022044918;0.0595759015983543;18.0715724238225;5.33706808607973e-73;2.5519773836887e-72;bceB_2;Bacitracin export permease protein BceB;Up in serum
AENJPLPP_01291;1838.481517509;-1.33083995631686;0.0737283596815946;-18.0505840909016;7.80608404464543e-73;3.72644536688647e-72;yadG;putative ABC transporter ATP-binding protein YadG;Down in serum
AENJPLPP_00587;15528.6254223025;9.12887745254445;0.505959285577629;18.0427115634857;9.00166678582304e-73;4.29015608515822e-72;purQ;Phosphoribosylformylglycinamidine synthase subunit PurQ;Up in serum
AENJPLPP_02186;185.500688594314;5.31661886648271;0.295048782792413;18.0194570408491;1.37082232951835e-72;6.5226055940481e-72;;hypothetical protein;Up in serum
AENJPLPP_02182;298.56163487543;2.37120637164929;0.131917990686294;17.9748520979834;3.0668047579159e-72;1.45685733361355e-71;;hypothetical protein;Up in serum
AENJPLPP_02723;1085.52996853023;1.60107912852891;0.0891799885066337;17.9533453114296;4.51848229817714e-72;2.14296750037326e-71;;IS66 family transposase ISRob1;Up in serum
AENJPLPP_02289;2438.24236338888;-1.24024046509586;0.069233859127883;-17.9137849705155;9.2057339315033e-72;4.35887759488417e-71;rlmN;putative dual-specificity RNA methyltransferase RlmN;Down in serum
AENJPLPP_01968;664.903152491515;-1.73202822195906;0.0967239266311407;-17.9069262620426;1.04129377401389e-71;4.92247965897476e-71;;hypothetical protein;Down in serum
AENJPLPP_00381;215.797389275266;-3.13826129568137;0.175336921668774;-17.8984623763944;1.21222822873402e-71;5.72124570838487e-71;;hypothetical protein;Down in serum
AENJPLPP_01730;937.053893014281;1.45445269532214;0.0814038566583531;17.8671227018935;2.12685164869468e-71;1.0021669904529e-70;;putative oxidoreductase;Up in serum
AENJPLPP_01146;225.985048392185;6.08141057407062;0.340564928556982;17.8568315881449;2.55751226805667e-71;1.20314632061083e-70;;hypothetical protein;Up in serum
AENJPLPP_00213;2437.67549739433;-1.35780518892453;0.0761169459631506;-17.8384086715967;3.55681714369992e-71;1.67055669717003e-70;aroA;3-phosphoshikimate 1-carboxyvinyltransferase;Down in serum
AENJPLPP_02122;2869.5627130805;-1.16464986621575;0.0652896515091673;-17.8382000714496;3.57011846489539e-71;1.67410385986721e-70;murD;UDP-N-acetylmuramoylalanine--D-glutamate ligase;Down in serum
AENJPLPP_00164;6019.23664606526;-1.09050930758872;0.0611652239960108;-17.8289105531575;4.21555642182754e-71;1.97358525729289e-70;;Aspartate racemase;Down in serum
AENJPLPP_01953;2200.47280201731;1.22004449979864;0.0684965712797542;17.8117601655669;5.72798429971432e-71;2.67734996481029e-70;strA;Sortase A;Up in serum
AENJPLPP_01444;766.586677818611;-1.55533260389522;0.0873377962635416;-17.808241911692;6.09958118848709e-71;2.84647122129397e-70;;hypothetical protein;Down in serum
AENJPLPP_01524;6153.96283279342;-1.34075195666873;0.0753351706691576;-17.797158282906;7.43469341466866e-71;3.46397235576242e-70;acpP;Acyl carrier protein;Down in serum
AENJPLPP_02583;803.519762696693;-1.50062419442888;0.0843622290750008;-17.7878679935635;8.77558853843461e-71;4.08219070669674e-70;;hypothetical protein;Down in serum
AENJPLPP_01803;1288.94125971556;-1.2648704853756;0.0713388900576054;-17.7304480677261;2.44081342649447e-70;1.1335962835649e-69;degA_2;HTH-type transcriptional regulator DegA;Down in serum
AENJPLPP_02481;13047.0216816523;-1.17167775653607;0.0662115898468513;-17.6959616774975;4.50474175468941e-70;2.0888229282891e-69;rpoE;putative DNA-directed RNA polymerase subunit delta;Down in serum
AENJPLPP_00861;13786.2346116859;0.984416575379561;0.055655743577876;17.6876008134205;5.22533418992595e-70;2.41910543101182e-69;sodA;Superoxide dismutase [Mn];Not significant
AENJPLPP_00136;2920.42805259004;-1.54650615340068;0.0875617272856037;-17.6618963711894;8.24233310863216e-70;3.80978952576775e-69;rplGA;putative ribosomal protein YlxQ;Down in serum
AENJPLPP_00506;864.550883223843;-1.56735076032151;0.0890115872447454;-17.6083901976935;2.12400244255406e-69;9.80205247657278e-69;murI;Glutamate racemase;Down in serum
AENJPLPP_00041;766.356873824949;2.21886497229762;0.126016652467834;17.6077123843929;2.14958645005079e-69;9.90326233128151e-69;;hypothetical protein;Up in serum
AENJPLPP_02653;293.849749620227;2.39643313873984;0.136101974224134;17.6076295175069;2.15273525264464e-69;9.90326233128151e-69;;hypothetical protein;Up in serum
AENJPLPP_01909;1095.06960349621;-1.56112586081471;0.0887800569998088;-17.5841952975776;3.25570570099815e-69;1.49536514216193e-68;yfdH;Prophage bactoprenol glucosyl transferase ;Down in serum
AENJPLPP_02183;173.407695698158;3.50119275958842;0.199167841550974;17.5791068092303;3.56142469950671e-69;1.6332076732226e-68;;hypothetical protein;Up in serum
AENJPLPP_01873;461.952361539829;1.85525635623706;0.105763111588558;17.5416204040443;6.89334641227144e-69;3.15619886046139e-68;araN_1;putative arabinose-binding protein;Up in serum
AENJPLPP_01763;192.553769227242;-3.20970419691091;0.183292425938066;-17.5113847748158;1.17305385841346e-68;5.3625319241758e-68;nhaC_1;Na(+)/H(+) antiporter NhaC;Down in serum
AENJPLPP_00106;952.036207500068;1.45903994554571;0.0834185350867147;17.49059659258;1.68979034268601e-68;7.71264808448537e-68;;hypothetical protein;Up in serum
AENJPLPP_02595;771.575695540233;-1.53800426572645;0.0880559294748721;-17.4662203317646;2.59101158441196e-68;1.18075520090886e-67;;hypothetical protein;Down in serum
AENJPLPP_00898;9609.77433151582;-0.946078518664931;0.054252953990354;-17.4382858274065;4.22558915178381e-68;1.92264306406164e-67;;hypothetical protein;Not significant
AENJPLPP_02161;199.388083475373;3.14238290473943;0.180650105694671;17.3948578256056;9.02503985933621e-68;4.09998690645664e-67;;hypothetical protein;Up in serum
AENJPLPP_00594;9494.64042325574;1.14092047231217;0.065755063512163;17.3510663874749;1.93616469985766e-67;8.78210530527339e-67;;Nucleobase transporter PlUacP;Up in serum
AENJPLPP_02896;501.752919559215;1.79680589387895;0.103678948725151;17.3304794847236;2.77009410365243e-67;1.25451229079874e-66;;hypothetical protein;Up in serum
AENJPLPP_02593;910.377367975609;-1.54952669599264;0.0894265184825181;-17.3273736055772;2.92379052732413e-67;1.32206180365961e-66;pglA;N%2CN'-diacetylbacillosaminyl-diphospho-undecaprenol alpha-1%2C3-N-acetylgalactosaminyltransferase;Down in serum
AENJPLPP_01918;1353.42446735161;-1.51065013313813;0.0872681207189055;-17.3104464802674;3.92360638889877e-67;1.77140183015089e-66;metP_1;Methionine import system permease protein MetP;Down in serum
AENJPLPP_00530;1851.58275606351;1.14448069210437;0.0661954434381225;17.2894180121959;5.65200208589609e-67;2.54777555327081e-66;;hypothetical protein;Up in serum
AENJPLPP_02025;332.706880813887;-2.22094123656406;0.128694664537465;-17.2574460996207;9.83663046418385e-67;4.42724388125245e-66;;hypothetical protein;Down in serum
AENJPLPP_02239;2419.23705564996;1.14408710241958;0.0663176311423082;17.2516280016777;1.08790266025766e-66;4.88884652263935e-66;;hypothetical protein;Up in serum
AENJPLPP_02587;760.086698528187;-1.55161673359489;0.0899617370888696;-17.2475185985138;1.16809449685274e-66;5.24112661761971e-66;ywqE;Tyrosine-protein phosphatase YwqE;Down in serum
AENJPLPP_02259;2304.83223538096;-1.15195934465269;0.0667963902681165;-17.2458322976556;1.20268192237532e-66;5.38801501224144e-66;murT;Lipid II isoglutaminyl synthase (glutamine-hydrolyzing) subunit MurT;Down in serum
AENJPLPP_02157;198.148678387731;3.31152670665331;0.192295367771567;17.2210425296732;1.84632255923796e-66;8.25881918970958e-66;;hypothetical protein;Up in serum
AENJPLPP_02588;1433.46992156063;-1.23871072159195;0.071997144983523;-17.204997807558;2.43586010259495e-66;1.08791788631234e-65;pglF;UDP-N-acetyl-alpha-D-glucosamine C6 dehydratase;Down in serum
AENJPLPP_01139;962.807328304392;-1.44325121807453;0.0838994227537785;-17.2021590936337;2.55818971879291e-66;1.14080374596094e-65;murJ_2;Lipid II flippase MurJ;Down in serum
AENJPLPP_02080;824.064748840389;-1.72515216462141;0.100549364168462;-17.1572657757542;5.54640463254612e-66;2.46959178745784e-65;dltC;D-alanyl carrier protein;Down in serum
AENJPLPP_00312;229.332658026732;6.50082559336558;0.378909764608277;17.1566589213826;5.60465115205221e-66;2.4917166648513e-65;;hypothetical protein;Up in serum
AENJPLPP_01415;1769.76461982378;-1.54510023068807;0.090093506434971;-17.1499622095773;6.28933528476592e-66;2.79185127274975e-65;mnmE_2;tRNA modification GTPase MnmE;Down in serum
AENJPLPP_00550;675.828275161594;1.55767609749394;0.091011655649455;17.115127577654;1.14464644709621e-65;5.07337968636859e-65;comEC;ComE operon protein 3;Up in serum
AENJPLPP_02828;192.861075855356;3.16083656050301;0.185025581315265;17.083240803969;1.97819714259296e-65;8.7545745884965e-65;;IS6 family transposase IS1216V;Up in serum
AENJPLPP_01429;7640.8621650462;-1.57897809956024;0.09269031999407;-17.0349838004794;4.5186678873107e-65;1.99671637144898e-64;rpsR;30S ribosomal protein S18;Down in serum
AENJPLPP_00933;193.882808865988;6.00479111612317;0.352608515703973;17.0296259128478;4.95197680082878e-65;2.18487218848688e-64;;hypothetical protein;Up in serum
AENJPLPP_03063;623.417805875216;1.75124847474707;0.102971806803525;17.0070675567394;7.27911514646019e-65;3.20677508418942e-64;;hypothetical protein;Up in serum
AENJPLPP_01670;2106.23173373545;1.22468199558225;0.0721058249795447;16.9845084766684;1.06945787092759e-64;4.70432223586273e-64;ytpP;Thioredoxin-like protein YtpP;Up in serum
AENJPLPP_01392;13558.2881249964;0.920107867311586;0.0542132627966186;16.9720068456934;1.3233138443495e-64;5.81220198302525e-64;clpC;Negative regulator of genetic competence ClpC/MecB;Not significant
AENJPLPP_02661;542.088741046844;1.74495006599594;0.102947900677572;16.9498363202281;1.92990319257823e-64;8.46367183251175e-64;pstS1_2;Phosphate-binding protein PstS 1;Up in serum
AENJPLPP_01420;743.169051948416;-2.18441427757604;0.129030124422823;-16.9294905925834;2.72730096582684e-64;1.19427073871996e-63;rpmH;50S ribosomal protein L34;Down in serum
AENJPLPP_01243;2203.80229503405;-1.08610296333417;0.0641610562815654;-16.9277600195342;2.80866761344379e-64;1.22805406761987e-63;cinA;Putative competence-damage inducible protein;Down in serum
AENJPLPP_00137;15710.6798351928;-0.971659375399785;0.057426199209871;-16.9201407853711;3.19665473327347e-64;1.39560098700035e-63;infB;Translation initiation factor IF-2;Not significant
AENJPLPP_01752;249.955703583028;-2.48551999565379;0.14709671973163;-16.8971816651553;4.71930408184515e-64;2.05727746801393e-63;;hypothetical protein;Down in serum
AENJPLPP_00162;5895.31189130245;1.04458415947575;0.0618323990796676;16.8937996102959;4.99781901923444e-64;2.1754333309433e-63;uvrA;UvrABC system protein A;Up in serum
AENJPLPP_01629;11212.2771000179;1.06580027560432;0.0631738158753927;16.8709181301721;7.36427775548144e-64;3.20071295880029e-63;;hypothetical protein;Up in serum
AENJPLPP_01268;197.375875921211;-3.24961161873816;0.192774254849102;-16.8570830232588;9.30703861385393e-64;4.03906057280815e-63;;hypothetical protein;Down in serum
AENJPLPP_01593;4236.36235531231;0.99546943464627;0.0590711566794039;16.8520389747736;1.01358979532568e-63;4.39222244641127e-63;dinF;DNA damage-inducible protein F;Not significant
AENJPLPP_00102;779.834961173944;-1.88409661814791;0.11200648247922;-16.8213176277315;1.7032798834472e-63;7.36991236344466e-63;yqgQ;putative protein YqgQ;Down in serum
AENJPLPP_00959;157.895705294966;3.4965552778995;0.207927206859218;16.8162470448946;1.85546651129631e-63;8.01649626245528e-63;;hypothetical protein;Up in serum
AENJPLPP_00630;829.848475748716;1.39588738478203;0.0830315675310138;16.8115263422028;2.00930385907893e-63;8.66828568538941e-63;thiY;Formylaminopyrimidine-binding protein;Up in serum
AENJPLPP_01224;7686.41710685318;1.11975742851301;0.0666345313040978;16.8044616897328;2.26358162924569e-63;9.75081317213528e-63;rpoZ;DNA-directed RNA polymerase subunit omega;Up in serum
AENJPLPP_01045;3457.48394259778;-1.30113172940799;0.0777571443332308;-16.7332756438682;7.49977688517559e-63;3.225901076755e-62;mgtE;Magnesium transporter MgtE;Down in serum
AENJPLPP_01626;9291.10760966747;-0.908871915142165;0.0544812647566807;-16.6822837025037;1.76346532054869e-62;7.57405754194364e-62;queA;S-adenosylmethionine:tRNA ribosyltransferase-isomerase;Not significant
AENJPLPP_00909;3579.07272793726;-1.13038694687708;0.0678310697600466;-16.6647371311678;2.36526169580435e-62;1.01438027366455e-61;;Flavodoxin;Down in serum
AENJPLPP_01527;5099.2495234205;1.09597884078924;0.0658449265609439;16.6448487078931;3.29798586390768e-62;1.41231394642635e-61;oppF_1;Oligopeptide transport ATP-binding protein OppF;Up in serum
AENJPLPP_00609;939.506280196436;1.61726082462225;0.0973260452007096;16.6169376479551;5.25491662598478e-62;2.24703630174268e-61;yuaF;putative membrane protein YuaF;Up in serum
AENJPLPP_01158;817.241106193979;-1.47881643657106;0.0891295562747364;-16.5917625799987;7.99395115532508e-62;3.41325304461974e-61;;hypothetical protein;Down in serum
AENJPLPP_01821;6580.00343851691;-0.889773414331643;0.0536297065579868;-16.5910550595607;8.08868563796857e-62;3.44864605823784e-61;luxS;S-ribosylhomocysteine lyase;Not significant
AENJPLPP_00323;2785.26221141943;3.36683724355256;0.202963267733853;16.5884067651468;8.4533197759988e-62;3.59884023212113e-61;;hypothetical protein;Up in serum
AENJPLPP_01561;1089.99131168506;-1.46436993217869;0.0883792266068335;-16.569164365888;1.16432570252092e-61;4.94965904487727e-61;;hypothetical protein;Down in serum
AENJPLPP_01528;2577.72293894728;1.09064168389426;0.0660369276541675;16.5156333378485;2.83172623465461e-61;1.20203889144522e-60;gsiC;Glutathione transport system permease protein GsiC;Up in serum
AENJPLPP_01138;1941.48490415987;-1.15375770109278;0.0699360618424627;-16.4973215633978;3.83531191793346e-61;1.62568097598577e-60;rluB_2;Ribosomal large subunit pseudouridine synthase B;Down in serum
AENJPLPP_00963;149.447492667061;3.75040683808434;0.227353722632879;16.4959112815599;3.92591920704461e-61;1.6616681294933e-60;;hypothetical protein;Up in serum
AENJPLPP_02270;4528.91126406196;-1.02378696563822;0.0621224224463377;-16.4801520179382;5.09565720505741e-61;2.15363625270351e-60;prfA;Peptide chain release factor 1;Down in serum
AENJPLPP_00935;182.765135718338;6.08035436915407;0.370718824949274;16.4015257924549;1.86494636878574e-60;7.87061424044067e-60;;hypothetical protein;Up in serum
AENJPLPP_02630;6186.31445369337;-1.1732773384661;0.0715720729713484;-16.3929489500155;2.14767972834385e-60;9.05071399267337e-60;ycaM;Inner membrane transporter YcaM;Down in serum
AENJPLPP_00973;690.133649308257;5.27289301344623;0.322124366053492;16.3691218955185;3.17765592313e-60;1.3371870011784e-59;;hypothetical protein;Up in serum
AENJPLPP_01723;937.892692058032;-1.5068333439682;0.0922344479869626;-16.3369909708919;5.38454610276431e-60;2.26259715025248e-59;;hypothetical protein;Down in serum
AENJPLPP_02105;14886.5963481486;0.989115733082108;0.0605765265773031;16.328366596257;6.20227596504693e-60;2.60245354614073e-59;;putative protein;Not significant
AENJPLPP_00882;697.994532060508;-1.57107748540392;0.0962315635324302;-16.3260101751799;6.44647396096097e-60;2.70102621213214e-59;;hypothetical protein;Down in serum
AENJPLPP_02058;196.820716396006;-3.26980407181893;0.200350884290884;-16.3203875210832;7.06854690438975e-60;2.95741502666422e-59;yfcJ;putative MFS-type transporter YfcJ;Down in serum
AENJPLPP_02873;4431.79132844172;-1.18977441968548;0.072934312905704;-16.3129585003937;7.98307579358875e-60;3.33525347359117e-59;;hypothetical protein;Down in serum
AENJPLPP_01101;1096.77042606566;1.27374574007306;0.0782661999731322;16.2745315412058;1.49660424365282e-59;6.24371283311892e-59;;hypothetical protein;Up in serum
AENJPLPP_00240;9258.70885007381;0.965080226285111;0.059357039144752;16.2589010535314;1.93171685816544e-59;8.04743847064058e-59;ybhL;Inner membrane protein YbhL;Not significant
AENJPLPP_00183;3809.97914541218;1.0754389656299;0.0662391297294624;16.2357049378859;2.81989757523462e-59;1.1730773912976e-58;sppA;Putative signal peptide peptidase SppA;Up in serum
AENJPLPP_00211;2241.78154955462;-1.2298262762279;0.0758473034873974;-16.2145022918612;3.98291008058871e-59;1.6545269835484e-58;aroC;Chorismate synthase;Down in serum
AENJPLPP_00112;466.471382814727;-1.81298700734425;0.111860406420221;-16.2075846616673;4.45745630382356e-59;1.8490189112157e-58;;hypothetical protein;Down in serum
AENJPLPP_02594;417.835628853584;-1.8514435224572;0.114365896923443;-16.1887728095777;6.05236241805685e-59;2.507038315986e-58;;hypothetical protein;Down in serum
AENJPLPP_02386;2993.90057466999;-0.996615379433606;0.0616151314313751;-16.1748479031259;7.58849247205794e-59;3.13887643162397e-58;clpP_2;ATP-dependent Clp protease proteolytic subunit;Not significant
AENJPLPP_00407;316.290861249811;-2.24634172723652;0.139131714983729;-16.1454326031936;1.22288129162523e-58;5.05110683859952e-58;ybbH_1;putative HTH-type transcriptional regulator YbbH;Down in serum
AENJPLPP_01802;2247.88829864821;1.44700355093589;0.0897590905217288;16.1209693917922;1.81735943733752e-58;7.49596413814004e-58;rbsK;Ribokinase;Up in serum
AENJPLPP_00234;1598.80391680809;1.34661497238162;0.0836109294885944;16.1057290071787;2.32541124404488e-58;9.57793146062048e-58;pphA;Serine/threonine-protein phosphatase 1;Up in serum
AENJPLPP_01751;412.901090115544;1.86876023206538;0.116034619110622;16.1051955561968;2.34555312664303e-58;9.64724675817021e-58;dhaL;PTS-dependent dihydroxyacetone kinase%2C ADP-binding subunit DhaL;Up in serum
AENJPLPP_01901;504.282949490709;1.68243977231399;0.104730753815041;16.0644291292437;4.53015801454262e-58;1.86062343277124e-57;;hypothetical protein;Up in serum
AENJPLPP_03001;422.705838362449;1.72034926602603;0.10711818877034;16.0602908411234;4.84275209348664e-58;1.98621043608917e-57;;hypothetical protein;Up in serum
AENJPLPP_02368;1484.32433706975;1.36123390838324;0.0847980774993782;16.0526505850704;5.47740219121962e-58;2.24334672022947e-57;yhaX;Stress response protein YhaX;Up in serum
AENJPLPP_02375;13810.1955861309;-0.904320292657204;0.0563746072456558;-16.041269941209;6.57950477328932e-58;2.69094352525541e-57;valS;Valine--tRNA ligase;Not significant
AENJPLPP_00481;595.015642840709;-1.64270250910123;0.10249975144129;-16.0264048058901;8.35804607365898e-58;3.41355261802173e-57;;Autolysin;Down in serum
AENJPLPP_00871;1998.11912408869;-1.20235198376401;0.0751468448801731;-16.0000328115071;1.27707765769887e-57;5.2084735843405e-57;vraR;Response regulator protein VraR;Down in serum
AENJPLPP_00439;6212.48861054444;1.59990485061314;0.100167234786321;15.9723372021409;1.99180386788601e-57;8.11207393466302e-57;carB;Carbamoyl-phosphate synthase large chain;Up in serum
AENJPLPP_00174;142.438637753392;3.31848982760577;0.207781158441747;15.9710815576001;2.03231085181533e-57;8.26548771017633e-57;;hypothetical protein;Up in serum
AENJPLPP_02666;1337.43621066464;1.18093310836097;0.0739500779334038;15.9693287872457;2.09023083392982e-57;8.48919412608595e-57;phoP;Alkaline phosphatase synthesis transcriptional regulatory protein PhoP;Up in serum
AENJPLPP_00356;420.039309382102;1.82379882502694;0.1142239867651;15.9668636744185;2.17448282604869e-57;8.81907240871001e-57;;hypothetical protein;Up in serum
AENJPLPP_00629;420.360921398411;1.72319421263635;0.108053422358286;15.9476134584848;2.95993767258036e-57;1.19879534110626e-56;ssuB;Aliphatic sulfonates import ATP-binding protein SsuB;Up in serum
AENJPLPP_00856;2528.1963977246;-1.01550911724017;0.0637907769564885;-15.9193721363959;4.65019832128633e-57;1.88074687660914e-56;rlmCD;23S rRNA (uracil-C(5))-methyltransferase RlmCD;Down in serum
AENJPLPP_00521;298.501239473903;-2.44742868902877;0.154424249354307;-15.8487329500527;1.43443914445239e-56;5.7934629523514e-56;;hypothetical protein;Down in serum
AENJPLPP_00880;4466.6422043428;-1.14889593712416;0.0725968280474392;-15.8257043458345;2.06871095095714e-56;8.3436098188188e-56;pglH_1;GalNAc-alpha-(1->4)-GalNAc-alpha-(1->3)-diNAcBac-PP-undecaprenol alpha-1%2C4-N-acetyl-D-galactosaminyltransferase;Down in serum
AENJPLPP_01461;5688.35413634256;-1.10937673608589;0.0702992992043167;-15.7807652230162;4.22040262056922e-56;1.69983574427352e-55;deoC;Deoxyribose-phosphate aldolase;Down in serum
AENJPLPP_00887;944.361873397224;-1.27559568050694;0.0809038332185588;-15.766813879646;5.26390727263258e-56;2.11719585330195e-55;;hypothetical protein;Down in serum
AENJPLPP_01250;4585.66196915092;0.999729486079494;0.0634412066720785;15.7583617733975;6.01726373385856e-56;2.41686510248222e-55;veg;Protein Veg;Not significant
AENJPLPP_02566;531.905339953181;1.56739962809322;0.0995243718688535;15.7489024915287;6.98836330105934e-56;2.80304599623758e-55;bglH_2;Aryl-phospho-beta-D-glucosidase BglH;Up in serum
AENJPLPP_01565;5803.1193382126;-0.905258231279913;0.0574859773505413;-15.7474617811536;7.14938050652881e-56;2.86368583700301e-55;mutS_2;DNA mismatch repair protein MutS;Not significant
AENJPLPP_01333;629.786394033487;-1.47468195442941;0.0936710732685199;-15.7431948089466;7.64826974085419e-56;3.05930789634168e-55;;hypothetical protein;Down in serum
AENJPLPP_00544;958.783439090217;-1.66153661874757;0.105562080425969;-15.7399002752016;8.05705525780458e-56;3.21840122232194e-55;uppP;Undecaprenyl-diphosphatase;Down in serum
AENJPLPP_00804;6018.12208073267;0.935998639339924;0.0595550644857528;15.716524655327;1.16543476073585e-55;4.64896715515453e-55;dnaE;DNA polymerase III subunit alpha;Not significant
AENJPLPP_02349;793.341589997401;1.3559078042375;0.0862825639162006;15.7147370534142;1.19877516311025e-55;4.77542171679486e-55;ypjQ;putative protein YpjQ;Up in serum
AENJPLPP_00649;8964.20334364777;-1.06752371078256;0.0680177107444676;-15.6947903582508;1.64184150497988e-55;6.53147877390902e-55;parE;DNA topoisomerase 4 subunit B;Down in serum
AENJPLPP_00378;574.366793313022;-1.58926298924059;0.10129816672877;-15.68896102035;1.7997724788435e-55;7.14998289003037e-55;;hypothetical protein;Down in serum
AENJPLPP_00051;611.666223563498;1.53866763699648;0.0981571814751609;15.6755482774925;2.22298473652951e-55;8.81925279669475e-55;;hypothetical protein;Up in serum
AENJPLPP_00547;548.156154940381;-1.58603214926388;0.1011810946574;-15.67518274668;2.23581034013336e-55;8.85806763329027e-55;;hypothetical protein;Down in serum
AENJPLPP_01648;2033.09137680352;-1.23242252450092;0.0786439923500174;-15.67090489272;2.39150168395176e-55;9.46202840172219e-55;;Phosphomevalonate kinase;Down in serum
AENJPLPP_00903;2776.43833971418;-0.972683733838179;0.0621578324325832;-15.6486108953873;3.3955045214888e-55;1.34161589777142e-54;;hypothetical protein;Not significant
AENJPLPP_02073;1582.82022543095;1.10867605673201;0.0708912503381439;15.6391099246204;3.94199398116436e-55;1.55543177142962e-54;dinB;DNA polymerase IV;Up in serum
AENJPLPP_00469;595.220620663125;-1.56493953377608;0.100125653963949;-15.6297559298792;4.56548422428585e-55;1.79901083371047e-54;recU;Holliday junction resolvase RecU;Down in serum
AENJPLPP_00438;763.434344194257;1.73721345933109;0.111283388973001;15.6107167059099;6.15417583545652e-55;2.42175135579046e-54;pyrK_2;Dihydroorotate dehydrogenase B (NAD(+))%2C electron transfer subunit;Up in serum
AENJPLPP_02115;642.826356071615;1.50159035883916;0.096757327402308;15.5191384379158;2.57484905192192e-54;1.01187050461493e-53;;hypothetical protein;Up in serum
AENJPLPP_00654;6749.14778025609;-1.09520429698736;0.0706307170443309;-15.5060622745761;3.15652671281613e-54;1.23878784201086e-53;clpY;ATP-dependent protease ATPase subunit ClpY;Down in serum
AENJPLPP_01787;1319.93489293085;1.11590207293973;0.07197881980143;15.503200469502;3.30034360942306e-54;1.29348594759622e-53;sasA_3;Adaptive-response sensory-kinase SasA;Up in serum
AENJPLPP_00366;1241.84928811469;1.42533649507755;0.0922207545650954;15.4557019382383;6.90552062503946e-54;2.70280592205846e-53;yckB;putative ABC transporter extracellular-binding protein YckB;Up in serum
AENJPLPP_02532;4710.91652847777;1.05031523997636;0.0679694059359328;15.4527647478098;7.22756151893295e-54;2.82505491854131e-53;ftsX;Cell division protein FtsX;Up in serum
AENJPLPP_00191;131.509457168427;3.88961803389408;0.251908929762556;15.4405722637953;8.73220409335339e-54;3.40860299193634e-53;;hypothetical protein;Up in serum
AENJPLPP_01204;1619.06868241917;-1.15432523765749;0.0751131550204472;-15.3678172264666;2.69082963949217e-53;1.04895527579668e-52;murJ_3;Lipid II flippase MurJ;Down in serum
AENJPLPP_00723;3507.68436338626;-1.01097047923576;0.0658072851251811;-15.3625921098652;2.91675526627909e-53;1.13550686302202e-52;clsA_1;Major cardiolipin synthase ClsA;Down in serum
AENJPLPP_00729;1898.5503646502;1.34493562398621;0.087663625009475;15.3420032977287;4.00637685650155e-53;1.55761941336883e-52;;Putative universal stress protein;Up in serum
AENJPLPP_00246;5266.51439585321;0.974075020732761;0.0635088092388574;15.3376363437906;4.28516005422341e-53;1.66378481038647e-52;dnaB;Replication initiation and membrane attachment protein;Not significant
AENJPLPP_01093;1936.47329078405;-1.06149506448716;0.0692827431979876;-15.3212043214535;5.51854519141789e-53;2.13981406090664e-52;thiK;Thiamine kinase;Down in serum
AENJPLPP_00333;338.606415781823;-2.15977356682303;0.141024710738093;-15.3148590450514;6.08436396654578e-53;2.3560728551305e-52;nanE_1;Putative N-acetylmannosamine-6-phosphate 2-epimerase;Down in serum
AENJPLPP_01256;1477.60768498934;-1.15852564471188;0.0756655885137462;-15.311129768077;6.4434885653475e-53;2.49182452885683e-52;cysE;Serine acetyltransferase;Down in serum
AENJPLPP_00601;2872.73464258038;1.03707390478467;0.067993652770584;15.2525105289437;1.58422826421965e-52;6.11839881353798e-52;;hypothetical protein;Up in serum
AENJPLPP_01764;161.681257308801;-3.22589998059955;0.211503906261404;-15.2522004799881;1.59176986994811e-52;6.13938259773365e-52;nhaC_2;Na(+)/H(+) antiporter NhaC;Down in serum
AENJPLPP_01046;3391.53540542255;-0.951143696559912;0.0624039019628641;-15.2417343570267;1.86843992113675e-52;7.19695377030452e-52;;hypothetical protein;Not significant
AENJPLPP_00029;351.190519739539;1.72748292118946;0.113585041047998;15.2087185535239;3.09543076322599e-52;1.18916812434223e-51;;hypothetical protein;Up in serum
AENJPLPP_01389;5674.23638147951;-0.854264500264094;0.0561692506098631;-15.2087573002814;3.09359938167239e-52;1.18916812434223e-51;gor;Glutathione reductase;Not significant
AENJPLPP_02246;3772.76198751053;0.87976820299441;0.0578833908871573;15.1989748615368;3.59198192248926e-52;1.37810953337137e-51;catE;Catechol-2%2C3-dioxygenase;Not significant
AENJPLPP_01297;540.395262706114;1.54332065708186;0.10162764820745;15.1860314029064;4.3762508598239e-52;1.67679506629042e-51;bcrA_1;Bacitracin transport ATP-binding protein BcrA;Up in serum
AENJPLPP_00457;9078.04652864732;-0.813259081557844;0.0536218553561222;-15.1665599065287;5.88831388547548e-52;2.25318922923845e-51;cshB;DEAD-box ATP-dependent RNA helicase CshB;Not significant
AENJPLPP_00214;511.328501176724;-1.49561299474185;0.0987712585131418;-15.1421882970424;8.53265604562532e-52;3.26077354394501e-51;aroK;Shikimate kinase;Down in serum
AENJPLPP_00161;3356.85526718868;0.907826095845324;0.0599992862672903;15.1306149176685;1.01740267996312e-51;3.88293132903357e-51;uvrB;UvrABC system protein B;Not significant
AENJPLPP_01922;2908.95667192428;1.0071385693434;0.0666130065674011;15.1192480454151;1.20915437598626e-51;4.60871406135076e-51;sufS;Cysteine desulfurase SufS;Up in serum
AENJPLPP_00367;710.673382556236;1.76601210993367;0.117057196847359;15.0867452621176;1.97969795870128e-51;7.53579144540931e-51;yecS_1;L-cystine transport system permease protein YecS;Up in serum
AENJPLPP_00210;1461.26488220977;-1.19113884842669;0.0789545329571308;-15.0863896449546;1.99039417762559e-51;7.56661598596047e-51;aroB;3-dehydroquinate synthase;Down in serum
AENJPLPP_02549;6859.06095611011;0.856387922142856;0.056841985005769;15.0661156899419;2.70559309515027e-51;1.02720822595536e-50;gtaB_2;UTP--glucose-1-phosphate uridylyltransferase;Not significant
AENJPLPP_01625;1107.78401845086;1.10866475797097;0.0737113669280838;15.0406213339204;3.97798756132268e-51;1.50832028366818e-50;opuCA_2;Carnitine transport ATP-binding protein OpuCA;Up in serum
AENJPLPP_02392;214.624512763504;2.42873669482283;0.161511318047788;15.0375634610586;4.16603712770532e-51;1.57756828554979e-50;;hypothetical protein;Up in serum
AENJPLPP_01910;1309.20869295887;1.18904574154992;0.0790841669813593;15.0351933507776;4.31785776065395e-51;1.63293529857458e-50;ogt;Methylated-DNA--protein-cysteine methyltransferase%2C constitutive;Up in serum
AENJPLPP_00470;8235.01624294517;-0.931145499060295;0.0619315563552448;-15.0350734562387;4.32568247733414e-51;1.63377268145227e-50;ponA_1;Penicillin-binding protein 1A;Not significant
AENJPLPP_01726;1014.78810852114;-1.22105888485689;0.0812796637721385;-15.0229322832835;5.19574748202933e-51;1.95984671861003e-50;;hypothetical protein;Down in serum
AENJPLPP_02133;1112.95089692847;-1.41808062320745;0.094426114459482;-15.0178860088111;5.60674677170136e-51;2.1094716500257e-50;dtxR;Diphtheria toxin repressor;Down in serum
AENJPLPP_02584;2258.50820132254;-1.0585841901702;0.0704882379814018;-15.0178841248593;5.60690610274687e-51;2.1094716500257e-50;tagU_3;Polyisoprenyl-teichoic acid--peptidoglycan teichoic acid transferase TagU;Down in serum
AENJPLPP_01746;1399.8707431533;1.10738366710459;0.07374182208389;15.0170369514983;5.67901263698469e-51;2.13384319985799e-50;pgaC;Poly-beta-1%2C6-N-acetyl-D-glucosamine synthase;Up in serum
AENJPLPP_02104;8342.81498019539;0.85337754961492;0.0568565559967305;15.0093078037297;6.38101240076397e-51;2.39452424111143e-50;ypdF;Aminopeptidase YpdF;Not significant
AENJPLPP_01563;911.0225166485;-1.24370255581077;0.0829291970218905;-14.997161439806;7.66269738367537e-51;2.87178568613419e-50;ymdB;2'%2C3'-cyclic-nucleotide 2'-phosphodiesterase;Down in serum
AENJPLPP_00147;263.743234575421;2.0493941822903;0.136746061299587;14.9868607754663;8.9483828569532e-51;3.34931759375935e-50;fra;Intracellular iron chaperone frataxin;Up in serum
AENJPLPP_00957;129.891927453915;3.25012823896714;0.216869003938622;14.9865964242958;8.98406160110696e-51;3.35835524806463e-50;;hypothetical protein;Up in serum
AENJPLPP_01888;6297.50952212801;0.87024358351094;0.0581316929404653;14.970208839474;1.14959690449521e-50;4.29182844344879e-50;;TelA-like protein;Not significant
AENJPLPP_00888;662.051641379054;-1.42386998301961;0.0951309221305793;-14.9674779885469;1.1977800503404e-50;4.4659865641373e-50;;hypothetical protein;Down in serum
AENJPLPP_02495;1819.39986715505;0.99743558064004;0.0666470138124295;14.9659455628006;1.22569343648887e-50;4.56421903715547e-50;dapE;putative succinyl-diaminopimelate desuccinylase;Not significant
AENJPLPP_00901;2918.88174223769;-0.930015208697338;0.0621566189934471;-14.96244846901;1.29184265019092e-50;4.8044007629067e-50;rfbC;dTDP-4-dehydrorhamnose 3%2C5-epimerase;Not significant
AENJPLPP_00661;1521.97791302903;-1.05116748715563;0.0702746701382049;-14.9579853607049;1.38145100824325e-50;5.13110374490348e-50;rbgA;Ribosome biogenesis GTPase A;Down in serum
AENJPLPP_00159;14318.6814582861;-0.853105600037084;0.0570386076719261;-14.9566343720023;1.40977637379089e-50;5.22964178404976e-50;artM_1;Arginine transport ATP-binding protein ArtM;Not significant
AENJPLPP_01267;1292.20679270179;1.09010807909067;0.0729233997046094;14.9486733134545;1.58882985117002e-50;5.88635181502175e-50;;hypothetical protein;Up in serum
AENJPLPP_00948;120.027991354972;5.08179924434388;0.339969178025616;14.9478234287491;1.60923425456763e-50;5.95437121893384e-50;;hypothetical protein;Up in serum
AENJPLPP_03125;993.572197343867;1.12659031295398;0.0755256722503837;14.9166538924552;2.56833668469082e-50;9.49111221550719e-50;;hypothetical protein;Up in serum
AENJPLPP_00568;7347.86792042083;-1.08449676744393;0.072846769926085;-14.8873693170519;3.98128805105896e-50;1.4693930043959e-49;pdhD;Dihydrolipoyl dehydrogenase;Down in serum
AENJPLPP_00845;16370.5691219613;-1.09938904941254;0.0740671706863803;-14.8431354839736;7.70679035226647e-50;2.84078145643038e-49;ptsH;Phosphocarrier protein HPr;Down in serum
AENJPLPP_01050;4775.26041974385;-1.00243479257402;0.0676817031189824;-14.8110160704995;1.2434635648331e-49;4.57770657496077e-49;;hypothetical protein;Down in serum
AENJPLPP_01643;649.879345493993;1.61398540793724;0.109486157422415;14.7414563259375;3.49172988420801e-49;1.28382795742598e-48;kdgK;2-dehydro-3-deoxygluconokinase;Up in serum
AENJPLPP_01864;811.085929732941;-1.28419361297071;0.0872062608073336;-14.7259336781783;4.39359279788207e-49;1.61338489627145e-48;acuR;Transcriptional regulator AcuR;Down in serum
AENJPLPP_02019;2475.02029002283;0.93361440530121;0.0635749190694887;14.6852629773819;8.01227662780869e-49;2.93850749876308e-48;;2-haloacrylate reductase;Not significant
AENJPLPP_01057;390.808284257671;-1.71165274378029;0.11659587195505;-14.6802173617276;8.6313328214463e-49;3.16156492780523e-48;yfnB_1;Putative HAD-hydrolase YfnB;Down in serum
AENJPLPP_02706;277.095503998787;-1.88384397840287;0.128849008928972;-14.6205546636477;2.07701287213813e-48;7.59831844681689e-48;;IS3 family transposase ISEfa8;Down in serum
AENJPLPP_01407;5068.29818817819;-0.810266757421772;0.0554418478721248;-14.6147141287684;2.26302280677104e-48;8.26840955246834e-48;;hypothetical protein;Not significant
AENJPLPP_00860;13367.9698549717;1.00262580870595;0.0687590121330636;14.5817366713421;3.67058880719282e-48;1.33944293315106e-47;cspD;Cold shock protein CspD;Up in serum
AENJPLPP_01325;1793.32133322105;-1.02410944427875;0.0702438452098545;-14.5793477167887;3.80131355289092e-48;1.38540989562182e-47;;hypothetical protein;Down in serum
AENJPLPP_00204;941.56326628956;-1.23914070813837;0.0850927614011783;-14.562234057681;4.88353788145407e-48;1.77760778884928e-47;aes_1;Acetyl esterase;Down in serum
AENJPLPP_00493;8565.31298811601;-1.25957944880212;0.0865801658497148;-14.548129313918;6.00220651737616e-48;2.18207557785261e-47;obg;GTPase Obg;Down in serum
AENJPLPP_00850;7481.4088366959;-0.837267065023638;0.0575532664136066;-14.5476897697972;6.04089111820663e-48;2.19340086486505e-47;;hypothetical protein;Not significant
AENJPLPP_02156;113.187515749475;3.91459326657024;0.26965369571618;14.5171133522697;9.44027265988802e-48;3.42342141788218e-47;;hypothetical protein;Up in serum
AENJPLPP_03047;913.017463281618;1.44808049252516;0.0998016228931586;14.5095886273852;1.05350468654194e-47;3.81567866568425e-47;vanX;D-alanyl-D-alanine dipeptidase;Up in serum
AENJPLPP_00653;3850.98372856659;-1.12018706516302;0.0772132412106103;-14.5077068077942;1.08280355247471e-47;3.91692415503894e-47;codY;GTP-sensing transcriptional pleiotropic repressor CodY;Down in serum
AENJPLPP_02132;4521.11151062995;-0.799572918959028;0.0552184902788399;-14.4801662436148;1.61705601109213e-47;5.84226687878448e-47;zwf;Glucose-6-phosphate 1-dehydrogenase;Not significant
AENJPLPP_02403;217.971275912464;2.28832321836433;0.158222953553206;14.4626501210826;2.08608536878949e-47;7.52748524648697e-47;;hypothetical protein;Up in serum
AENJPLPP_00379;704.997302061577;-1.31966698057953;0.0913836241522751;-14.4409569309763;2.8584571794472e-47;1.03017664685028e-46;;hypothetical protein;Down in serum
AENJPLPP_01159;3403.56754849603;-1.16755779660127;0.0810771459052021;-14.4005784067241;5.13122834004228e-47;1.84698849520434e-46;;hypothetical protein;Down in serum
AENJPLPP_00520;3282.3858181939;-0.979524506591228;0.0681487937984409;-14.3733212577218;7.60928341637581e-47;2.73558435907239e-46;dtpT_2;Di-/tripeptide transporter;Not significant
AENJPLPP_01428;23795.7439834605;-1.04862115064857;0.0729899329910701;-14.3666545190124;8.37816992918678e-47;3.00828986853168e-46;ssb_1;Single-stranded DNA-binding protein;Down in serum
AENJPLPP_02350;783.341307469665;1.19984147915561;0.0836054010358601;14.3512436312694;1.04643762483605e-46;3.75274182699823e-46;yumC;Ferredoxin--NADP reductase 2;Up in serum
AENJPLPP_00173;127.874050562429;3.19994076575542;0.22306948091009;14.345040624563;1.1443325018157e-46;4.09876536935709e-46;;hypothetical protein;Up in serum
AENJPLPP_01252;1860.47140864879;-1.18175876843664;0.0824650124312343;-14.3304261237101;1.41251236133706e-46;5.05311547446377e-46;;hypothetical protein;Down in serum
AENJPLPP_00257;729.825393362691;-1.25906229220916;0.0879238178551191;-14.319922893747;1.64305409108204e-46;5.87064234752259e-46;;hypothetical protein;Down in serum
AENJPLPP_02924;179.72485108049;2.27854480063929;0.15913104632479;14.3186691300247;1.67296332191979e-46;5.97018283508632e-46;;hypothetical protein;Up in serum
AENJPLPP_01866;200.683157090443;2.36548917356081;0.165236580458482;14.3157717679541;1.7441705458329e-46;6.21667641305436e-46;;hypothetical protein;Up in serum
AENJPLPP_00815;968.305232314493;-1.15379349365194;0.0806396013860097;-14.3080257568351;1.94969959401138e-46;6.94073987501363e-46;ziaA;Zinc-transporting ATPase;Down in serum
AENJPLPP_00349;205.602152863375;-2.20655647883222;0.154403492539849;-14.2908456443286;2.49560503860618e-46;8.87326235948865e-46;;hypothetical protein;Down in serum
AENJPLPP_00646;1214.4925033879;-1.15194582680971;0.0808214862329106;-14.2529651519899;4.296439948783e-46;1.52576013790928e-45;pflA;Pyruvate formate-lyase-activating enzyme;Down in serum
AENJPLPP_02694;584.960925872043;1.37138663039006;0.0962821607395031;14.2434135239282;4.92608272730621e-46;1.74722934249886e-45;;hypothetical protein;Up in serum
AENJPLPP_01663;836.366958463844;1.40495008155472;0.0988750443345689;14.2093497000184;8.01664790750403e-46;2.83996091321797e-45;nnrD;ADP-dependent (S)-NAD(P)H-hydrate dehydratase;Up in serum
AENJPLPP_01662;587.460885932294;1.60363454428384;0.112949239624667;14.1978339085128;9.44881078263327e-46;3.34324872406173e-45;;1%2C4-dihydroxy-2-naphthoyl-CoA hydrolase;Up in serum
AENJPLPP_02538;2664.67828430513;0.915458549790911;0.0645025135209915;14.1926027346669;1.01808804117857e-45;3.59790336882525e-45;pstB3_2;Phosphate import ATP-binding protein PstB 3;Not significant
AENJPLPP_01713;372.618140065271;1.59168193035089;0.112204760975848;14.1855115282808;1.12641368037941e-45;3.97589895426041e-45;;IS630 family transposase IS642;Up in serum
AENJPLPP_01231;1185.49701605171;1.40626293026769;0.0991410770881595;14.1844629044851;1.14337769773379e-45;4.03089086658692e-45;thiT;Thiamine transporter ThiT;Up in serum
AENJPLPP_02100;6822.50492366436;0.772400837372539;0.0544549155503272;14.1842261541786;1.14724274605327e-45;4.03962621101225e-45;sorA_1;PTS system sorbose-specific EIIC component;Not significant
AENJPLPP_01205;7538.85129650169;-0.825555617250879;0.0582298863946316;-14.1775240922845;1.26221811160958e-45;4.43910524276218e-45;mfd;Transcription-repair-coupling factor;Not significant
AENJPLPP_02262;2672.89540422227;0.884699084502607;0.062493853632593;14.1565775364699;1.70077777503546e-45;5.97426403004011e-45;;hypothetical protein;Not significant
AENJPLPP_01789;112.159658073053;-3.52357968139118;0.249237634551323;-14.1374302790761;2.2329023398674e-45;7.83398989601672e-45;ydfK;putative membrane protein YdfK;Down in serum
AENJPLPP_02138;2938.87377222003;0.911114822422372;0.0646325629157716;14.0968388273528;3.97166101841692e-45;1.39175413786162e-44;dgaR_3;Transcriptional regulatory protein DagR;Not significant
AENJPLPP_01463;46804.3262695343;0.934442582398639;0.066356698064676;14.0821139335153;4.89241119564382e-45;1.71234391847534e-44;tmpC;Membrane lipoprotein TmpC;Not significant
AENJPLPP_00170;314.840352351047;1.75992830557674;0.124981685861209;14.0814895674485;4.93583259227904e-45;1.72546752805721e-44;;hypothetical protein;Up in serum
AENJPLPP_01925;1278.45718605332;1.0942033901272;0.0777056236781814;14.0813925470678;4.94261418895725e-45;1.72576648899802e-44;xerC_7;Tyrosine recombinase XerC;Up in serum
AENJPLPP_00932;139.853496970979;6.19713220351476;0.440324940946007;14.0739976940681;5.48774257144811e-45;1.91380914587508e-44;;hypothetical protein;Up in serum
AENJPLPP_00989;285.274964383522;1.80247676180029;0.128096754137043;14.0712133882169;5.7081519692228e-45;1.98829408305943e-44;gmuC_2;PTS system oligo-beta-mannoside-specific EIIC component;Up in serum
AENJPLPP_00862;648.705950850907;-1.26342826405743;0.0898399894632531;-14.0630945262322;6.40242012806018e-45;2.22746086175762e-44;;hypothetical protein;Down in serum
AENJPLPP_01856;202.345687476195;-2.46818102463795;0.175648978878455;-14.0517812309394;7.51205342598774e-45;2.61039374420958e-44;ribZ_2;Riboflavin transporter RibZ;Down in serum
AENJPLPP_02276;4282.477888426;0.831631428337835;0.0591899348829005;14.0502169833961;7.6798369849474e-45;2.66551672230832e-44;upp;Uracil phosphoribosyltransferase;Not significant
AENJPLPP_00377;409.596322354602;-1.58167462802129;0.112583271577839;-14.0489311231974;7.82054877160704e-45;2.71112357415711e-44;;hypothetical protein;Down in serum
AENJPLPP_01433;3034.83004437476;-0.865828729563991;0.0616507067479823;-14.044100631374;8.37245205668377e-45;2.89899885720132e-44;dnaC;Replicative DNA helicase;Not significant
AENJPLPP_00934;123.214582346332;5.78773065099701;0.412125906266238;14.0435982378115;8.43203175880117e-45;2.91616110233123e-44;;hypothetical protein;Up in serum
AENJPLPP_02876;1080.37913146204;-1.11407270196809;0.0793358445261168;-14.0424887214927;8.56510996632717e-45;2.95867143795311e-44;qseB;Transcriptional regulatory protein QseB;Down in serum
AENJPLPP_01721;285.956262026363;-1.79554476021067;0.128054266767492;-14.0217487908532;1.14751695104408e-44;3.95920540455017e-44;;hypothetical protein;Down in serum
AENJPLPP_01287;277.724352620248;-2.14460570067384;0.152985438987279;-14.0183648513907;1.20355830959548e-44;4.14764709768287e-44;;hypothetical protein;Down in serum
AENJPLPP_02776;375.678830701184;1.69420847471991;0.121013134053422;14.000203266961;1.5542556234601e-44;5.34987278429764e-44;;hypothetical protein;Up in serum
AENJPLPP_00502;672.77468673848;-1.33580025593867;0.0955002288845414;-13.9874037113946;1.86081905860219e-44;6.39752668081415e-44;ykuT;putative MscS family protein YkuT;Down in serum
AENJPLPP_01167;5884.29198295482;-0.902813785098296;0.0645790777770149;-13.9799733315428;2.06565408014975e-44;7.09337816202368e-44;metK;S-adenosylmethionine synthase;Not significant
AENJPLPP_00395;121.069853249353;-3.28575288300632;0.235067406558913;-13.9779177858196;2.12617982871198e-44;7.29262150908042e-44;;putative ABC transporter permease;Down in serum
AENJPLPP_01722;227.357214586535;-1.96676225975842;0.140731716718207;-13.9752594910538;2.20707707854449e-44;7.56118641496653e-44;paiA;Spermidine/spermine N(1)-acetyltransferase;Down in serum
AENJPLPP_00817;788.158369138738;1.26070961778271;0.0904138351880557;13.9437688398076;3.43321287158215e-44;1.17479622585749e-43;;hypothetical protein;Up in serum
AENJPLPP_00669;7462.31387738422;-0.751860774640751;0.0539361941038279;-13.9398188384113;3.62860074066635e-44;1.24019781183338e-43;;DegV domain-containing protein;Not significant
AENJPLPP_00937;143.355101635493;6.36316753539819;0.457382497914892;13.9121360445721;5.34587335597206e-44;1.82499217029199e-43;;hypothetical protein;Up in serum
AENJPLPP_01834;4100.69350341724;0.849720055033493;0.0611018600417448;13.9066151906499;5.7748337837346e-44;1.96912365084721e-43;npr_2;NADH peroxidase;Not significant
AENJPLPP_00606;541.810078432721;1.35606223164376;0.0975635588550687;13.8992698458058;6.39908096561866e-44;2.17942968092182e-43;;hypothetical protein;Up in serum
AENJPLPP_02548;5557.7555627021;0.812098337927893;0.0584503733451566;13.8938092513516;6.90624949786792e-44;2.3494157170317e-43;gpsA_2;Glycerol-3-phosphate dehydrogenase [NAD(P)+];Not significant
AENJPLPP_00990;742.225305689854;1.29731229099406;0.0935234524980543;13.8715183875515;9.42600831464661e-44;3.20286303526848e-43;;hypothetical protein;Up in serum
AENJPLPP_03072;592.553196550353;1.73635833485464;0.125194545048534;13.8692810791517;9.72465816262448e-44;3.30049004307255e-43;;hypothetical protein;Up in serum
AENJPLPP_01445;727.392781937728;-1.30133214932899;0.0939381963613146;-13.8530672264951;1.21893867483573e-43;4.13218791748736e-43;;hypothetical protein;Down in serum
AENJPLPP_01271;227.339142656537;-1.96482990478575;0.141964816955338;-13.8402594877003;1.45679752720517e-43;4.93278418514122e-43;yodC_2;Putative NAD(P)H nitroreductase YodC;Down in serum
AENJPLPP_02107;2330.89900809974;0.865309565179745;0.062539747114971;13.8361538876866;1.54241344032329e-43;5.21661781442672e-43;folD;Bifunctional protein FolD protein;Not significant
AENJPLPP_00441;1434.70348828307;1.64781629785566;0.11918275856286;13.8259620579814;1.77720430814341e-43;6.00373427530581e-43;pyrC;Dihydroorotase;Up in serum
AENJPLPP_00444;1017.30907458955;1.69373645096789;0.122929316044677;13.7781328772083;3.45082056762452e-43;1.16440202698987e-42;pyrR;Bifunctional protein pyrR;Up in serum
AENJPLPP_00992;2751.43143548599;-0.928657392727152;0.0674061781943526;-13.7770367287335;3.5036072138739e-43;1.18084539430565e-42;;hypothetical protein;Not significant
AENJPLPP_01614;313.316578486796;1.77141860522762;0.128769369401014;13.7565215506419;4.65385479626615e-43;1.56670811176035e-42;rpsN2_2;Alternate 30S ribosomal protein S14;Up in serum
AENJPLPP_00771;1110.66739509827;-1.04962000065823;0.0763273383039354;-13.7515603711823;4.98428080259627e-43;1.67600758627718e-42;;hypothetical protein;Down in serum
AENJPLPP_02097;9736.86360662289;0.729473150289129;0.0530794943903913;13.7430312527842;5.60778301764828e-43;1.88349067443965e-42;dgaR_2;Transcriptional regulatory protein DagR;Not significant
AENJPLPP_02693;1386.45101327946;1.0013300665838;0.0730382126147646;13.7096737548228;8.88564698072647e-43;2.98099124514694e-42;;hypothetical protein;Up in serum
AENJPLPP_02390;2240.29297176708;0.899441512528249;0.0656735247893758;13.6956485191389;1.07793605564088e-42;3.61214015423043e-42;hflX;GTPase HflX;Not significant
AENJPLPP_01753;364.704519011643;1.52423730905135;0.111303469493812;13.6944276398868;1.09620735407824e-42;3.66914461502968e-42;anr;Transcriptional activator protein Anr;Up in serum
AENJPLPP_00988;2379.33815267181;1.06920379242238;0.0781020346439802;13.689832759111;1.16777726156018e-42;3.90421054611166e-42;MroQ;Membrane-embedded CAAX protease MroQ;Up in serum
AENJPLPP_00229;1013.84927501485;-1.07763765936592;0.0787271512207613;-13.6882592937229;1.19333887278455e-42;3.9850949513172e-42;;hypothetical protein;Down in serum
AENJPLPP_02158;94.5691868526437;3.93821988042679;0.287866599185289;13.6807114530571;1.32390975126034e-42;4.41606551623152e-42;;hypothetical protein;Up in serum
AENJPLPP_01924;7795.66069858834;0.876417637455797;0.0641637571185091;13.6590760394076;1.78230826012869e-42;5.93830852802603e-42;;hypothetical protein;Not significant
AENJPLPP_01286;316.886233409655;-1.93158243968601;0.141652430616336;-13.6360698597377;2.44380418094368e-42;8.13298031418057e-42;ygaZ_2;Inner membrane protein YgaZ;Down in serum
AENJPLPP_00184;1454.7488509369;1.04204128024168;0.0764308568472703;13.6337772887194;2.52182116232941e-42;8.38304021084846e-42;;hypothetical protein;Up in serum
AENJPLPP_00048;193.603531441625;2.2299197660814;0.163934949050076;13.6024671920338;3.87149619677117e-42;1.2854956584946e-41;;hypothetical protein;Up in serum
AENJPLPP_03017;124.323747803874;2.78055921411125;0.204692413996519;13.5840853103551;4.97710832112793e-42;1.65072203087979e-41;;hypothetical protein;Up in serum
AENJPLPP_02759;517.601598163512;-1.4170679075207;0.1046157627064;-13.5454531024894;8.42921698885209e-42;2.79247780108502e-41;;hypothetical protein;Down in serum
AENJPLPP_02982;1724.39105719531;-0.999733066762173;0.0738306078942857;-13.5409025507909;8.96802299752366e-42;2.96760033736237e-41;;hypothetical protein;Not significant
AENJPLPP_02763;286.117232414835;1.84056080446561;0.136009139849526;13.5326258698637;1.00373150432015e-41;3.31766871802528e-41;;hypothetical protein;Up in serum
AENJPLPP_02461;971.671328384524;1.05710340948273;0.0781426949388775;13.5278596458643;1.07096621359563e-41;3.53588845123638e-41;puuD;Gamma-glutamyl-gamma-aminobutyrate hydrolase PuuD;Up in serum
AENJPLPP_01405;3750.70991584816;-0.878625237123734;0.0649924167472855;-13.5188885272593;1.20989956492173e-41;3.99006515634438e-41;serS;Serine--tRNA ligase;Not significant
AENJPLPP_00883;529.305831275545;-1.38640153989044;0.10257969821784;-13.5153599004186;1.26933419313027e-41;4.18133616560561e-41;glyG;Glycosyltransferase GlyG;Down in serum
AENJPLPP_02748;269.076143255778;-2.30721704923486;0.170739924018578;-13.5130495254515;1.30981318742239e-41;4.30980339183501e-41;alsS_2;Acetolactate synthase;Down in serum
AENJPLPP_02108;3540.16651014541;0.835009231579322;0.0618135368751365;13.5085172891181;1.39298713620715e-41;4.57830535060409e-41;xseA;Exodeoxyribonuclease 7 large subunit;Not significant
AENJPLPP_02518;361.509007385658;-1.66789226901024;0.123610147416935;-13.4931662477877;1.71571059563098e-41;5.63263726547624e-41;;hypothetical protein;Down in serum
AENJPLPP_00420;488.2453306527;-1.80304254500959;0.13368397638409;-13.4873497466086;1.85655011324555e-41;6.08814631730972e-41;;hypothetical protein;Down in serum
AENJPLPP_00522;697.3658069779;1.1572138231036;0.0859103659891328;13.4700138892433;2.34821831666269e-41;7.6918017301707e-41;;hypothetical protein;Up in serum
AENJPLPP_01771;3166.17378376276;0.837095814879622;0.0622312401474472;13.4513760756857;3.02195669269787e-41;9.88757066195077e-41;;hypothetical protein;Not significant
AENJPLPP_00025;1669.77954737808;-0.899423326239893;0.0669097014499206;-13.4423455306115;3.41439855075392e-41;1.11590668684572e-40;;hypothetical protein;Not significant
AENJPLPP_01921;5649.80275976807;0.880403944300389;0.0655463782699089;13.4317710228784;3.93877639384303e-41;1.28584269718284e-40;;hypothetical protein;Not significant
AENJPLPP_00713;1886.51714348389;0.942864410523829;0.0702885394123619;13.4141983658577;4.99302842270638e-41;1.6281857521748e-40;;hypothetical protein;Not significant
AENJPLPP_02760;276.586364789297;1.7940861184741;0.133800566525318;13.4086586108334;5.38031673077175e-41;1.75251480089568e-40;;hypothetical protein;Up in serum
AENJPLPP_00844;77277.1316604666;-0.641834412321994;0.0479026339843819;-13.3987290246139;6.15074468305719e-41;2.00122553263269e-40;ptsI;Phosphoenolpyruvate-protein phosphotransferase;Not significant
AENJPLPP_00281;541.756756913318;1.28645604505441;0.0963015148949667;13.358627291144;1.05491595262513e-40;3.42847684603166e-40;;hypothetical protein;Up in serum
AENJPLPP_00283;136.828849199384;-2.64790129075007;0.198668371784106;-13.3282478079981;1.58578521159616e-40;5.14805633909477e-40;sttH;Streptothricin hydrolase;Down in serum
AENJPLPP_02076;882.046561576435;1.11492138326681;0.083765082562767;13.3100971091549;2.02218735929783e-40;6.55747170409274e-40;bceA_2;Bacitracin export ATP-binding protein BceA;Up in serum
AENJPLPP_01320;633.215510646103;-1.25646034161544;0.0945029502357848;-13.2954615541691;2.45950823689929e-40;7.96672745923329e-40;;hypothetical protein;Down in serum
AENJPLPP_02121;3701.80490402948;-0.803215051445165;0.0604900625166759;-13.278462908246;3.08665210208656e-40;9.98703435697341e-40;mraY;Phospho-N-acetylmuramoyl-pentapeptide-transferase;Not significant
AENJPLPP_02597;759.732889130391;-1.2380746125475;0.0933276269204158;-13.265896213168;3.65030549923617e-40;1.17976577289409e-39;pglH_2;GalNAc-alpha-(1->4)-GalNAc-alpha-(1->3)-diNAcBac-PP-undecaprenol alpha-1%2C4-N-acetyl-D-galactosaminyltransferase;Down in serum
AENJPLPP_01545;3657.01685887483;0.951184525980753;0.0717230991372162;13.2618994079021;3.85018837884659e-40;1.24298764514426e-39;;hypothetical protein;Not significant
AENJPLPP_02489;50105.8366798955;-0.701184062089412;0.0528735185575988;-13.261535854202;3.86890117928453e-40;1.24764565161424e-39;pgk;Phosphoglycerate kinase;Not significant
AENJPLPP_01847;2546.61784686734;0.899839692197955;0.067877642831035;13.2567905228808;4.12160885752196e-40;1.32766869392743e-39;yifK;putative transport protein YifK;Not significant
AENJPLPP_00942;111.890421849608;5.8728397787494;0.443414613624182;13.2445787718827;4.84995308323566e-40;1.560559489324e-39;;hypothetical protein;Up in serum
AENJPLPP_00188;3374.76074799962;-0.825007395689594;0.0623147453315721;-13.2393607853132;5.19894192809368e-40;1.6710065005087e-39;engB;putative GTP-binding protein EngB;Not significant
AENJPLPP_01854;726.250052287324;1.19618103594443;0.0903563623514275;13.2384815503314;5.26015728256246e-40;1.68881786183262e-39;pckA;Phosphoenolpyruvate carboxykinase (ATP);Up in serum
AENJPLPP_00365;3113.5314481267;1.12758350764943;0.0854215957920208;13.2002159078695;8.74839497314887e-40;2.80565266099224e-39;nylA;6-aminohexanoate-cyclic-dimer hydrolase;Up in serum
AENJPLPP_00436;875.157209317378;1.31561141682128;0.0996859368419112;13.1975628508931;9.06196894664116e-40;2.9030201950076e-39;pyrDB;Dihydroorotate dehydrogenase B (NAD(+))%2C catalytic subunit;Up in serum
AENJPLPP_00176;1953.8239301728;0.934595374901627;0.0711004932641428;13.1447101418769;1.82503535748601e-39;5.84011314395523e-39;;hypothetical protein;Not significant
AENJPLPP_00639;984.162706329117;1.00032057050548;0.0761615942176204;13.1341863413102;2.09733649674651e-39;6.70410963614254e-39;exuR_1;putative HTH-type transcriptional repressor ExuR;Up in serum
AENJPLPP_00010;11300.1157781342;0.683645230713157;0.0520599691419815;13.1318792919119;2.16223075910732e-39;6.9039648799567e-39;ltaS1_1;Lipoteichoic acid synthase 1;Not significant
AENJPLPP_00185;634.737754787584;-1.17205182197819;0.0894369631218273;-13.1047810778377;3.09152997447407e-39;9.86038914092936e-39;;hypothetical protein;Down in serum
AENJPLPP_01196;2243.59269775901;-0.879415209313022;0.0671248287745804;-13.1011910997388;3.24130626913557e-39;1.03267875883181e-38;dusB;tRNA-dihydrouridine synthase B;Not significant
AENJPLPP_00015;5796.75781119242;0.781449070945284;0.0596666759334566;13.09690976948;3.42938491016359e-39;1.09140643261162e-38;gdh;NADP-specific glutamate dehydrogenase;Not significant
AENJPLPP_02499;1240.95281726652;1.10347639607969;0.0843604651420777;13.0804920790947;4.25675556196186e-39;1.35323932275469e-38;yjdJ;putative protein YjdJ;Up in serum
AENJPLPP_02369;1243.07214854763;0.968178378784311;0.0740879173108039;13.0679659238191;5.01896768457718e-39;1.59380958533138e-38;;hypothetical protein;Not significant
AENJPLPP_02072;944.762787904419;-1.03377192379513;0.0792184326770646;-13.0496386871137;6.38494883253476e-39;2.02537810461233e-38;rsmI;Ribosomal RNA small subunit methyltransferase I;Down in serum
AENJPLPP_02664;517.98900058198;-1.31050413262728;0.100437917679076;-13.0479022555472;6.53213162740737e-39;2.06981145799894e-38;ctpE_2;Calcium-transporting ATPase CtpE;Down in serum
AENJPLPP_02242;313.62665133898;-1.62232758649159;0.124519565000335;-13.0286962252657;8.40312366838407e-39;2.65977131764505e-38;;hypothetical protein;Down in serum
AENJPLPP_01032;888.244537354971;-1.19855699190315;0.0920015733177093;-13.0275706021262;8.52798987831181e-39;2.69636335783322e-38;queT_1;Queuosine precursor transporter QueT;Down in serum
AENJPLPP_01061;570.592700313284;-1.21890354513272;0.093638094454064;-13.017175885939;9.7718580439648e-39;3.08629616312641e-38;sbcD;Nuclease SbcCD subunit D;Down in serum
AENJPLPP_01890;1323.64609296892;-1.25067528612247;0.0962446820611204;-12.9947469235571;1.31040526888784e-38;4.13423634127995e-38;act;Methanol dehydrogenase activator;Down in serum
AENJPLPP_01747;1482.85848437002;0.907758287907017;0.0699673903126218;12.974019523253;1.71780428767627e-38;5.41368623994945e-38;;hypothetical protein;Not significant
AENJPLPP_00940;129.553476606265;6.5078420279683;0.502252223965778;12.9573184894682;2.13584036634148e-38;6.72385637490421e-38;;hypothetical protein;Up in serum
AENJPLPP_02453;914.437399297135;-1.16800977721218;0.0902950988050821;-12.9354726078049;2.83872060582581e-38;8.9269486006099e-38;zapA;Cell division protein ZapA;Down in serum
AENJPLPP_01058;7388.04046869089;-0.861523720134474;0.0666338799742596;-12.9292143946484;3.07949345358968e-38;9.67366228355247e-38;rapA;RNA polymerase-associated protein RapA;Not significant
AENJPLPP_02737;592.329975292442;-1.20409688563681;0.0931366392917785;-12.9282835927182;3.11699807393333e-38;9.78092499061838e-38;;hypothetical protein;Down in serum
AENJPLPP_01253;2926.98358733668;-1.09460043511005;0.0846906376225457;-12.9246923371687;3.26600425038259e-38;1.02374643456557e-37;;Putative TrmH family tRNA/rRNA methyltransferase;Down in serum
AENJPLPP_02897;281.078957773771;1.59124517680487;0.12315247879537;12.9209350259923;3.42948360132146e-38;1.07383400505894e-37;;Putative bifunctional phosphatase/peptidyl-prolyl cis-trans isomerase;Up in serum
AENJPLPP_01846;2924.49585594697;0.907884812488356;0.0702721728928977;12.9195494477177;3.49180116482796e-38;1.09217239441235e-37;;hypothetical protein;Not significant
AENJPLPP_01217;4991.5118565519;0.801748768857581;0.0620875620947621;12.9131945563251;3.79235087875553e-38;1.18490619731074e-37;rsgA;Small ribosomal subunit biogenesis GTPase RsgA;Not significant
AENJPLPP_02142;101.714667066382;5.61493093474224;0.436352053044779;12.8678916383282;6.82395135175858e-38;2.12983347656173e-37;;hypothetical protein;Up in serum
AENJPLPP_00178;4169.56800070211;1.06819154230238;0.0830207515809423;12.8665607328419;6.94252793199702e-38;2.16452262719222e-37;cdaA;Cyclic di-AMP synthase CdaA;Up in serum
AENJPLPP_02215;375.821963523446;1.41191365010681;0.109914821995393;12.8455255121642;9.1130974113314e-38;2.83821814564674e-37;ccpB;Catabolite control protein B;Up in serum
AENJPLPP_02766;140.219625574078;2.31408930255489;0.180249520699365;12.8382549566638;1.00105528637219e-37;3.11439422426904e-37;;hypothetical protein;Up in serum
AENJPLPP_01892;2144.78741681365;-0.917643107478751;0.071524320764127;-12.8298052700837;1.11644427589895e-37;3.46967527365822e-37;mtnN;5'-methylthioadenosine/S-adenosylhomocysteine nucleosidase;Not significant
AENJPLPP_00993;3867.57662499206;-0.749401606160106;0.0584292747712563;-12.8257899673396;1.17581990341114e-37;3.65030656581368e-37;;hypothetical protein;Not significant
AENJPLPP_01206;495.873657170422;-1.25371213769518;0.0977941062208297;-12.8199150863362;1.26839354382307e-37;3.93350585688263e-37;pth;Peptidyl-tRNA hydrolase;Down in serum
AENJPLPP_02585;1495.33714442581;-0.873818313243918;0.0681652220844175;-12.8191222227921;1.28142971577423e-37;3.96970567269633e-37;ywqC;putative capsular polysaccharide biosynthesis protein YwqC;Not significant
AENJPLPP_02660;336.391645243687;-1.66204488598301;0.129687738072689;-12.8157442691416;1.33847853105951e-37;4.14202920557418e-37;;hypothetical protein;Down in serum
AENJPLPP_02847;1523.89186843355;0.961044183350989;0.0750206629188268;12.8103931098403;1.43406204682419e-37;4.43310900249687e-37;;hypothetical protein;Not significant
AENJPLPP_02010;921.071476416652;1.00675301963358;0.0785957383168011;12.8092571072441;1.45521060660456e-37;4.49371504393688e-37;polC_2;DNA polymerase III PolC-type;Up in serum
AENJPLPP_00434;1625.56810860862;1.28840828786193;0.100742991995628;12.7890611777526;1.88740102225001e-37;5.82215230592376e-37;pyrE;Orotate phosphoribosyltransferase;Up in serum
AENJPLPP_00339;69309.9562653507;0.686937918609208;0.0537137324633186;12.7888695703342;1.89205970609499e-37;5.83034694618901e-37;pbp;Beta-lactam-inducible penicillin-binding protein;Not significant
AENJPLPP_02069;2565.76248092326;-0.821411316709123;0.0643166537185646;-12.7713627687074;2.36968859145066e-37;7.29443253520542e-37;;hypothetical protein;Not significant
AENJPLPP_00514;4455.62050562823;0.764306393507372;0.0598571480489784;12.7688407887722;2.44772649115022e-37;7.52669434237533e-37;yodB;HTH-type transcriptional regulator YodB;Not significant
AENJPLPP_01072;36736.5672218164;0.665250724241487;0.0523169401055115;12.7157804508411;4.83260311320996e-37;1.48444517570331e-36;relA;GTP pyrophosphokinase;Not significant
AENJPLPP_00505;3149.21843699767;-0.783663380952778;0.0616302675581228;-12.7155602596356;4.84623568790216e-37;1.48706410149327e-36;rph;Ribonuclease PH;Not significant
AENJPLPP_01750;911.843161390804;1.13588519215164;0.0893922426597268;12.7067534984597;5.42398559362613e-37;1.6625943209094e-36;dhaK;PTS-dependent dihydroxyacetone kinase%2C dihydroxyacetone-binding subunit DhaK;Up in serum
AENJPLPP_00389;2713.82094160983;1.01486792408954;0.0798862644745242;12.7039101247897;5.62475844306568e-37;1.72232351064219e-36;pdxK;Pyridoxine kinase;Up in serum
AENJPLPP_00647;4520.1796470076;-0.967842881181772;0.076343555426268;-12.6774666935247;7.88389389957064e-37;2.41154401633925e-36;pflB;Formate acetyltransferase;Not significant
AENJPLPP_02775;457.232424900232;1.30160418752829;0.102694184406846;12.6745657024909;8.18105433188427e-37;2.49981429322634e-36;;hypothetical protein;Up in serum
AENJPLPP_01777;502.084736967159;-1.40179507237614;0.110733769309269;-12.6591470797048;9.95752986416493e-37;3.03944727090653e-36;;hypothetical protein;Down in serum
AENJPLPP_02393;554.304810123673;1.1793940397009;0.0932206694988768;12.6516366599911;1.09568256201826e-36;3.34097133046825e-36;cdr_2;Coenzyme A disulfide reductase;Up in serum
AENJPLPP_01471;4939.06100697137;-0.775341740463468;0.0613074495316775;-12.6467785951991;1.16556691058564e-36;3.55034607073786e-36;hin;DNA-invertase hin;Not significant
AENJPLPP_01529;2505.28267427778;0.902449649846209;0.0714485703835116;12.6307586702178;1.42893847058783e-36;4.34803430130799e-36;;hypothetical protein;Not significant
AENJPLPP_00546;459.619663355138;-1.32509300611487;0.104987825806496;-12.6213967756334;1.6094110404095e-36;4.89207197251822e-36;;hypothetical protein;Down in serum
AENJPLPP_01715;1634.97314961299;0.87988003237592;0.0699939904128865;12.5707939665336;3.05638956699754e-36;9.28071576548159e-36;sstT;Serine/threonine transporter SstT;Not significant
AENJPLPP_01225;13416.9992640328;0.888372704667952;0.0709287428541277;12.5248618390852;5.45863222426182e-36;1.65578510802609e-35;gmk_2;Guanylate kinase;Not significant
AENJPLPP_01100;5172.87672225888;0.854358428874707;0.0682829453788248;12.5120324575169;6.41612493450469e-36;1.94419935580413e-35;;hypothetical protein;Not significant
AENJPLPP_02539;3932.10662274796;0.954013867021223;0.0764265631153146;12.4827524375495;9.27249091373076e-36;2.80680806037256e-35;phoU;Phosphate-specific transport system accessory protein PhoU ;Not significant
AENJPLPP_03126;1200.14333413474;-0.99423726858214;0.079663449487544;-12.4804697132478;9.5422064091551e-36;2.88545223919622e-35;;hypothetical protein;Not significant
AENJPLPP_01794;1606.62847258544;0.886543973705056;0.0710700557253917;12.4742265171507;1.03203471831334e-35;3.11751566361872e-35;;hypothetical protein;Not significant
AENJPLPP_00798;16506.2836871923;-0.728546454494013;0.05845159381891;-12.4640990415272;1.17188729912492e-35;3.53630654409509e-35;gnd;6-phosphogluconate dehydrogenase%2C decarboxylating;Not significant
AENJPLPP_00115;453.019452255386;-1.30267847059467;0.104534092191924;-12.4617571481174;1.20681895877787e-35;3.63794700617097e-35;;hypothetical protein;Down in serum
AENJPLPP_01604;989.508299735336;-0.96328837355106;0.077336576972286;-12.4557927343521;1.30052753751705e-35;3.91637661763148e-35;;hypothetical protein;Not significant
AENJPLPP_02169;103.413064441507;2.8466617045124;0.228914138350407;12.4354997250319;1.67688804549313e-35;5.04452271536778e-35;;hypothetical protein;Up in serum
AENJPLPP_01126;859.747746346256;-1.11023408330043;0.0894306420174612;-12.4144706809066;2.18124653105686e-35;6.55499473522968e-35;rluD_2;Ribosomal large subunit pseudouridine synthase D;Down in serum
AENJPLPP_00332;216.847332326355;-1.76516160672555;0.142439214305394;-12.3923851681813;2.87367227474548e-35;8.62694192171013e-35;;hypothetical protein;Down in serum
AENJPLPP_01160;3246.26547408326;-1.00359853925312;0.0809857257279766;-12.3922892612472;2.87711168199195e-35;8.62837200613858e-35;;hypothetical protein;Down in serum
AENJPLPP_00799;1600.50713103431;-0.952592545430321;0.0769910059893005;-12.3727769651783;3.66912947015912e-35;1.09922891122463e-34;rpmF_1;50S ribosomal protein L32;Not significant
AENJPLPP_00627;3468.38624541985;0.843244336372657;0.0681877218450038;12.3665128201441;3.96672049565866e-35;1.18693302632672e-34;;hypothetical protein;Not significant
AENJPLPP_01647;3652.8942734762;-0.786108827746343;0.0635678868171076;-12.3664458126172;3.97003010866149e-35;1.18693302632672e-34;fni;Isopentenyl-diphosphate delta-isomerase;Not significant
AENJPLPP_01743;1879.65269166544;0.80198505844131;0.064858855307558;12.3650819096071;4.0379949948549e-35;1.20601450513e-34;helD_2;DNA helicase IV;Not significant
AENJPLPP_02190;80.2245315772652;4.955302447505;0.400893786592769;12.3606366903826;4.26763113692695e-35;1.27329322446017e-34;;hypothetical protein;Up in serum
AENJPLPP_00478;7159.13372617827;0.767987897872595;0.0621660036563115;12.3538244812786;4.64496214032817e-35;1.38445545062801e-34;nox_1;NADH oxidase;Not significant
AENJPLPP_02164;97.4727235647291;3.18405601228213;0.257770308244626;12.3522993550539;4.73387967775693e-35;1.40951509423601e-34;;hypothetical protein;Up in serum
AENJPLPP_00724;1360.37447352078;-0.922269800219094;0.0747348076548806;-12.3405656501862;5.47697413060169e-35;1.62910609482248e-34;thiD;Hydroxymethylpyrimidine/phosphomethylpyrimidine kinase;Not significant
AENJPLPP_01914;6221.83062054429;-0.910655590152457;0.0738806390783947;-12.3260383439044;6.55930944130829e-35;1.94905194827446e-34;rodA;Peptidoglycan glycosyltransferase RodA;Not significant
AENJPLPP_02064;6263.90463890072;-0.707148883036715;0.0573876609974391;-12.3223158209614;6.86928866919194e-35;2.03907936846962e-34;;hypothetical protein;Not significant
AENJPLPP_02925;133.091752219318;2.38476175282582;0.19440685516354;12.2668603986197;1.36442051551292e-34;4.04602091769209e-34;;hypothetical protein;Up in serum
AENJPLPP_01959;818.310377353577;1.04338515075876;0.0852211537259185;12.2432647898011;1.82539430636287e-34;5.40747530023262e-34;fruA_2;PTS system fructose-specific EIIB'BC component;Up in serum
AENJPLPP_02957;104.310656558072;2.65913994602668;0.217335196111064;12.2352016314366;2.01603594089141e-34;5.96615514215019e-34;;hypothetical protein;Up in serum
AENJPLPP_01092;585.120192063968;-1.31942747423336;0.107985531849638;-12.218557908948;2.47434962069924e-34;7.31503156901137e-34;trmB;tRNA (guanine-N(7)-)-methyltransferase;Down in serum
AENJPLPP_02803;547.470622908166;1.35495153059807;0.110927366412167;12.2147633575248;2.59254729573571e-34;7.65669140485031e-34;ssb_2;Single-stranded DNA-binding protein;Up in serum
AENJPLPP_01810;554.876686911446;-1.63726997804758;0.134057166093786;-12.2132223569619;2.64213473863025e-34;7.79523440617152e-34;agrA;Accessory gene regulator protein A;Down in serum
AENJPLPP_03062;442.821487101549;1.34973528669356;0.11051575043387;12.2130581513918;2.64747389886636e-34;7.80308096507981e-34;ligA_2;DNA ligase;Up in serum
AENJPLPP_00907;2541.41724164134;-0.858479143550695;0.0702959614686517;-12.2123536774375;2.67050183464186e-34;7.86299427955218e-34;;hypothetical protein;Not significant
AENJPLPP_00900;14849.7843057539;-0.723425048597961;0.059260240946785;-12.2075954643449;2.83133606138343e-34;8.32813193004903e-34;rmlB;dTDP-glucose 4%2C6-dehydratase;Not significant
AENJPLPP_02800;604.101649855702;1.12230798547697;0.0920402018634335;12.1936714908798;3.35937992564127e-34;9.87135655243933e-34;;hypothetical protein;Up in serum
AENJPLPP_02167;104.675918370323;2.6509517295367;0.217642398099273;12.1803093178909;3.9577798482528e-34;1.16179989093872e-33;;hypothetical protein;Up in serum
AENJPLPP_00889;1810.17396474815;-0.877647377498913;0.0721215325412478;-12.1690062117991;4.54583286814161e-34;1.33307807774707e-33;wbbD_1;UDP-Gal:alpha-D-GlcNAc-diphosphoundecaprenol beta-1%2C3-galactosyltransferase;Not significant
AENJPLPP_03061;1695.26908875854;0.854583867734657;0.0702726735148603;12.1609699046663;5.0159583985217e-34;1.46946386886269e-33;bin3_3;Putative transposon Tn552 DNA-invertase bin3;Not significant
AENJPLPP_02801;1015.31451150743;0.947750749703103;0.0781074828980638;12.1339302527517;6.98164169627328e-34;2.0432704140249e-33;;hypothetical protein;Not significant
AENJPLPP_02596;479.669551014037;-1.30300868324001;0.107395152159909;-12.1328445189021;7.07484846838658e-34;2.0684697530062e-33;;hypothetical protein;Down in serum
AENJPLPP_02012;863.998776419344;1.0155496136264;0.0837157047426844;12.130933099684;7.24195090783132e-34;2.11520170948895e-33;yceM;Putative oxidoreductase YceM;Up in serum
AENJPLPP_02084;3026.08866281107;0.844882641067428;0.0697349025207623;12.1156352203386;8.72852515466869e-34;2.54684020545042e-33;;hypothetical protein;Not significant
AENJPLPP_00936;111.243557230683;6.45650524335604;0.53344985159875;12.1033031015116;1.01445516311068e-33;2.95705048546377e-33;;hypothetical protein;Up in serum
AENJPLPP_02283;254.243461093147;1.65624933832478;0.136936726707357;12.0949972892538;1.1224596108735e-33;3.26860238686362e-33;proX;Prolyl-tRNA editing protein ProX;Up in serum
AENJPLPP_00972;74.0809989780149;4.42937821959302;0.366475321006197;12.0864297422039;1.24583917911198e-33;3.62425943014395e-33;;hypothetical protein;Up in serum
AENJPLPP_03065;2382.10699149015;0.788170751721165;0.0652549765082084;12.078324043562;1.37493633280516e-33;3.9958229552182e-33;;Tn3 family transposase TnBth1;Not significant
AENJPLPP_01852;5030.54516763267;0.76434800623946;0.0633249014487073;12.0702597043688;1.51654942930892e-33;4.40298298918002e-33;queG;Epoxyqueuosine reductase;Not significant
AENJPLPP_01321;428.948785283596;-1.31073076416867;0.108625635080797;-12.0664957511523;1.58751546573428e-33;4.60442732691059e-33;ribZ_1;Riboflavin transporter RibZ;Down in serum
AENJPLPP_01960;260.803142976315;1.52342891988784;0.126814675998651;12.0130332541641;3.03504822163049e-33;8.79408997153033e-33;;hypothetical protein;Up in serum
AENJPLPP_02197;303.408364476358;1.55956266217377;0.129932840200461;12.0028366944621;3.43324095938302e-33;9.93796985459578e-33;;hypothetical protein;Up in serum
AENJPLPP_00772;392.452762616927;1.2777392265029;0.106575010012698;11.989107262112;4.0524908226878e-33;1.17188215249919e-32;;hypothetical protein;Up in serum
AENJPLPP_01748;1474.12171345763;0.958424656762847;0.0800956383578667;11.9660030984535;5.35465384795742e-33;1.54690000052103e-32;;hypothetical protein;Not significant
AENJPLPP_00035;2516.01461210714;0.835743890796661;0.0698947568677869;11.9571757346199;5.95531063971461e-33;1.71871799631803e-32;;hypothetical protein;Not significant
AENJPLPP_00442;1138.27586761193;1.51060700475627;0.126378196896184;11.9530666037053;6.25729252380019e-33;1.80408275537685e-32;pyrB;Aspartate carbamoyltransferase;Up in serum
AENJPLPP_01211;2860.69810695796;0.719209082401129;0.0602621924199495;11.9346650614563;7.80725108923693e-33;2.24873542748348e-32;pepF1_2;Oligoendopeptidase F%2C plasmid;Not significant
AENJPLPP_01809;214.764640590801;-1.81539609003761;0.152278842537027;-11.9215254055809;9.1419215665591e-33;2.63056083021938e-32;;hypothetical protein;Down in serum
AENJPLPP_00417;5577.8646324654;0.728833230640954;0.0612444791828502;11.9003907024005;1.1779436947265e-32;3.38615206223452e-32;ldh_1;L-lactate dehydrogenase;Not significant
AENJPLPP_02196;152.811575902593;2.06530191638291;0.173564500778366;11.8993337181329;1.19295791364016e-32;3.42593041865892e-32;;hypothetical protein;Up in serum
AENJPLPP_02842;182.974611334271;-1.92526162128932;0.161904821198064;-11.8913174236737;1.31318698409046e-32;3.76748817504573e-32;nanE_2;Putative N-acetylmannosamine-6-phosphate 2-epimerase;Down in serum
AENJPLPP_01041;1316.73989452642;-0.831432961289484;0.0699251467032366;-11.8903284510521;1.32882982949864e-32;3.80861462942917e-32;pspA;Phosphoserine phosphatase 1;Not significant
AENJPLPP_01425;13197.8216316178;-0.717428111973759;0.0603634447746945;-11.8851419870345;1.41394597377287e-32;4.04858473512939e-32;gyrB;DNA gyrase subunit B;Not significant
AENJPLPP_00430;8126.28372158571;0.691244284684517;0.058171937431479;11.8827791406937;1.45449743726805e-32;4.16060563587873e-32;rqcH;Rqc2 RqcH;Not significant
AENJPLPP_00142;584.129841648088;-1.31993421411265;0.111143596367643;-11.8759357916272;1.57857605272777e-32;4.51110251770685e-32;truB;tRNA pseudouridine synthase B;Down in serum
AENJPLPP_02378;207.522719322874;-1.70690494300013;0.143964947122743;-11.8563926644229;1.99381427321715e-32;5.69214427804741e-32;;hypothetical protein;Down in serum
AENJPLPP_02000;335.587448578973;-1.37343650515238;0.115950435903352;-11.8450309776945;2.28333967948851e-32;6.51232629448632e-32;;hypothetical protein;Down in serum
AENJPLPP_02274;7090.39588145195;0.750855450429399;0.0634019727282936;11.8427774108411;2.34554509380464e-32;6.68319697960773e-32;glyA;Serine hydroxymethyltransferase;Not significant
AENJPLPP_02081;1373.00294348638;-1.00675450864858;0.0851127682608803;-11.8284780206275;2.7813921737642e-32;7.91731574780191e-32;dltD;Protein DltD;Down in serum
AENJPLPP_02074;1013.82871075891;-1.08789289630703;0.0920230964007617;-11.8219549097679;3.00606762542673e-32;8.54850480980726e-32;;hypothetical protein;Down in serum
AENJPLPP_02366;979.422090166406;-0.976677755003067;0.0826564930150324;-11.8161044508075;3.22285525953678e-32;9.15605318611814e-32;ansA;L-asparaginase;Not significant
AENJPLPP_01944;1706.77495879473;0.981667557470415;0.0831294219933781;11.8089063285994;3.51098448566624e-32;9.96489943690068e-32;;Putative lipid kinase;Not significant
AENJPLPP_00692;10667.7196184648;0.635111117971745;0.053793987774609;11.8063587446387;3.61897262917726e-32;1.02613907460216e-31;;Putative dipeptidase;Not significant
AENJPLPP_01410;3121.82106957206;-0.87069892877384;0.0739888608347997;-11.7679731644729;5.70794274994684e-32;1.61688028091879e-31;spo0J;Stage 0 sporulation protein J;Not significant
AENJPLPP_02184;101.487772917218;6.3200657308448;0.537677197610273;11.7543867564676;6.70457360639954e-32;1.89734872126681e-31;clpP_1;ATP-dependent Clp protease proteolytic subunit;Up in serum
AENJPLPP_01664;19687.6569608431;0.727533517753588;0.0620102353585747;11.7324747043229;8.68808336742955e-32;2.45628143358785e-31;pepV;Beta-Ala-Xaa dipeptidase;Not significant
AENJPLPP_01042;794.458573158968;-1.43781752900798;0.122597581656056;-11.7279436477119;9.16583928733097e-32;2.58883840976797e-31;trmL;tRNA (cytidine(34)-2'-O)-methyltransferase;Down in serum
AENJPLPP_01234;2947.5401693139;-0.751913553928998;0.0641166346030848;-11.7272773061739;9.23826471724877e-32;2.60676616827795e-31;purR_1;Pur operon repressor;Not significant
AENJPLPP_02636;2668.0698057256;0.776223111028965;0.0662055033486571;11.7244499591092;9.55194584712694e-32;2.6926685679413e-31;copB;Copper-exporting P-type ATPase B;Not significant
AENJPLPP_02082;780.2151026264;-1.0865260628634;0.0926776495802353;-11.7237118958519;9.63555660375611e-32;2.71361129885278e-31;;hypothetical protein;Down in serum
AENJPLPP_02306;1976.09945168804;-0.76601654670851;0.0654484522820551;-11.7041201128379;1.21412112929611e-31;3.41596205653166e-31;rsmA;Ribosomal RNA small subunit methyltransferase A;Not significant
AENJPLPP_00958;73.2103804116741;3.50296359542149;0.299594408476104;11.6923530490419;1.39468147202071e-31;3.92018575919334e-31;;hypothetical protein;Up in serum
AENJPLPP_00529;923.972389839346;1.32224512853061;0.113119944541927;11.6888770931154;1.45294894352156e-31;4.08002634863526e-31;;hypothetical protein;Up in serum
AENJPLPP_00603;4981.70712453649;0.754827385077664;0.064651853604567;11.6752628578053;1.70537769079166e-31;4.78425803042901e-31;;hypothetical protein;Not significant
AENJPLPP_01588;18010.4048929471;-1.10611147396047;0.0948292227467449;-11.6642469686217;1.94112930911346e-31;5.44039321283773e-31;rpsO;30S ribosomal protein S15;Down in serum
AENJPLPP_00841;4079.73449054012;0.75389731038704;0.0648690810033169;11.6218281302381;3.19231213968697e-31;8.93847399112352e-31;glxR;2-hydroxy-3-oxopropionate reductase;Not significant
AENJPLPP_00347;160.304930831334;-2.0444617672066;0.176294921366115;-11.5968273581791;4.27639470371606e-31;1.19624028599627e-30;uxuA_2;Mannonate dehydratase;Down in serum
AENJPLPP_02401;3823.54112399449;0.707384499990567;0.0610477181167843;11.5874028024658;4.77389326943923e-31;1.33412449142102e-30;yheS;putative ABC transporter ATP-binding protein YheS;Not significant
AENJPLPP_00710;329.646718584717;-1.35655955088411;0.117105237910172;-11.584106527538;4.96112448282381e-31;1.38511931869443e-30;ydjP;AB hydrolase superfamily protein YdjP;Down in serum
AENJPLPP_01241;25453.6082295632;0.628878548347175;0.0543289531821688;11.5753849745365;5.49241543230743e-31;1.53198407460529e-30;rny;Ribonuclease Y;Not significant
AENJPLPP_00205;418.14475847427;1.37365769280606;0.118836679474487;11.5592062895107;6.63189279652103e-31;1.84804515057122e-30;melR_2;HTH-type transcriptional repressor MelR;Up in serum
AENJPLPP_01853;6826.08209948019;-0.969270500473167;0.0839326957634214;-11.5481874096505;7.53937267870076e-31;2.09891522374537e-30;;hypothetical protein;Not significant
AENJPLPP_02728;932.409448441352;0.881121619684491;0.0763741736621494;11.5369054411278;8.5962400048818e-31;2.39085490871211e-30;xerC_11;Tyrosine recombinase XerC;Not significant
AENJPLPP_02796;265.978700977674;1.4828324757584;0.128718219559406;11.5199890181362;1.0462433278731e-30;2.90711886523518e-30;;hypothetical protein;Up in serum
AENJPLPP_02875;570.825049060006;-1.11052507898306;0.0968153435092866;-11.4705483524575;1.85480191027612e-30;5.14888766703916e-30;;hypothetical protein;Down in serum
AENJPLPP_01874;137.665897356266;2.05703660684057;0.179618923002859;11.4522265942315;2.29181888982286e-30;6.35597772110872e-30;lacF_4;Lactose transport system permease protein LacF;Up in serum
AENJPLPP_01582;2226.63289517162;0.729573983774588;0.06376110005845;11.4423054669036;2.56964945958455e-30;7.11971382141789e-30;;hypothetical protein;Not significant
AENJPLPP_00659;172.55072177408;-1.88926188802794;0.165502766613599;-11.4152888600275;3.50736778190843e-30;9.70860739630927e-30;dprA;DNA processing protein DprA;Down in serum
AENJPLPP_02894;252.967585822553;1.44372833246965;0.126635373330111;11.4006718226049;4.14904852600956e-30;1.14739119731622e-29;;hypothetical protein;Up in serum
AENJPLPP_02149;148.270649036879;1.94007095369698;0.170278980948928;11.3934846384762;4.50601511954237e-30;1.24492561936503e-29;;hypothetical protein;Up in serum
AENJPLPP_00869;2255.32961927599;0.741100152087475;0.0651030779067131;11.3834887061623;5.05367863740963e-30;1.39491110825942e-29;;hypothetical protein;Not significant
AENJPLPP_00261;1930.37747733072;0.785183008389467;0.0690526383750875;11.3707893987254;5.84565005543908e-30;1.61198228801502e-29;eis_1;N-acetyltransferase Eis;Not significant
AENJPLPP_01800;90.1994045753625;2.97926741735352;0.262016801598084;11.3705205131216;5.86368651979072e-30;1.61542622002181e-29;bglF_1;PTS system beta-glucoside-specific EIIBCA component;Up in serum
AENJPLPP_02119;1410.82624576843;0.909446303357735;0.0800369468526893;11.3628310314185;6.40352586626113e-30;1.76248273370061e-29;ftsL;Cell division protein FtsL;Not significant
AENJPLPP_03118;487.677007416804;1.13043795407102;0.0995090138554047;11.360156334316;6.60263765207667e-30;1.81556948468813e-29;;hypothetical protein;Up in serum
AENJPLPP_00043;183.704183572686;1.7379609292214;0.153149360527656;11.3481435588989;7.57540081678761e-30;2.08109124325335e-29;;hypothetical protein;Up in serum
AENJPLPP_00602;2710.59294933499;0.804846717081769;0.0710283176543899;11.3313498567993;9.17792702074015e-30;2.51895603057449e-29;lytG;Exo-glucosaminidase LytG;Not significant
AENJPLPP_00984;299.540709470741;1.34176442024266;0.118433191233215;11.3292938092034;9.39592220028857e-30;2.57635832836538e-29;;hypothetical protein;Up in serum
AENJPLPP_01233;10597.536841334;-0.629697171253153;0.0556416349658519;-11.3170141682502;1.08090984830992e-29;2.96106253836171e-29;glmU;Bifunctional protein GlmU;Not significant
AENJPLPP_02243;676.008896067794;-1.0461166611934;0.0926653380441015;-11.2891905784181;1.48396937087687e-29;4.06138985713669e-29;;putative ABC transporter ATP-binding protein;Down in serum
AENJPLPP_01408;8186.98912433295;-0.675559392304347;0.0598981977580303;-11.278459412642;1.67656279124187e-29;4.58417920009045e-29;ychF;Ribosome-binding ATPase YchF;Not significant
AENJPLPP_02043;1215.89811813579;-0.808986326015327;0.0717609962599929;-11.273343016091;1.77692545125881e-29;4.85404025709723e-29;metE;5-methyltetrahydropteroyltriglutamate--homocysteine methyltransferase;Not significant
AENJPLPP_01270;255.213218723682;-1.58625319036808;0.140727597309097;-11.2717989982022;1.80836756980737e-29;4.93530118395413e-29;yodC_1;Putative NAD(P)H nitroreductase YodC;Down in serum
AENJPLPP_01040;3267.80826352686;-0.816058186620962;0.0724694016899093;-11.2607275290171;2.0505876942729e-29;5.59111551097629e-29;recD2;ATP-dependent RecD-like DNA helicase;Not significant
AENJPLPP_00564;2558.88759774986;-0.69970167707108;0.0622831977418962;-11.2341964195652;2.77002690200224e-29;7.54566729525775e-29;recQ_1;ATP-dependent DNA helicase RecQ;Not significant
AENJPLPP_02125;21166.7071852405;-0.642009350048227;0.0571747706232922;-11.2288924476539;2.94142412585853e-29;8.00507201355143e-29;ftsA;Cell division protein FtsA;Not significant
AENJPLPP_02852;669.960739808918;1.00635190956085;0.089629972761607;11.2278502219062;2.97632036832012e-29;8.09247890994229e-29;lacD;Tagatose 1%2C6-diphosphate aldolase;Up in serum
AENJPLPP_00335;157.399564770597;-2.05326783826973;0.183210197263756;-11.2071700644139;3.7602408000916e-29;1.02143854569652e-28;;hypothetical protein;Down in serum
AENJPLPP_00718;5989.13832936042;-0.764303150838942;0.0682618050769146;-11.196644301711;4.23471844351052e-29;1.14925443685952e-28;mvaA;3-hydroxy-3-methylglutaryl-coenzyme A reductase;Not significant
AENJPLPP_00003;1140.45603439762;-0.83689683324073;0.0748221962820677;-11.185141239182;4.82137174058897e-29;1.30724716094926e-28;;Putative phosphatase;Not significant
AENJPLPP_01203;693.461384279036;-1.14439171253537;0.102358628053965;-11.1802173816948;5.09649951987885e-29;1.38055875366393e-28;;hypothetical protein;Down in serum
AENJPLPP_01714;255.327355753192;-1.50604349393647;0.135149263727046;-11.1435567786603;7.69822027071227e-29;2.08338451936005e-28;;hypothetical protein;Down in serum
AENJPLPP_00318;91.137789445215;-2.82419187502675;0.253618875393972;-11.1355744742564;8.42003541999166e-29;2.2766149622113e-28;;hypothetical protein;Down in serum
AENJPLPP_03067;464.11503500946;1.26571956762981;0.113774218136656;11.1248364379841;9.4979916246173e-29;2.56569124405246e-28;;hypothetical protein;Up in serum
AENJPLPP_00491;1569.13091111683;-0.775483251377547;0.0698338956279378;-11.1046826817335;1.1903941135138e-28;3.21262989671194e-28;rnz;Ribonuclease Z;Not significant
AENJPLPP_03074;525.097394165899;1.08304158321442;0.0975501595110508;11.1024070964408;1.22110141240265e-28;3.29245121566343e-28;;hypothetical protein;Up in serum
AENJPLPP_00179;10212.389721285;0.845216096788253;0.0761589545537805;11.0980527731824;1.28206670333117e-28;3.45363389463493e-28;;hypothetical protein;Not significant
AENJPLPP_02120;9572.00759574102;-0.773190583023402;0.0696949030517739;-11.0939329731046;1.34252497063213e-28;3.61315407992677e-28;pbpX_2;Penicillin-binding protein 2X;Not significant
AENJPLPP_02592;1126.8147806901;-0.884907972349447;0.0799730119266561;-11.0650824700838;1.85292352884807e-28;4.98219142752131e-28;epsL;putative sugar transferase EpsL;Not significant
AENJPLPP_02286;645.986664026415;-0.970980944157854;0.0877653516494223;-11.063374394447;1.88856101225425e-28;5.07332995173835e-28;fliY;L-cystine-binding protein FliY;Not significant
AENJPLPP_02001;853.140741464757;-1.00217498946371;0.0906590181461747;-11.0543331480586;2.08883333029375e-28;5.6061591316271e-28;;hypothetical protein;Down in serum
AENJPLPP_01426;29846.2486516902;-0.678139323306216;0.0613909362914249;-11.0462450041007;2.28576883528071e-28;6.12905971301788e-28;gyrA;DNA gyrase subunit A;Not significant
AENJPLPP_00651;1746.39111570074;-0.737013539421858;0.066786715266958;-11.0353314499132;2.58098101433297e-28;6.91427480564639e-28;plsY;Glycerol-3-phosphate acyltransferase;Not significant
AENJPLPP_00516;6075.08990227989;0.61909176418207;0.0563146428976642;10.9934420663395;4.10948753029928e-28;1.09989225075657e-27;addB_1;ATP-dependent helicase/deoxyribonuclease subunit B;Not significant
AENJPLPP_00964;64.6890784948493;3.34620334029653;0.304506349654923;10.9889443819105;4.31948399159937e-28;1.15503557240931e-27;;hypothetical protein;Up in serum
AENJPLPP_01990;1019.3488868674;-0.96129735122948;0.0875602308540198;-10.9786982269628;4.83845698218757e-28;1.29262263597525e-27;;Putative NrdI-like protein;Not significant
AENJPLPP_01385;4728.19214471753;-0.935472248496972;0.0852098622415277;-10.9784504268458;4.85174564954484e-28;1.29498472332489e-27;norW;Nitric oxide reductase FlRd-NAD(+) reductase;Not significant
AENJPLPP_02652;166.712756879613;-1.74123884213189;0.158659512966361;-10.9746891918234;5.05794979147615e-28;1.34878661106031e-27;;hypothetical protein;Down in serum
AENJPLPP_01027;953.608301579537;0.932712972666531;0.0850737087853657;10.9635865884217;5.71870974950729e-28;1.5235940339035e-27;;hypothetical protein;Not significant
AENJPLPP_02086;4869.32301595862;0.65658742711294;0.0599732745818722;10.9480002833029;6.79307310038954e-28;1.80817448522252e-27;lplJ;Lipoate-protein ligase LplJ;Not significant
AENJPLPP_01010;5002.60915029038;0.74305143054909;0.0678822211275709;10.946186176682;6.9304565035537e-28;1.84305838706378e-27;nrdH;Glutaredoxin-like protein NrdH;Not significant
AENJPLPP_02571;405.581880805668;-1.30561213838474;0.119416614903963;-10.9332536300308;7.99300919670738e-28;2.12369003474561e-27;zur;Zinc-specific metallo-regulatory protein;Down in serum
AENJPLPP_01729;381.660486963011;-1.50678204314265;0.138061797392652;-10.9138231690358;9.90031752262083e-28;2.62805146999743e-27;;hypothetical protein;Down in serum
AENJPLPP_01766;146.856182638762;-2.09009185999597;0.191801517539785;-10.897160183117;1.18910753916935e-27;3.15362582337082e-27;mro_1;Aldose 1-epimerase;Down in serum
AENJPLPP_02301;15529.0795798962;-0.59715297067716;0.0548924987769121;-10.8785896795124;1.4580127243932e-27;3.86326938437943e-27;metG;Methionine--tRNA ligase;Not significant
AENJPLPP_01043;420.871546388658;-1.15924455997014;0.106753420807236;-10.8590858372902;1.80547508474674e-27;4.77958495162046e-27;rlmA;23S rRNA (guanine(745)-N(1))-methyltransferase;Down in serum
AENJPLPP_00632;2288.84556236305;0.734733140627395;0.06772269735949;10.8491417098648;2.01306751036835e-27;5.32429844704144e-27;garB;Glutathione amide reductase;Not significant
AENJPLPP_00503;1446.53954575602;-0.764551753749361;0.0707261617518814;-10.8100275034227;3.08577538638615e-27;8.15406345295506e-27;;hypothetical protein;Not significant
AENJPLPP_00129;736.164078866617;-1.00005216598152;0.0925507581680138;-10.8054454201883;3.24378841686228e-27;8.56383669075517e-27;;hypothetical protein;Down in serum
AENJPLPP_00864;485.668382063844;-1.11962868892157;0.103709852186718;-10.7957794299601;3.60391498026023e-27;9.50597864358495e-27;;hypothetical protein;Down in serum
AENJPLPP_01059;1546.94112439381;-0.781046215155398;0.0724903876677193;-10.7744797660008;4.5434321795671e-27;1.19732800967415e-26;;hypothetical protein;Not significant
AENJPLPP_01435;4015.03584647261;-0.910164733147757;0.0845777143701301;-10.7612831574602;5.24349101430089e-27;1.38056472275264e-26;;DegV domain-containing protein;Not significant
AENJPLPP_01384;579.462549690427;-0.985746590879526;0.0916689664828168;-10.7533293839884;5.71603739310133e-27;1.50362248317173e-26;;hypothetical protein;Not significant
AENJPLPP_01216;1440.22268771147;0.750202684554903;0.0698500682013837;10.740185426763;6.59118708763627e-27;1.73226866418744e-26;rpe_1;Ribulose-phosphate 3-epimerase;Not significant
AENJPLPP_00863;399.105923063958;1.15435578597664;0.107987907788667;10.6896763685404;1.13767259461499e-26;2.98728818351563e-26;czcD;Cadmium%2C cobalt and zinc/H(+)-K(+) antiporter;Up in serum
AENJPLPP_02956;300.933721918135;1.27109274133923;0.118954732790546;10.6855163432408;1.18985085445758e-26;3.12148260196438e-26;frlB_3;Fructosamine deglycase FrlB;Up in serum
AENJPLPP_01388;161.501278543837;-1.80107542616551;0.168714193886172;-10.6753046953516;1.32821056421717e-26;3.48132237893826e-26;menA;1%2C4-dihydroxy-2-naphthoate octaprenyltransferase;Down in serum
AENJPLPP_01966;431.641538670579;-1.1691272944957;0.109715826950819;-10.6559584609409;1.63551169235305e-26;4.28292270515476e-26;rbsR;Ribose operon repressor;Down in serum
AENJPLPP_00057;127.951158853244;1.95082469751133;0.183104911690425;10.65413636096;1.66785504892298e-26;4.36369622862867e-26;;hypothetical protein;Up in serum
AENJPLPP_01967;492.279400850724;-1.02332633648632;0.0962448925932349;-10.63252614153;2.10336651376802e-26;5.4982076194726e-26;gmuD_2;6-phospho-beta-glucosidase GmuD;Down in serum
AENJPLPP_01700;1432.57500277189;1.04482656546803;0.0986915860617387;10.5867846202655;3.4317792264421e-26;8.96263776448377e-26;;IS30 family transposase IS1252;Up in serum
AENJPLPP_01899;1453.52702376282;-0.787001525672769;0.0745505638495231;-10.5566139950503;4.7343223896176e-26;1.23533573463857e-25;;hypothetical protein;Not significant
AENJPLPP_00878;9115.48561377449;-0.628569167679363;0.0595850458644001;-10.5491094042257;5.12808568208722e-26;1.33688321452444e-25;wbgU_1;UDP-N-acetylglucosamine 4-epimerase;Not significant
AENJPLPP_00260;1249.97103893319;0.895184829824976;0.0849669181042283;10.5356867095834;5.91499756067986e-26;1.54065052743289e-25;;hypothetical protein;Not significant
AENJPLPP_00256;339.729733863614;-1.18813430092484;0.112816832630845;-10.5315339317548;6.18187895611752e-26;1.60872489009957e-25;;hypothetical protein;Down in serum
AENJPLPP_01605;408.142192715238;-1.18700212191375;0.112789989368022;-10.524002427562;6.69670239302887e-26;1.74114262218751e-25;;hypothetical protein;Down in serum
AENJPLPP_02591;2002.64442567834;-0.772512250227922;0.0734565983510275;-10.5165807778944;7.24554209659548e-26;1.88216044471776e-25;epsN;Putative pyridoxal phosphate-dependent aminotransferase EpsN;Not significant
AENJPLPP_02304;942.570618992413;-0.907365314150262;0.0863530349364354;-10.5076250628386;7.96746977388775e-26;2.06784955272381e-25;dtd3;D-aminoacyl-tRNA deacylase;Not significant
AENJPLPP_02792;190.662467496911;1.53840623289697;0.146496512124489;10.5013164517506;8.51837620292014e-26;2.20886122020512e-25;;hypothetical protein;Up in serum
AENJPLPP_00682;984.766183223168;0.95844562041292;0.0912874964255115;10.4991993201938;8.71158969748701e-26;2.25695277571906e-25;;hypothetical protein;Not significant
AENJPLPP_00543;1010.12458341828;0.822874410406002;0.0784674305806553;10.4868275196062;9.93069340003215e-26;2.57050481607943e-25;gpmA_2;2%2C3-bisphosphoglycerate-dependent phosphoglycerate mutase;Not significant
AENJPLPP_01060;3451.26191378364;-0.628717073915741;0.0601427198260282;-10.453751937631;1.40840797026972e-25;3.64234814336185e-25;;hypothetical protein;Not significant
AENJPLPP_01236;627.398274642528;-0.94496817918324;0.0906490398765649;-10.4244698065196;1.91725630634327e-25;4.95390449340869e-25;znuC;High-affinity zinc uptake system ATP-binding protein ZnuC;Not significant
AENJPLPP_01891;378.492509474014;-1.11363407535492;0.106839877952184;-10.423393368657;1.93908714555837e-25;5.0058703615833e-25;;hypothetical protein;Down in serum
AENJPLPP_01075;389.270510340437;-1.28204706828798;0.123041986150042;-10.419590161074;2.01820988680365e-25;5.20551566906308e-25;;hypothetical protein;Down in serum
AENJPLPP_02437;495.436175370982;1.13791801494691;0.109543919578952;10.387778886502;2.8183991029003e-25;7.26298954658908e-25;;hypothetical protein;Up in serum
AENJPLPP_01462;2319.11685926635;-1.13399278893381;0.109202132601292;-10.3843465500269;2.921631244563e-25;7.52236090554151e-25;cdd;Cytidine deaminase;Down in serum
AENJPLPP_02985;241.319302237216;-1.41505368461525;0.136491430415446;-10.3673445307752;3.49090819541188e-25;8.98014546381573e-25;;hypothetical protein;Down in serum
AENJPLPP_00949;56.6491743696299;4.86847929603722;0.469768256811668;10.3635765623666;3.631245485581e-25;9.33290984467068e-25;;hypothetical protein;Up in serum
AENJPLPP_01868;561.584914018881;-1.01382375184731;0.0978790328065557;-10.3579257250221;3.85225352227947e-25;9.89220657572999e-25;;hypothetical protein;Down in serum
AENJPLPP_01509;858.09336823508;-0.899878549676894;0.0871405903543589;-10.3267437828631;5.3340642356376e-25;1.36852819860588e-24;truA;tRNA pseudouridine synthase A;Not significant
AENJPLPP_01424;5272.89186664796;-0.64091456430379;0.0621868830128237;-10.3062661007085;6.60165821296999e-25;1.69225604895851e-24;recF;DNA replication and repair protein RecF;Not significant
AENJPLPP_01915;800.11609517656;-0.95701040085087;0.0929473713560886;-10.2962610656786;7.32533663137843e-25;1.87611084173914e-24;mgsR;Regulatory protein MgsR;Not significant
AENJPLPP_01619;954.346845161473;0.908954193527865;0.0883294095852141;10.2905045759529;7.77677722896799e-25;1.98998025402063e-24;;hypothetical protein;Not significant
AENJPLPP_01562;1628.05563572151;-0.690544988670262;0.0671939536879154;-10.2768917554327;8.95696958380859e-25;2.28996448007468e-24;;Putative bifunctional phosphatase/peptidyl-prolyl cis-trans isomerase;Not significant
AENJPLPP_00721;331.204950875411;-1.15324564463039;0.112293543309204;-10.2699194507995;9.62850193763506e-25;2.45949102126257e-24;;hypothetical protein;Down in serum
AENJPLPP_01952;724.131144913342;0.867867540275378;0.0846254299417502;10.2553988898225;1.11912971729845e-24;2.85618381838132e-24;;hypothetical protein;Not significant
AENJPLPP_01472;2431.93639688819;-0.754980084725732;0.073625936245108;-10.2542680369093;1.13230607166301e-24;2.88728133159606e-24;rpiA;Ribose-5-phosphate isomerase A;Not significant
AENJPLPP_00489;1436.17747556263;0.914399506637194;0.0891909439808333;10.2521563941928;1.15732308282865e-24;2.94849065371569e-24;;hypothetical protein;Not significant
AENJPLPP_01958;728.85235352909;0.945578798722121;0.0923399207803449;10.2401950394936;1.30972074326317e-24;3.33383461921534e-24;;hypothetical protein;Not significant
AENJPLPP_01380;2113.86044765302;0.823971427472599;0.0804871464979537;10.2373045054287;1.34943577929446e-24;3.43192750157682e-24;;hypothetical protein;Not significant
AENJPLPP_02529;17268.1005401837;0.576856719764507;0.056358157481033;10.2355496621522;1.37412641441476e-24;3.49167200591255e-24;secA;Protein translocase subunit SecA;Not significant
AENJPLPP_02343;754.63497448036;-0.901792265498535;0.0881874275177826;-10.2258597498685;1.51874247916724e-24;3.85577863935048e-24;tadA_2;tRNA-specific adenosine deaminase;Not significant
AENJPLPP_01556;1557.51312773457;-0.758938229503749;0.07429006662933;-10.2158776258806;1.68348733255194e-24;4.27030933135127e-24;;3-beta-hydroxycholanate 3-dehydrogenase (NAD(+)) 2;Not significant
AENJPLPP_01569;921.665266753777;-0.81828711733631;0.0801234435065191;-10.2128301221818;1.73722429775558e-24;4.40278255445105e-24;treR;HTH-type transcriptional regulator TreR;Not significant
AENJPLPP_00411;71.8488629466697;2.9754551458799;0.291712833655384;10.1999459831615;1.98382806110999e-24;5.02339766430635e-24;;hypothetical protein;Up in serum
AENJPLPP_02364;502.592144941729;1.05782672438582;0.103876005978994;10.183552153514;2.34829398779685e-24;5.94112258250602e-24;;putative ketoamine kinase;Up in serum
AENJPLPP_00242;2366.6317053536;0.741720032670512;0.0728737581662083;10.1781498763769;2.48236003432036e-24;6.27485453119869e-24;mutM;Formamidopyrimidine-DNA glycosylase;Not significant
AENJPLPP_02091;124.417685400296;-1.89411841786912;0.186108596110327;-10.1774902259016;2.49924117521553e-24;6.31204709646803e-24;;hypothetical protein;Down in serum
AENJPLPP_00519;1611.2221685546;-0.829221254293841;0.0817664692310757;-10.1413361991995;3.62112116548906e-24;9.13752585260325e-24;dtpT_1;Di-/tripeptide transporter;Not significant
AENJPLPP_00728;137.480073691997;-1.91590420706707;0.189050677879864;-10.1343419053201;3.88983920657361e-24;9.80710975717952e-24;;hypothetical protein;Down in serum
AENJPLPP_00801;295.745307621993;1.2095440024533;0.119624549497442;10.1111687152406;4.92927012016458e-24;1.24169849393765e-23;gltC_1;HTH-type transcriptional regulator GltC;Up in serum
AENJPLPP_01014;516.977851838655;0.985949621416399;0.0978803043267124;10.0730134443128;7.27153400103016e-24;1.8301388946413e-23;sapB;Protein SapB;Not significant
AENJPLPP_01737;1596.97361037875;-0.73342495185671;0.0728171018559642;-10.0721524636817;7.33548435280653e-24;1.84463993397e-23;mutS2_1;Endonuclease MutS2;Not significant
AENJPLPP_00180;11955.4946239816;0.748792245997457;0.0743962242131685;10.0649227016136;7.89493262857526e-24;1.98361033774039e-23;glmM;Phosphoglucosamine mutase;Not significant
AENJPLPP_00652;2561.49239669589;-0.757915866705948;0.0753162354515719;-10.0631140438941;8.04137275085959e-24;2.0186618491813e-23;lacX;Protein LacX%2C plasmid;Not significant
AENJPLPP_01860;169.161251793024;1.55368199910046;0.154632349255793;10.0475871095404;9.41442972370462e-24;2.36131088332712e-23;;hypothetical protein;Up in serum
AENJPLPP_00052;158.812290920853;1.57433289852504;0.156905386709225;10.0336446794052;1.08438327129042e-23;2.71749060757117e-23;;hypothetical protein;Up in serum
AENJPLPP_00278;1582.05422083402;2.44792030018936;0.24407208050254;10.0294974138342;1.13090770238117e-23;2.8316450811126e-23;;hypothetical protein;Up in serum
AENJPLPP_00175;66.9238471486192;2.70362676444561;0.269858142620337;10.0186962609068;1.26156051287668e-23;3.15606891193891e-23;;hypothetical protein;Up in serum
AENJPLPP_01219;5526.46962818042;-0.576555243761019;0.0575846399038328;-10.0123096145756;1.34573520564009e-23;3.36376044534244e-23;stp;Serine/threonine phosphatase stp;Not significant
AENJPLPP_00642;733.299474901042;0.910374875517955;0.0909793863316919;10.0063861960875;1.42876518778122e-23;3.5682369012169e-23;;hypothetical protein;Not significant
AENJPLPP_00443;1289.89735496839;1.22390429364714;0.122346235749562;10.0036121761231;1.46937422862032e-23;3.66651050020768e-23;pyrP;Uracil permease;Up in serum
AENJPLPP_00419;437.052780340312;1.02807718828283;0.102808658388156;9.99990861082244;1.52537765375766e-23;3.80299634224513e-23;;hypothetical protein;Up in serum
AENJPLPP_02679;160.374684792088;-1.65671241691564;0.166169995481677;-9.96998532805711;2.06259303679142e-23;5.13795630721694e-23;;hypothetical protein;Down in serum
AENJPLPP_02083;4006.07001576858;0.564402263228726;0.0566145054392574;9.96921652586511;2.07862004509017e-23;5.17345433444664e-23;ysdC;Putative aminopeptidase YsdC;Not significant
AENJPLPP_02878;257.898394331035;-1.32812945480036;0.133376507092889;-9.95774656083465;2.33290463276287e-23;5.80138197318999e-23;guaA_2;GMP synthase [glutamine-hydrolyzing];Down in serum
AENJPLPP_00279;113.22793706382;1.87818825647446;0.188718986466523;9.95230152323668;2.46417247023945e-23;6.12258552332533e-23;;hypothetical protein;Up in serum
AENJPLPP_00042;69.7835940229626;2.71323644535821;0.272787689131657;9.94633025410728;2.61654487013092e-23;6.4956339827973e-23;;hypothetical protein;Up in serum
AENJPLPP_00960;51.1401902122374;3.59695447050732;0.361830085413027;9.94100439824239;2.76029763851186e-23;6.84666671494595e-23;;hypothetical protein;Up in serum
AENJPLPP_02629;1314.401160407;0.72384465414176;0.0728357120515394;9.93804596335325;2.84350047291252e-23;7.04704117201808e-23;cadA;Cadmium%2C zinc and cobalt-transporting ATPase;Not significant
AENJPLPP_01916;2013.25607799871;-0.761842063460359;0.0767325268443237;-9.92854132128344;3.12797747771119e-23;7.74461052659714e-23;gcvH;Glycine cleavage system H protein;Not significant
AENJPLPP_02020;1148.74559976334;0.768996236838639;0.0774536683915311;9.92846759628396;3.13029072452089e-23;7.74461052659714e-23;yhfK;putative sugar epimerase YhfK;Not significant
AENJPLPP_01744;768.816209634553;1.00684430774974;0.101433678166461;9.92613425786877;3.20438483925514e-23;7.92119579958485e-23;;hypothetical protein;Up in serum
AENJPLPP_00539;907.640875521103;-0.87601091973228;0.0885159437069992;-9.89664554254774;4.30471883297602e-23;1.06321808665192e-22;;hypothetical protein;Not significant
AENJPLPP_01769;648.967944405572;0.915864184469753;0.092579877384099;9.89269169875847;4.47821986831208e-23;1.10513358106142e-22;ptsG_3;PTS system glucose-specific EIICBA component;Not significant
AENJPLPP_01996;3580.67795053117;-0.593700009572376;0.0600365390842201;-9.88897792292;4.64748459304309e-23;1.14593354233205e-22;;hypothetical protein;Not significant
AENJPLPP_00262;5990.19441172045;-0.546506582362948;0.0553585410045027;-9.87212763281635;5.49857206542294e-23;1.35463975080471e-22;lepA;Elongation factor 4;Not significant
AENJPLPP_01567;1831.90131292472;-0.798489510177703;0.0811516246714701;-9.83947657745937;7.61057486675477e-23;1.87337227489348e-22;maf;dTTP/UTP pyrophosphatase;Not significant
AENJPLPP_02034;217.820012359468;1.38736115000605;0.141138665204634;9.82977377598508;8.38068205219414e-23;2.0611947749991e-22;manZ_3;PTS system mannose-specific EIID component;Up in serum
AENJPLPP_00034;360.779554482683;-1.08597760618645;0.110512522311598;-9.82673803358191;8.63711095309932e-23;2.1224697970823e-22;xerC_1;Tyrosine recombinase XerC;Down in serum
AENJPLPP_00760;97.3675782991824;2.03780293543355;0.207428376659901;9.82412805927094;8.86377433254683e-23;2.17633312448367e-22;;hypothetical protein;Up in serum
AENJPLPP_01984;710.91409298877;0.834024110239261;0.0849738294080388;9.81507031105226;9.69703659804459e-23;2.37891917215719e-22;garK;Glycerate 2-kinase;Not significant
AENJPLPP_02440;311.656254479188;1.1708120025861;0.119555632413081;9.79303090080094;1.2062473931327e-22;2.95672761683705e-22;;hypothetical protein;Up in serum
AENJPLPP_02187;58.1421880814048;5.70481495628056;0.582861184426831;9.78760485121429;1.27275034557497e-22;3.11711438714408e-22;;hypothetical protein;Up in serum
AENJPLPP_01712;326.165787348381;1.11460043145133;0.113897470366848;9.78599812499225;1.2931302209153e-22;3.16436571706332e-22;;IS630 family transposase ISBs2;Up in serum
AENJPLPP_01837;374.835996300329;1.08520926800019;0.111012687268388;9.77554273032375;1.43386749238353e-22;3.50581203847257e-22;;hypothetical protein;Up in serum
AENJPLPP_02599;387.357092698428;-1.19082706095098;0.121886222380877;-9.76998907415322;1.514684055539e-22;3.70030198802816e-22;;hypothetical protein;Down in serum
AENJPLPP_00701;1445.44768022424;-0.880369593235054;0.0902293205251897;-9.75702341667616;1.72133235989856e-22;4.2016092472964e-22;fur;Ferric uptake regulation protein;Not significant
AENJPLPP_02325;52.0016079503642;-3.63364398745155;0.372437193702365;-9.75639396089799;1.73204581408515e-22;4.22421893686428e-22;;hypothetical protein;Down in serum
AENJPLPP_02473;87.2004705607638;-2.2115740560005;0.227116687850906;-9.73761143193631;2.08394981965684e-22;5.07821077392528e-22;lhpI;Delta(1)-pyrroline-2-carboxylate reductase;Down in serum
AENJPLPP_01053;10376.010095664;0.549109796987217;0.0563959019605155;9.73669677934518;2.10278615917534e-22;5.11982717016605e-22;pepF1_1;Oligoendopeptidase F%2C plasmid;Not significant
AENJPLPP_00116;5382.50705614546;-0.72007770728726;0.0740189209185824;-9.72829241970865;2.28394632152159e-22;5.55626707457885e-22;arcA;Arginine deiminase;Not significant
AENJPLPP_00711;2152.73932110809;-0.62349864278294;0.0641313716018513;-9.72220969565138;2.42461727795022e-22;5.89356052870706e-22;mprF_1;Phosphatidylglycerol lysyltransferase;Not significant
AENJPLPP_01323;123.702255332864;-1.81343703148535;0.186723582058714;-9.71188005013277;2.68341155075842e-22;6.51717634345999e-22;;hypothetical protein;Down in serum
AENJPLPP_00688;526.809542947941;0.976963678233886;0.100623154871888;9.70913384178567;2.75669674595439e-22;6.68958410351598e-22;recQ_2;ATP-dependent DNA helicase RecQ;Not significant
AENJPLPP_00904;1650.30749788165;-0.736947466478545;0.0761208840147054;-9.68127835110504;3.62158894080281e-22;8.78107160334537e-22;;hypothetical protein;Not significant
AENJPLPP_01889;2864.23381616418;0.583722016830152;0.0603922553339923;9.66551114214804;4.22505444140527e-22;1.0235739212456e-21;;hypothetical protein;Not significant
AENJPLPP_02590;719.741811914854;-0.877516272358258;0.0909018774585601;-9.65344497706657;4.75315549417538e-22;1.15055600989515e-21;gph_2;Phosphoglycolate phosphatase;Not significant
AENJPLPP_01221;3066.1849351956;-0.635512440644564;0.0658368315058608;-9.6528406077378;4.78125998598635e-22;1.15639776405251e-21;fmt;Methionyl-tRNA formyltransferase;Not significant
AENJPLPP_02818;545.445628010185;-1.07492678624143;0.111387067522726;-9.65037333460741;4.89770964279596e-22;1.18357929293127e-21;gatC_3;PTS system galactitol-specific EIIC component;Down in serum
AENJPLPP_02159;228.538679857863;1.31400605658142;0.136369200720721;9.63565122943308;5.65323886114824e-22;1.3650274928411e-21;;hypothetical protein;Up in serum
AENJPLPP_01235;452.419915841272;-1.09288312241066;0.113495067740258;-9.6293446417584;6.01116237154558e-22;1.45024894995367e-21;znuB;High-affinity zinc uptake system membrane protein ZnuB;Down in serum
AENJPLPP_01798;430.576361567645;-0.971505153376527;0.100955254020579;-9.62312623351423;6.38601688696411e-22;1.53941069328142e-21;mro_2;Aldose 1-epimerase;Not significant
AENJPLPP_01215;3999.19519405267;0.685990360994192;0.0717216830932022;9.56461604648553;1.12618714106104e-21;2.71253676986746e-21;thiN;Thiamine pyrophosphokinase;Not significant
AENJPLPP_02036;148.756080190134;-1.61901765505119;0.16927865663262;-9.56421611121888;1.13054951399482e-21;2.72079354111812e-21;;hypothetical protein;Down in serum
AENJPLPP_00938;49.1830589944894;5.08585581494359;0.532651729998811;9.54818228968288;1.31991740933562e-21;3.17390544672611e-21;;hypothetical protein;Up in serum
AENJPLPP_00727;543.807298851454;-0.957090646720526;0.100239793958761;-9.548010913852;1.32210221101402e-21;3.17653600534063e-21;;hypothetical protein;Not significant
AENJPLPP_00660;1286.18018721959;-0.751249054723782;0.0787823357958922;-9.53575502851431;1.48798808480524e-21;3.57215276418209e-21;rnhB;Ribonuclease HII;Not significant
AENJPLPP_01071;3397.1045561539;0.578091302286823;0.0606280186463243;9.53505186536177;1.49810664794146e-21;3.59348151466682e-21;dtd;D-aminoacyl-tRNA deacylase;Not significant
AENJPLPP_00058;429.597278189846;-0.971029085181578;0.102246062429188;-9.49698269167168;2.16059942070444e-21;5.17832552517806e-21;;hypothetical protein;Not significant
AENJPLPP_02458;2416.24602149745;0.616995130652878;0.0651451654832517;9.47108087109707;2.76962762309313e-21;6.63252930793355e-21;btuD_5;Vitamin B12 import ATP-binding protein BtuD;Not significant
AENJPLPP_00908;6605.25867248671;-0.595148206783634;0.062964175075943;-9.45217190673598;3.31871807010843e-21;7.94092606422001e-21;map;Methionine aminopeptidase 1;Not significant
AENJPLPP_01102;331.449595627081;-1.06940579556598;0.113196811006055;-9.4473138073543;3.47637316202597e-21;8.31132893909658e-21;ywpJ_1;Phosphatase YwpJ;Down in serum
AENJPLPP_02797;171.91149044066;1.44966383399004;0.153910800545067;9.41885708381828;4.56024647998473e-21;1.08937143147789e-20;;hypothetical protein;Up in serum
AENJPLPP_00673;3834.7415340547;-0.577526198819975;0.0614500524804161;-9.39830277612912;5.54502636477651e-21;1.32353416182207e-20;ettA;Energy-dependent translational throttle protein EttA;Not significant
AENJPLPP_01674;308.683859334212;-1.16454079515548;0.123973127596538;-9.39349371700446;5.80423395148894e-21;1.38426939121505e-20;rlmH;Ribosomal RNA large subunit methyltransferase H;Down in serum
AENJPLPP_02128;10887.866823697;0.54570281836882;0.0582082502621289;9.37500811158829;6.91704508336684e-21;1.64831712624912e-20;sepF;Cell division protein SepF;Not significant
AENJPLPP_00691;268.75523719725;-1.1510387099835;0.123154291329577;-9.34631426608734;9.07552400993683e-21;2.16090972337989e-20;;hypothetical protein;Down in serum
AENJPLPP_02761;177.228741299231;1.37901712816613;0.147804322916454;9.33001891254301;1.05852018109527e-20;2.51830945044888e-20;;hypothetical protein;Up in serum
AENJPLPP_02498;1261.20964619365;0.69983807740177;0.0750281129108146;9.32767798963121;1.08215612727618e-20;2.57243970826795e-20;menH_3;2-succinyl-6-hydroxy-2%2C4-cyclohexadiene-1-carboxylate synthase;Not significant
AENJPLPP_02942;70.1203484752955;2.37907411644431;0.255300483294291;9.31872155409079;1.17750504787983e-20;2.79681459985814e-20;;IS6 family transposase IS1216E;Up in serum
AENJPLPP_02872;143.145830984789;1.66578035867888;0.178882544713447;9.3121459186938;1.25275260230411e-20;2.97311783040716e-20;;IS200/IS605 family transposase ISEfa4;Up in serum
AENJPLPP_00100;481.862309026165;-0.926269512939026;0.0995099666610273;-9.30830894652281;1.29883721902613e-20;3.07997881254404e-20;yqgN;putative protein YqgN;Not significant
AENJPLPP_00446;1499.45102427273;0.662426073817934;0.0711658680438497;9.30819916943572;1.30018009061247e-20;3.08065453528357e-20;lspA;Lipoprotein signal peptidase;Not significant
AENJPLPP_00620;315.8132452806;-1.10736852629952;0.119139293611996;-9.29473805599283;1.47569113042832e-20;3.49366875756688e-20;;hypothetical protein;Down in serum
AENJPLPP_02370;26023.4611248119;-0.484675068660204;0.052225856147545;-9.28036617132578;1.68897113230123e-20;3.99535656966789e-20;ezrA;Septation ring formation regulator EzrA;Not significant
AENJPLPP_00228;755.65008563381;-0.826978623838688;0.0891752513189817;-9.27363378972231;1.79909830203105e-20;4.25241416843703e-20;gph_1;Phosphoglycolate phosphatase;Not significant
AENJPLPP_01296;140.804513025665;1.5725093643335;0.169616020262277;9.27099552213246;1.84416520409481e-20;4.35540070910306e-20;;hypothetical protein;Up in serum
AENJPLPP_02502;8275.87749974391;0.572545830335393;0.061915918237575;9.24715075917151;2.30556451510749e-20;5.44068384764425e-20;rnr;Ribonuclease R;Not significant
AENJPLPP_00945;44.2368679028732;4.92671013500645;0.532790150645783;9.24699927172996;2.30883343579623e-20;5.44398620650901e-20;;hypothetical protein;Up in serum
AENJPLPP_02614;353.922297517743;-1.12373865994591;0.121902919229714;-9.21830803599005;3.01825016648605e-20;7.11095832104156e-20;eriC;Chloride/fluoride channel protein;Down in serum
AENJPLPP_02589;854.123308705815;-0.942012847187702;0.102267500538201;-9.211263033028;3.22309778407386e-20;7.5874379524843e-20;;hypothetical protein;Not significant
AENJPLPP_00435;1337.61040764825;0.962921576303152;0.104627156123042;9.20336184203218;3.46922308449042e-20;8.16024040552189e-20;pyrF;Orotidine 5'-phosphate decarboxylase;Not significant
AENJPLPP_00437;428.502958859855;1.36114448629927;0.147928929069153;9.20134077130356;3.53510851938702e-20;8.30850363878531e-20;pyrK_1;Dihydroorotate dehydrogenase B (NAD(+))%2C electron transfer subunit;Up in serum
AENJPLPP_01356;276.061167513521;1.20101541063256;0.130848561771607;9.17866726520771;4.36459570711039e-20;1.02497602412141e-19;xerC_6;Tyrosine recombinase XerC;Up in serum
AENJPLPP_02238;1072.19279161681;0.797816040697974;0.0869822531603231;9.17217031878288;4.63589811435984e-20;1.08781106438484e-19;;hypothetical protein;Not significant
AENJPLPP_02841;400.287978443394;-0.944124838820504;0.102964364560181;-9.16943296696284;4.75513665508579e-20;1.11489194360788e-19;rpiR;HTH-type transcriptional regulator RpiR;Not significant
AENJPLPP_02178;40.9973055918342;4.26211189983412;0.465002923830518;9.16577441002836;4.91924829322257e-20;1.15244175622398e-19;;hypothetical protein;Up in serum
AENJPLPP_01141;3112.59950843174;-0.629576853151409;0.068700550611111;-9.16407288662382;4.99746879228107e-20;1.16982549221242e-19;murE;UDP-N-acetylmuramoyl-L-alanyl-D-glutamate--L-lysine ligase;Not significant
AENJPLPP_02602;495.188763478351;-0.912748305922871;0.099735803387989;-9.15166143869246;5.60645529719454e-20;1.3113251265406e-19;wbgU_2;UDP-N-acetylglucosamine 4-epimerase;Not significant
AENJPLPP_01065;16924.4186849125;0.461357511979863;0.0504132310286161;9.15151642865306;5.61398735490302e-20;1.31203299979756e-19;oatA;O-acetyltransferase OatA;Not significant
AENJPLPP_01814;469.986887662488;-1.3168629249617;0.143927040337875;-9.1495171572368;5.71885807130373e-20;1.33547030502297e-19;;hypothetical protein;Down in serum
AENJPLPP_00515;10086.753085154;0.488254251345747;0.0534470119526985;9.13529556671681;6.52283500548309e-20;1.52199483461272e-19;addA;ATP-dependent helicase/nuclease subunit A;Not significant
AENJPLPP_01759;1131.32894005927;-0.703272164931513;0.0773278849326714;-9.09467736695301;9.48677110805174e-20;2.21180764344649e-19;;hypothetical protein;Not significant
AENJPLPP_01099;3717.59963196428;0.566921561353288;0.0624025586964644;9.08490890751581;1.03785552863141e-19;2.41778823949974e-19;yhaM;3'-5' exoribonuclease YhaM;Not significant
AENJPLPP_00028;188.951509262762;1.30726555933468;0.14389983000538;9.08455249242339;1.0412613994805e-19;2.42378352940625e-19;;hypothetical protein;Up in serum
AENJPLPP_01612;3160.35113924522;0.533029704519763;0.0586755421329401;9.08435926015115;1.04311252515436e-19;2.42615309364975e-19;alr;Alanine racemase;Not significant
AENJPLPP_02531;4072.69592969336;0.594001692287535;0.0656064451350618;9.05401429790447;1.37806772180928e-19;3.20266018029418e-19;ftsE;Cell division ATP-binding protein FtsE;Not significant
AENJPLPP_00466;6600.41918166194;-0.498318277618388;0.0550405039694678;-9.05366487732045;1.38248640272642e-19;3.21036714891494e-19;rlmL;Ribosomal RNA large subunit methyltransferase L;Not significant
AENJPLPP_02387;992.054064785384;-0.788406116271876;0.0871710351947471;-9.0443587656211;1.50546141110804e-19;3.49315030210886e-19;;hypothetical protein;Not significant
AENJPLPP_02148;745.892127783928;0.781895173588052;0.086483252818411;9.04100098119342;1.5524363888546e-19;3.59927927097499e-19;xerC_9;Tyrosine recombinase XerC;Not significant
AENJPLPP_00615;6493.08963624079;-0.496710735947843;0.0550566531423871;-9.02181130885769;1.85004671790583e-19;4.28586797338249e-19;agaA_1;N-acetylgalactosamine-6-phosphate deacetylase;Not significant
AENJPLPP_01652;698.639228450173;-0.794244077579472;0.0880406182438076;-9.02133689452295;1.8580772622685e-19;4.30105006973441e-19;;hypothetical protein;Not significant
AENJPLPP_02893;110.649871565937;1.7471881198788;0.193796685638122;9.01557275928513;1.95844371654574e-19;4.52977609418682e-19;;hypothetical protein;Up in serum
AENJPLPP_02127;4654.80491048342;0.62765189606876;0.0696216207388248;9.01518650970943;1.96535751635657e-19;4.54215959335741e-19;yggS;Pyridoxal phosphate homeostasis protein;Not significant
AENJPLPP_00965;41.663918107544;4.83859417750782;0.536762642406201;9.01440188873309;1.97947643626684e-19;4.57116207962652e-19;;hypothetical protein;Up in serum
AENJPLPP_01602;400.856758110017;-1.08350528009623;0.120362282472111;-9.00203334335476;2.21575241319452e-19;5.11273456990685e-19;;hypothetical protein;Down in serum
AENJPLPP_01934;1651.10674881678;-0.639429315657396;0.071171859879575;-8.98429964791324;2.60387318757818e-19;6.00354609835918e-19;;hypothetical protein;Not significant
AENJPLPP_02853;1515.22057974802;0.604709902744155;0.0673108503337818;8.98383989721586;2.61478123026691e-19;6.02392637858959e-19;agaS;D-galactosamine-6-phosphate deaminase AgaS;Not significant
AENJPLPP_01264;687.59114867573;1.02658897008437;0.114280412521988;8.98307021675169;2.63314381524521e-19;6.06143461659608e-19;;hypothetical protein;Up in serum
AENJPLPP_02377;1220.53411452311;0.684883157109667;0.0763554890392001;8.96966499367262;2.97417634847505e-19;6.84107545557609e-19;;Phosphorylated carbohydrates phosphatase;Not significant
AENJPLPP_01351;663.445119452506;0.769796817109916;0.0858408153217854;8.96772490130986;3.02701954242704e-19;6.9571277881196e-19;ssaB_1;Manganese ABC transporter substrate-binding lipoprotein;Not significant
AENJPLPP_02622;2582.2087209518;-0.542386291136626;0.0604909411841146;-8.96640522563171;3.0634931623782e-19;7.03540385555625e-19;dinG_2;3'-5' exonuclease DinG;Not significant
AENJPLPP_01943;177.961005902778;1.34512504390633;0.150270830631403;8.95133831532328;3.51198221926101e-19;8.05901672378887e-19;;hypothetical protein;Up in serum
AENJPLPP_01553;401.578177582766;-1.044532300337;0.1170602917738;-8.92302833445339;4.53708621337486e-19;1.04031457112973e-18;yohK;Inner membrane protein YohK;Down in serum
AENJPLPP_01437;2496.50856328526;0.708573648022193;0.0794150381352526;8.92241148100204;4.56243517032904e-19;1.04530379354824e-18;;hypothetical protein;Not significant
AENJPLPP_02195;41.0987910001408;3.45372548791316;0.387536275677145;8.91200567450994;5.01175690432574e-19;1.14734560577017e-18;;hypothetical protein;Up in serum
AENJPLPP_01140;150.430403882812;1.42688372323711;0.160137687854487;8.91035547193413;5.08692018029889e-19;1.16363798625533e-18;;hypothetical protein;Up in serum
AENJPLPP_02542;9301.44069882519;0.500386128918134;0.0561901038072198;8.90523588699688;5.32726446424995e-19;1.21766044897142e-18;;hypothetical protein;Not significant
AENJPLPP_00890;334.384702088754;-1.02281668542798;0.11489365614966;-8.90229034138887;5.47059436636144e-19;1.24944084665447e-18;wbbD_2;UDP-Gal:alpha-D-GlcNAc-diphosphoundecaprenol beta-1%2C3-galactosyltransferase;Down in serum
AENJPLPP_02113;9805.73504760906;0.477077403518071;0.0536093422490117;8.89914674390294;5.62776470481144e-19;1.2843300015996e-18;recN;DNA repair protein RecN;Not significant
AENJPLPP_01352;359.932282491753;1.01413547030584;0.114088559772618;8.88901983097204;6.16503263235672e-19;1.40583986103546e-18;mntD;Manganese transport system membrane protein MntD;Up in serum
AENJPLPP_00634;1232.61601175839;0.659525603747444;0.0742298617993696;8.88490949275948;6.39728281665357e-19;1.45765943365377e-18;opuCA_1;Carnitine transport ATP-binding protein OpuCA;Not significant
AENJPLPP_00354;181.926974733237;1.36895766762166;0.154791626264992;8.84387418527471;9.24557133726045e-19;2.10501201986727e-18;ohrA;Organic hydroperoxide resistance protein OhrA;Up in serum
AENJPLPP_01564;444.264582009743;-0.871236477989972;0.09857353029203;-8.83844248459888;9.70621842169131e-19;2.20816469093477e-18;;hypothetical protein;Not significant
AENJPLPP_00013;810.107116255976;0.742547569133488;0.0841118328468513;8.82809878231402;1.06470005605968e-18;2.42030176678048e-18;ybaK_1;Cys-tRNA(Pro)/Cys-tRNA(Cys) deacylase YbaK;Not significant
AENJPLPP_01653;206.026139122842;1.21675931196125;0.137869437406932;8.82544626892103;1.09024179409492e-18;2.47643065866179e-18;;hypothetical protein;Up in serum
AENJPLPP_00338;5509.02069644777;0.642406635303804;0.0728161021028242;8.82231562459437;1.12116704606848e-18;2.54469091048435e-18;;hypothetical protein;Not significant
AENJPLPP_00359;46.3747243320516;3.0494507204558;0.345663578561783;8.82201918160942;1.1241398969517e-18;2.5494512304699e-18;;hypothetical protein;Up in serum
AENJPLPP_01251;47.0837949774956;-3.03754596547363;0.345230521947125;-8.79860201334937;1.38531037725368e-18;3.13931814674141e-18;sigH;RNA polymerase sigma-H factor;Down in serum
AENJPLPP_00105;239.596737824682;1.15386925312222;0.131199912041489;8.79474105712308;1.43378243938898e-18;3.24663644129137e-18;;hypothetical protein;Up in serum
AENJPLPP_01579;1597.52598486424;0.834159525144032;0.0949641743999956;8.7839391056094;1.57847168273265e-18;3.57149148416276e-18;cycA;D-serine/D-alanine/glycine transporter;Not significant
AENJPLPP_01155;535.64801507282;-0.830772179689659;0.0946765568016105;-8.77484572480278;1.71138319685099e-18;3.86921418418486e-18;;hypothetical protein;Not significant
AENJPLPP_00541;2624.20205978587;0.530660538705752;0.0606330324707474;8.7520039338585;2.09597093877526e-18;4.73504063127506e-18;dinG_1;3'-5' exonuclease DinG;Not significant
AENJPLPP_01263;1589.61256005846;-0.601648637734496;0.0688457348313768;-8.73908368046485;2.35008752601099e-18;5.30500377964651e-18;;hypothetical protein;Not significant
AENJPLPP_01908;6574.38206346859;0.503165016853162;0.0575879129970659;8.73733724086855;2.38669191202096e-18;5.38345999055387e-18;topB_2;DNA topoisomerase 3;Not significant
AENJPLPP_00440;2074.69683963109;1.75573100387773;0.200999392970426;8.73500649893034;2.43642122437238e-18;5.49137662954517e-18;carA;Carbamoyl-phosphate synthase small chain;Up in serum
AENJPLPP_00343;209.748137720132;-1.21913937764377;0.139823715133751;-8.71911732911387;2.80378910648371e-18;6.31448869147763e-18;;hypothetical protein;Down in serum
AENJPLPP_02410;664.211024167119;0.747793006208589;0.0859276789639537;8.70258588646721;3.24405952623502e-18;7.30038743461853e-18;;hypothetical protein;Not significant
AENJPLPP_01586;1922.63730611353;0.572354703240096;0.0657874879989314;8.70005407790297;3.31726055350529e-18;7.45935346085514e-18;nadR;Transcription repressor NadR;Not significant
AENJPLPP_00280;111.865282541244;1.60973211918733;0.185168213368404;8.69335017012162;3.51905644823327e-18;7.90701572319079e-18;;hypothetical protein;Up in serum
AENJPLPP_01531;2359.92365535847;-0.543961851706759;0.0626110040042109;-8.68795925505642;3.69008081475703e-18;8.2849000251137e-18;rnc;Ribonuclease 3;Not significant
AENJPLPP_02641;59.3079545143654;2.64013560556961;0.304214401322278;8.67853590788;4.00895979236646e-18;8.99390671446159e-18;;hypothetical protein;Up in serum
AENJPLPP_03137;229.570373544697;1.15624664064677;0.133430037893843;8.66556480757862;4.49280042967945e-18;1.0071620362761e-17;;hypothetical protein;Up in serum
AENJPLPP_00342;730.270030773736;0.727146383564058;0.0840269392512019;8.6537292687792;4.98433657993537e-18;1.11649139390552e-17;;hypothetical protein;Not significant
AENJPLPP_00852;467.893248718448;-0.943615556916933;0.109187723066697;-8.6421397059496;5.51699093604733e-18;1.234856080382e-17;;Acetyltransferase;Not significant
AENJPLPP_02263;2874.90946422708;0.591271999742655;0.068712952063316;8.60495702757501;7.63453573561917e-18;1.70750906775138e-17;;hypothetical protein;Not significant
AENJPLPP_02577;1564.90057151095;0.56626078229;0.0660068886231475;8.57881342541303;9.5856811079844e-18;2.14224891684195e-17;ybeY;Endoribonuclease YbeY;Not significant
AENJPLPP_02558;3396.69016506429;-0.710907289838478;0.0829106129216887;-8.57438227491996;9.96200251942088e-18;2.22464350740442e-17;mntH;Divalent metal cation transporter MntH;Not significant
AENJPLPP_00648;14756.2833184299;-0.510646375780224;0.0595992022550542;-8.56800689369831;1.05291495766386e-17;2.349492993653e-17;parC;DNA topoisomerase 4 subunit A;Not significant
AENJPLPP_02280;81.0796348601436;-1.95213840353302;0.22797506185561;-8.56294713835595;1.10018384457291e-17;2.45308985864955e-17;;hypothetical protein;Down in serum
AENJPLPP_02198;155.154521439599;1.37678278582765;0.160906316715831;8.55642471923039;1.16421802851497e-17;2.59388133055516e-17;;hypothetical protein;Up in serum
AENJPLPP_02770;98.5032127869684;1.7245295495881;0.202004278588245;8.53709417266003;1.37639373893682e-17;3.06426496007952e-17;;hypothetical protein;Up in serum
AENJPLPP_02764;273.330281237715;1.07828980739643;0.126827452906377;8.50202209920918;1.86316331210284e-17;4.14479111141593e-17;;hypothetical protein;Up in serum
AENJPLPP_01210;243.786510088992;-1.08643064312206;0.12785355716179;-8.49746121453048;1.93782219232473e-17;4.30758643057222e-17;;hypothetical protein;Down in serum
AENJPLPP_00761;134.898247336022;1.43531593439029;0.169076953771835;8.489128189092;2.08192978321804e-17;4.62439323320438e-17;;hypothetical protein;Up in serum
AENJPLPP_01811;840.8381745767;-1.02048259832128;0.120291125561943;-8.48344043298346;2.18631165959232e-17;4.85254539080246e-17;;hypothetical protein;Down in serum
AENJPLPP_03018;62.7763328245584;2.26311654850158;0.267041123127394;8.47478666206005;2.3551072281236e-17;5.22320810989788e-17;;hypothetical protein;Up in serum
AENJPLPP_00053;154.255153364154;1.39146511249713;0.164680624471549;8.44947677944666;2.92611188890772e-17;6.48465587557023e-17;;hypothetical protein;Up in serum
AENJPLPP_01667;2926.17457640442;-0.592778858662362;0.0701869533115085;-8.44571292376022;3.02195487134907e-17;6.69196394324601e-17;;hypothetical protein;Not significant
AENJPLPP_02372;526.309981640334;-0.837964880004015;0.0992311898868869;-8.44457151989417;3.05162688909542e-17;6.75253609501965e-17;thiI_1;putative tRNA sulfurtransferase;Not significant
AENJPLPP_02088;128.486295360815;-1.50773597753777;0.178557559516718;-8.4439772901164;3.06718810947111e-17;6.7818160780409e-17;;hypothetical protein;Down in serum
AENJPLPP_01804;384.487010269246;-0.956906449350158;0.113332981174229;-8.44331843595542;3.0845331880317e-17;6.81499290102299e-17;yecD;Isochorismatase family protein YecD;Not significant
AENJPLPP_02339;59.0919131953269;-2.35245081133006;0.278643085155519;-8.44252356026378;3.10558801932902e-17;6.85630956200615e-17;;hypothetical protein;Down in serum
AENJPLPP_01469;7465.0252063233;0.52521692276573;0.0622192066271604;8.44139537029163;3.13571537851545e-17;6.91757816836136e-17;deoD;Purine nucleoside phosphorylase DeoD-type;Not significant
AENJPLPP_02102;554.224283524134;0.833872033516711;0.098907619561522;8.43081693011559;3.43260394403976e-17;7.56679991297788e-17;;hypothetical protein;Not significant
AENJPLPP_02151;824.808174204196;-0.7195294544723;0.0853793234776381;-8.42744384898709;3.53297716847612e-17;7.78217058593226e-17;;hypothetical protein;Not significant
AENJPLPP_01118;117.490611064679;1.57207992117809;0.187113729573826;8.4017347351191;4.39930720203718e-17;9.68313119601833e-17;uxaB;Altronate oxidoreductase;Up in serum
AENJPLPP_02291;327.551936962127;1.01041678938999;0.120378404697606;8.39367153874635;4.71191351529423e-17;1.03633626559946e-16;;hypothetical protein;Up in serum
AENJPLPP_02501;936.632819283332;0.663476316209868;0.0791788717840195;8.37946160712758;5.31703557152463e-17;1.16854396862488e-16;est;Carboxylesterase;Not significant
AENJPLPP_02598;424.711397839625;-0.938484302959746;0.112052555135723;-8.37539404454469;5.50394018107209e-17;1.20870843192171e-16;;hypothetical protein;Not significant
AENJPLPP_02336;3725.00563762075;-0.478323682318806;0.057149971894737;-8.36962235431748;5.78031813664939e-17;1.26844660240565e-16;;hypothetical protein;Not significant
AENJPLPP_02950;105.439732758863;1.58717903738585;0.189729991055867;8.36546203661863;5.98798086079461e-17;1.31302712851159e-16;;IS6 family transposase IS1216V;Up in serum
AENJPLPP_00468;633.74875555042;-0.78231972097639;0.0935370684719334;-8.36373999909065;6.07607419379781e-17;1.33134146368241e-16;;hypothetical protein;Not significant
AENJPLPP_02470;6445.10579614997;0.549780510909223;0.0657509944100661;8.36155431323872;6.18972889222542e-17;1.35522485219251e-16;ntpD;V-type sodium ATPase subunit D;Not significant
AENJPLPP_02600;636.187490806765;-0.752521899174999;0.0901492604992568;-8.34751050654711;6.97168306181708e-17;1.52528482915187e-16;;hypothetical protein;Not significant
AENJPLPP_01760;9142.13613278668;-0.479604494738871;0.0575812596897383;-8.32917684196377;8.14063882718874e-17;1.77969521507309e-16;tyrS1;Tyrosine--tRNA ligase 1;Not significant
AENJPLPP_01015;663.34025088214;-0.790543516925702;0.0949260407777016;-8.32799419894696;8.22235423752749e-17;1.79621121828057e-16;nagB;Glucosamine-6-phosphate deaminase;Not significant
AENJPLPP_00549;1513.49135841192;0.575029435711616;0.0690545508528264;8.32717653811341;8.27932341866938e-17;1.80630488610335e-16;yqeN;putative protein YqeN;Not significant
AENJPLPP_00566;1052.48845650585;-0.718031772767782;0.0862277620832128;-8.32715305860375;8.28096505133232e-17;1.80630488610335e-16;cysQ;3'(2')%2C5'-bisphosphate nucleotidase CysQ;Not significant
AENJPLPP_01124;6430.71490373684;-0.705876054592757;0.0847913014327711;-8.32486402101551;8.44255993804978e-17;1.8401747409881e-16;;hypothetical protein;Not significant
AENJPLPP_02024;945.1403259903;0.642024383533495;0.077160409965226;8.32064505389276;8.74858734225491e-17;1.90545148396756e-16;acuI;putative acrylyl-CoA reductase AcuI;Not significant
AENJPLPP_02798;168.474974447342;1.30431504647408;0.156824552691357;8.31703342423094;9.01923241116121e-17;1.96293010323628e-16;topB_3;DNA topoisomerase 3;Up in serum
AENJPLPP_02106;4560.4624504853;0.702229052604407;0.0845000908157972;8.31039405786208;9.538478944525e-17;2.07438765395495e-16;nusB;Transcription antitermination protein NusB;Not significant
AENJPLPP_01956;206.56384644772;1.15981956335849;0.13996172233303;8.28669113258533;1.16442505827921e-16;2.53045206694705e-16;bglF_2;PTS system beta-glucoside-specific EIIBCA component;Up in serum
AENJPLPP_01383;549.876321914933;-0.820439232421717;0.0991508890697202;-8.27465330991441;1.28829912272699e-16;2.7975593179575e-16;;hypothetical protein;Not significant
AENJPLPP_00702;2049.90750016497;-0.5801841247766;0.0703021275639005;-8.25272498686824;1.54823054033992e-16;3.35949875817426e-16;cvfB;Conserved virulence factor B;Not significant
AENJPLPP_01523;8707.41910405515;-0.500573064244144;0.0606766531474093;-8.24984632932934;1.58598334788706e-16;3.43885592631952e-16;plsX;Phosphate acyltransferase;Not significant
AENJPLPP_02892;92.3447860483005;1.72195422670588;0.208841151488432;8.24528218903863;1.64770904774797e-16;3.5700362701206e-16;;hypothetical protein;Up in serum
AENJPLPP_01232;7325.5697778368;-0.507238827290766;0.0615418151673959;-8.24218177366168;1.69098402427938e-16;3.66107470535432e-16;prs;Ribose-phosphate pyrophosphokinase;Not significant
AENJPLPP_00393;423.351767826914;0.842068315570818;0.102503520960601;8.21501844697099;2.12131645810734e-16;4.5893562600361e-16;sasA_1;Adaptive-response sensory-kinase SasA;Not significant
AENJPLPP_03136;160.955944569181;1.42414527849038;0.173471467564499;8.20968023436396;2.21778327255929e-16;4.79449509257065e-16;;hypothetical protein;Up in serum
AENJPLPP_02144;33.0901956860402;4.32999965397393;0.527679223699386;8.2057421620994;2.29170766104921e-16;4.95063257342382e-16;;hypothetical protein;Up in serum
AENJPLPP_02145;374.346190398051;0.948622115207964;0.11564335336307;8.2029972983376;2.34466470320504e-16;5.06127769883846e-16;eis_2;N-acetyltransferase Eis;Not significant
AENJPLPP_01129;120.21336610052;-1.52303504129461;0.185767095943775;-8.19862653047868;2.43149048028672e-16;5.24481502118142e-16;;hypothetical protein;Down in serum
AENJPLPP_02037;133.25802982786;-1.55779026443006;0.190078639473769;-8.19550407527528;2.49545169320644e-16;5.37879743198902e-16;gmuE_3;Putative fructokinase;Down in serum
AENJPLPP_01755;59.10773288523;-2.2041451099743;0.270080478765059;-8.16106784189932;3.3207557772138e-16;7.15239705861433e-16;;Multidrug efflux system ATP-binding protein;Down in serum
AENJPLPP_02586;1095.53911915053;-0.697761202145205;0.0856968086268878;-8.1422075492118;3.88135161080965e-16;8.35365549939223e-16;ywqD;Tyrosine-protein kinase YwqD;Not significant
AENJPLPP_02774;73.8558239445801;1.90977284770387;0.234809132339635;8.13329885713951;4.17763003915633e-16;8.98468144314862e-16;;hypothetical protein;Up in serum
AENJPLPP_02625;7261.84447189803;-0.497678112646393;0.0613296900109608;-8.11479908927386;4.8658917632065e-16;1.04571784608541e-15;asnS;Asparagine--tRNA ligase;Not significant
AENJPLPP_02543;1880.78132070235;0.593390488476991;0.0734011022152222;8.08421768295914;6.25644961247456e-16;1.34356794037802e-15;;hypothetical protein;Not significant
AENJPLPP_02118;7857.8010320068;0.531864127286305;0.065851258279174;8.07674965042409;6.65159073627436e-16;1.4273715714098e-15;rsmH;Ribosomal RNA small subunit methyltransferase H;Not significant
AENJPLPP_02820;197.96156122976;-1.12322230939266;0.139204049943522;-8.06889102614742;7.09395457649052e-16;1.52117788856704e-15;;hypothetical protein;Down in serum
AENJPLPP_01443;200.74230380332;-1.22996200040579;0.152647226832703;-8.05754566215474;7.78415195161591e-16;1.66795073459202e-15;;hypothetical protein;Down in serum
AENJPLPP_02632;65.8441121871671;1.96030795988407;0.244849018946167;8.00619078778123;1.18316122494159e-15;2.5333569757573e-15;;hypothetical protein;Up in serum
AENJPLPP_02729;108.148868107064;1.51151749001165;0.188854154407802;8.00362319140596;1.20810700350263e-15;2.58486965040386e-15;;hypothetical protein;Up in serum
AENJPLPP_02129;16766.471329403;0.462034453595328;0.0577548987100137;7.99991799682992;1.24502099119557e-15;2.66189510011857e-15;;hypothetical protein;Not significant
AENJPLPP_01257;15670.1254551896;-0.459035221786867;0.0575000335297561;-7.98321659324457;1.42568417136637e-15;3.04592245562646e-15;gltX;Glutamate--tRNA ligase;Not significant
AENJPLPP_02060;464.20456715423;-0.780131202077951;0.0977319584594246;-7.98235515153253;1.43567236696439e-15;3.06501314706767e-15;larR;Lactate racemization regulatory protein;Not significant
AENJPLPP_00865;670.686262055698;0.765800151054825;0.0959519094646291;7.98108297508266;1.45054910581183e-15;3.09450475906524e-15;ghrB_1;Glyoxylate/hydroxypyruvate reductase B;Not significant
AENJPLPP_01775;111.792854440121;-1.47660452654243;0.185176789968269;-7.97402593918738;1.53587283357528e-15;3.27413008153091e-15;padC;Phenolic acid decarboxylase PadC;Down in serum
AENJPLPP_00165;3070.73949873222;0.513285211115779;0.0644931429529682;7.95875635166507;1.73777049849423e-15;3.70181981829935e-15;yvcJ;Nucleotide-binding protein YvcJ;Not significant
AENJPLPP_01244;3405.43310977674;-0.481711617346343;0.0606319539232436;-7.94484733175779;1.94430095757471e-15;4.13874589799529e-15;pgsA;CDP-diacylglycerol--glycerol-3-phosphate 3-phosphatidyltransferase;Not significant
AENJPLPP_01623;548.55414571766;0.743231540999856;0.0936304613938536;7.93792458069255;2.05592280155267e-15;4.37315354135966e-15;opuCC;Glycine betaine/carnitine/choline-binding protein OpuCC;Not significant
AENJPLPP_02615;1408.47955631508;0.550903842297131;0.0694064124239662;7.93736231361387;2.06526102288862e-15;4.38981029098661e-15;;hypothetical protein;Not significant
AENJPLPP_02890;181.835607698307;1.15669232926297;0.14593317567337;7.92617801898518;2.25993558544455e-15;4.80009658994496e-15;btuD_6;Vitamin B12 import ATP-binding protein BtuD;Up in serum
AENJPLPP_01269;351.57852412835;0.873624312896623;0.110223767886999;7.92591588587552;2.26470857199949e-15;4.80672839771319e-15;msr(C);ABC-F type ribosomal protection protein Msr(C);Not significant
AENJPLPP_01036;85.5699259445296;1.67529605886277;0.211418282359014;7.92408319739309;2.2983570837975e-15;4.87459273708544e-15;lnrL;Linearmycin resistance ATP-binding protein LnrL;Up in serum
AENJPLPP_00924;47.5131337304266;2.41437552937634;0.304712950317757;7.92344246235221;2.31023686797452e-15;4.89622253241761e-15;;hypothetical protein;Up in serum
AENJPLPP_00905;2337.01560864428;-0.700152109499391;0.0883867851203985;-7.92145690722499;2.34743614106057e-15;4.97144294019517e-15;;hypothetical protein;Not significant
AENJPLPP_02450;582.024555097641;-0.739685938542182;0.0934895326359915;-7.9119653044176;2.53357010821906e-15;5.36174139181243e-15;;hypothetical protein;Not significant
AENJPLPP_01792;1599.23325559767;-0.562395693166162;0.0711568544736119;-7.9036053142951;2.70950028954633e-15;5.72989458471961e-15;;hypothetical protein;Not significant
AENJPLPP_02477;1622.5862618215;-0.597805485290677;0.0756891018582829;-7.89817121109434;2.83025211976831e-15;5.98091013988775e-15;yidA_3;Sugar phosphatase YidA;Not significant
AENJPLPP_02533;1428.95380820284;0.532672047672343;0.0675420922035121;7.88651980260459;3.10730266668541e-15;6.56161375300066e-15;clsA_2;Major cardiolipin synthase ClsA;Not significant
AENJPLPP_01584;774.454289411272;-0.674224203913744;0.0854999877468119;-7.88566433378096;3.12866559772269e-15;6.60193784099166e-15;cobB;NAD-dependent protein deacetylase;Not significant
AENJPLPP_01382;1559.77342071347;-0.578272217200942;0.073341683701691;-7.88463242203436;3.15462719536118e-15;6.65190035690931e-15;hepT;Heptaprenyl diphosphate synthase component 2;Not significant
AENJPLPP_00258;2730.35029549449;-0.505002760935156;0.0640868763323877;-7.8799715298332;3.27455681218279e-15;6.89978975186418e-15;clpB;Chaperone protein ClpB;Not significant
AENJPLPP_03124;940.203518576754;0.666092683286984;0.0845670413931043;7.87650451421963;3.36666765186985e-15;7.088746350141e-15;soj_3;Sporulation initiation inhibitor protein Soj;Not significant
AENJPLPP_00050;85.329708386477;1.72643201893524;0.21936653017503;7.87007943991155;3.544161307009e-15;7.45707928179929e-15;;hypothetical protein;Up in serum
AENJPLPP_00196;4614.03745263414;-0.449245134099879;0.0570838299744055;-7.86991928014125;3.54870144200501e-15;7.4612408657896e-15;pcrA;ATP-dependent DNA helicase PcrA;Not significant
AENJPLPP_00101;431.517713562083;-0.873603667043921;0.111021797874468;-7.86875806165292;3.58179083512692e-15;7.52537872430706e-15;gluP;Rhomboid protease GluP;Not significant
AENJPLPP_00110;1584.8881846765;-0.57313312175175;0.0728734574498872;-7.86477191844337;3.69770544483003e-15;7.76331525259196e-15;melR_1;HTH-type transcriptional repressor MelR;Not significant
AENJPLPP_03056;54.8436462855069;2.18745939161653;0.278672506794212;7.8495701523648;4.1746561063381e-15;8.7583563268419e-15;;IS6 family transposase IS1216E;Up in serum
AENJPLPP_02877;117.891185679128;-1.43990813646117;0.183507485606097;-7.84659073555164;4.27499483084189e-15;8.96240816948279e-15;;ISL3 family transposase IS1476;Down in serum
AENJPLPP_02937;210.482496619764;1.0778082545417;0.137485252967346;7.83944627717777;4.52537516432994e-15;9.48049818599193e-15;bglF_4;PTS system beta-glucoside-specific EIIBCA component;Up in serum
AENJPLPP_00758;282.729347780926;0.930909044881992;0.119057441353754;7.81899085262541;5.32484793231674e-15;1.11473452041023e-14;;hypothetical protein;Not significant
AENJPLPP_00906;2113.59789719201;-0.802308258367834;0.102673208213704;-7.81419293627129;5.53163094492464e-15;1.15719176089228e-14;tagO;putative undecaprenyl-phosphate N-acetylglucosaminyl 1-phosphate transferase;Not significant
AENJPLPP_01519;5634.90928823163;-0.600263502880907;0.0768427536946836;-7.81158240718326;5.64744062121983e-15;1.18057050172234e-14;rpmB;50S ribosomal protein L28;Not significant
AENJPLPP_01566;4872.16590911412;-0.51952164732609;0.0666256585315041;-7.79762119845213;6.30850391570413e-15;1.31781659989458e-14;mutL;DNA mismatch repair protein MutL;Not significant
AENJPLPP_00239;2941.86353164121;0.535649254215891;0.0688151942702246;7.78388057893864;7.03331516951997e-15;1.46817303036861e-14;;hypothetical protein;Not significant
AENJPLPP_00709;238.584692472786;1.04563497805126;0.134409157182474;7.77949211177411;7.2816285658135e-15;1.51891850885737e-14;;hypothetical protein;Up in serum
AENJPLPP_02351;5530.80409142153;-0.61623434570519;0.0792236707206462;-7.77841193294512;7.34405989765752e-15;1.53084484051386e-14;;Putative peptidyl-prolyl cis-trans isomerase;Not significant
AENJPLPP_01025;1686.51271828496;0.548089299612371;0.0706882131821573;7.75361654990476;8.93117425959858e-15;1.86034187724972e-14;sdhA;L-serine dehydratase%2C alpha chain;Not significant
AENJPLPP_02261;518.333188819582;0.755242551692123;0.0975618920239277;7.74116344019747;9.85111650430307e-15;2.05049687351898e-14;queH;Epoxyqueuosine reductase QueH;Not significant
AENJPLPP_01923;1938.15609849419;0.546986156754;0.0706867474899074;7.73817124393931;1.00856947928245e-14;2.0978245169075e-14;iscU;Iron-sulfur cluster assembly scaffold protein IscU;Not significant
AENJPLPP_00422;2231.28421239274;0.644129235299349;0.0833484128544021;7.72815238155226;1.09118682148237e-14;2.2680485540019e-14;;hypothetical protein;Not significant
AENJPLPP_02035;204.491748776498;-1.05140878679808;0.136265595760466;-7.71587854535419;1.20151687768008e-14;2.49558997703594e-14;;hypothetical protein;Down in serum
AENJPLPP_02851;240.882300880832;1.02517776445311;0.132951770554369;7.71089967571267;1.24933847999414e-14;2.593067465248e-14;;hypothetical protein;Up in serum
AENJPLPP_02123;2669.23372882281;-0.575640481020971;0.0746853640915028;-7.70754066774998;1.28265439704811e-14;2.6603202309146e-14;murG;UDP-N-acetylglucosamine--N-acetylmuramyl-(pentapeptide) pyrophosphoryl-undecaprenol N-acetylglucosamine transferase;Not significant
AENJPLPP_01793;967.435099293602;-0.631915853063721;0.0821638454943019;-7.69092353531024;1.4607672088532e-14;3.02758299799325e-14;;hypothetical protein;Not significant
AENJPLPP_02381;1818.43640564585;-0.713459708130066;0.0927946570536098;-7.68858607578971;1.48769916017438e-14;3.08120907142802e-14;;hypothetical protein;Not significant
AENJPLPP_00132;9427.34763608287;-0.416989800312125;0.0542506672929448;-7.68635338733157;1.51387987397915e-14;3.13320411729018e-14;polC_1;DNA polymerase III PolC-type;Not significant
AENJPLPP_00130;4078.70161792215;-0.546672940983877;0.0715026737031726;-7.64548949950135;2.08151939102339e-14;4.30496055870747e-14;rasP;Regulator of sigma-W protease RasP;Not significant
AENJPLPP_02179;44.852969674232;2.38506794912094;0.312252078525086;7.63827725466792;2.20147404966887e-14;4.54981719846398e-14;;hypothetical protein;Up in serum
AENJPLPP_01754;78.2337030077247;-1.86849838178622;0.244647167851815;-7.63752304264557;2.21440417924474e-14;4.57329430493665e-14;;Multidrug efflux system permease protein;Down in serum
AENJPLPP_01073;951.024363581833;-0.645460844262222;0.0847544176658719;-7.61566018666812;2.62347056465137e-14;5.41044354409687e-14;rsmE;Ribosomal RNA small subunit methyltransferase E;Not significant
AENJPLPP_01624;180.774229548464;1.14256162211539;0.150026394696668;7.6157373802489;2.62190299409064e-14;5.41044354409687e-14;opuCB;Carnitine transport permease protein OpuCB;Up in serum
AENJPLPP_00604;1307.57567237357;0.746693284591417;0.0981707837777213;7.60606420625187;2.82568950346375e-14;5.82336010904915e-14;;hypothetical protein;Not significant
AENJPLPP_02353;691.436110196608;-0.680861862521487;0.0895373545073725;-7.60422134725262;2.86624323641996e-14;5.90275834827082e-14;yugI;General stress protein 13;Not significant
AENJPLPP_00049;58.3508782148325;1.99447699196175;0.262530587996962;7.59712232840779;3.02788289770369e-14;6.23123321421423e-14;;hypothetical protein;Up in serum
AENJPLPP_01322;85.3262553730344;-1.61932155568768;0.213356045344179;-7.58976176688805;3.20494189749043e-14;6.59095395868089e-14;;hypothetical protein;Down in serum
AENJPLPP_02384;666.620148026515;0.697016904324033;0.0919342894340224;7.58168588254825;3.41093300623376e-14;7.00962379262717e-14;;hypothetical protein;Not significant
AENJPLPP_02170;47.3738964235619;2.30057190958729;0.303552719537359;7.57882160665061;3.48707587368861e-14;7.16104721028296e-14;;hypothetical protein;Up in serum
AENJPLPP_00357;47.6174581788732;2.31127555347139;0.305161079683589;7.57395260191068;3.62036550451112e-14;7.42953090143509e-14;bbmA;Intracellular maltogenic amylase;Up in serum
AENJPLPP_00198;2017.18135816193;-0.768216608515314;0.101554768202002;-7.56455479261458;3.89195261563524e-14;7.98124367375339e-14;gatC_1;Glutamyl-tRNA(Gln) amidotransferase subunit C;Not significant
AENJPLPP_02708;2118.78627527517;-0.633283928596719;0.0837200437697274;-7.56430479585714;3.89944430040602e-14;7.9909794530488e-14;degA_3;HTH-type transcriptional regulator DegA;Not significant
AENJPLPP_02940;2485.55342043519;0.465856737727968;0.0616456823536194;7.5570051290156;4.12455710251599e-14;8.44635040965301e-14;bglH_3;Aryl-phospho-beta-D-glucosidase BglH;Not significant
AENJPLPP_02168;40.3965544845029;2.58594902672054;0.343223804269353;7.53429393461052;4.90984179761512e-14;1.00474064052391e-13;;hypothetical protein;Up in serum
AENJPLPP_02093;409.394972333028;0.815804689056753;0.10836043772653;7.52862120320706;5.12789058594596e-14;1.04862481645187e-13;udg;Type-4 uracil-DNA glycosylase;Not significant
AENJPLPP_00557;1060.71869072403;-0.559006072635201;0.0743565542447293;-7.51791255408834;5.56577066277753e-14;1.13737011719356e-13;rsmD;Ribosomal RNA small subunit methyltransferase D;Not significant
AENJPLPP_00004;276.11809205043;-0.975208468639448;0.129791608900131;-7.51364804630653;5.75020472242737e-14;1.17423535425726e-13;;hypothetical protein;Not significant
AENJPLPP_00523;474.199193648227;0.748462051180685;0.0999430228426051;7.48888746700605;6.9459862330156e-14;1.41742900564411e-13;;hypothetical protein;Not significant
AENJPLPP_02409;281.724198745282;0.967629810981133;0.129653571733148;7.46319440371997;8.44496040411428e-14;1.7221095726037e-13;;hypothetical protein;Not significant
AENJPLPP_02040;99.9791779245927;-1.48000647264613;0.198418654655839;-7.45900870668249;8.71758476887289e-14;1.77645954142462e-13;;hypothetical protein;Down in serum
AENJPLPP_01808;524.304472168259;0.742226182973087;0.0995337636355626;7.45702921162217;8.84950893544343e-14;1.80208181958121e-13;;hypothetical protein;Not significant
AENJPLPP_00418;87.2826902684847;1.56355770593461;0.209780004979814;7.4533209496542;9.10194973764525e-14;1.85219270691984e-13;;hypothetical protein;Up in serum
AENJPLPP_02245;1118.84666106586;-0.590248493009617;0.0794388937095452;-7.43022045558389;1.08416831286038e-13;2.20467746302335e-13;;Fatty acid ABC transporter ATP-binding/permease protein;Not significant
AENJPLPP_02101;6237.25505536009;0.472506171137645;0.0635940265617746;7.43004015760281;1.08564714457909e-13;2.20614409282227e-13;manZ_4;PTS system mannose-specific EIID component;Not significant
AENJPLPP_00472;43.0512191718706;-2.64017357158574;0.355511418648554;-7.4264100478745;1.11584718888459e-13;2.26593236682839e-13;;hypothetical protein;Down in serum
AENJPLPP_00243;641.96785600211;0.758976973089693;0.102276341252335;7.4208459531922;1.16374609183389e-13;2.36155304489219e-13;coaE;Dephospho-CoA kinase;Not significant
AENJPLPP_01307;166.342109923318;1.13603882497799;0.15314229393303;7.41819125077744;1.18730573348024e-13;2.40768405006577e-13;;hypothetical protein;Up in serum
AENJPLPP_02603;1031.80744581169;-0.689289557749747;0.093026235104033;-7.4096254350066;1.26656630113175e-13;2.56662565685153e-13;ugd;UDP-glucose 6-dehydrogenase;Not significant
AENJPLPP_01841;155.895752623549;-1.23457570691414;0.166869722584159;-7.39844045879263;1.37793150339343e-13;2.79035920575916e-13;galM;Aldose 1-epimerase;Down in serum
AENJPLPP_02778;118.216474212265;1.30618183250676;0.176910691844967;7.38328372855731;1.54432434705596e-13;3.12513724713479e-13;;hypothetical protein;Up in serum
AENJPLPP_00384;1325.05203413846;-0.623809509587165;0.0846631607557621;-7.3681339560041;1.73032878560306e-13;3.49910932199731e-13;;hypothetical protein;Not significant
AENJPLPP_02260;679.391564798198;0.635757682086727;0.0863496285470292;7.36259892236213;1.8036367370328e-13;3.6448231632474e-13;ntpJ_1;Potassium/sodium uptake protein NtpJ;Not significant
AENJPLPP_02655;3463.65335616089;0.442407067018058;0.0602095414047082;7.34779001295405;2.01510737503818e-13;4.06934304862079e-13;cbh_3;Choloylglycine hydrolase;Not significant
AENJPLPP_00562;5343.7917808396;-0.436240503658236;0.0594044262079099;-7.34356901506691;2.07972078513929e-13;4.19691401685766e-13;ftsW_2;putative peptidoglycan glycosyltransferase FtsW;Not significant
AENJPLPP_01580;5059.97063666259;0.457304192967237;0.0625160100930949;7.31499326790446;2.57394295585185e-13;5.19066612703641e-13;artM_2;Arginine transport ATP-binding protein ArtM;Not significant
AENJPLPP_01543;58.1468616304892;-1.94986933373229;0.266620955844632;-7.31326360883852;2.60730798470404e-13;5.25431200792953e-13;;hypothetical protein;Down in serum
AENJPLPP_02258;1411.59696929722;-0.495813139090401;0.0680120943229161;-7.29007309694537;3.0978690092121e-13;6.23858544593751e-13;gatD;Lipid II isoglutaminyl synthase (glutamine-hydrolyzing) subunit GatD;Not significant
AENJPLPP_02576;8800.07800227184;0.45049797753587;0.0618144478237502;7.28790749405969;3.14805992604319e-13;6.33528023817399e-13;pgpH;Cyclic-di-AMP phosphodiesterase PgpH;Not significant
AENJPLPP_01571;2497.55687880214;-0.507994005615927;0.0697531481911945;-7.28273947182294;3.27108568453151e-13;6.57831596226227e-13;ruvA;Holliday junction ATP-dependent DNA helicase RuvA;Not significant
AENJPLPP_02905;1988.91249367909;-0.471225283825206;0.0647734542977028;-7.27497535733427;3.46483694947233e-13;6.96315058444682e-13;;hypothetical protein;Not significant
AENJPLPP_02672;681.608241029104;0.628379778422393;0.0864616733335491;7.26772631381132;3.65588528755565e-13;7.34202617749107e-13;chrR;Quinone reductase;Not significant
AENJPLPP_02039;38.452291921322;-2.60193781856331;0.358851981289182;-7.2507271917959;4.14539895762884e-13;8.31936717065139e-13;;hypothetical protein;Down in serum
AENJPLPP_02281;365.78306655327;0.890007902989811;0.122883452648306;7.24269935299608;4.39841221992824e-13;8.82105811599933e-13;;hypothetical protein;Not significant
AENJPLPP_01603;656.306551792643;-0.631231956301924;0.0872290812649406;-7.2364852082379;4.60461859472518e-13;9.22825144379885e-13;;hypothetical protein;Not significant
AENJPLPP_02284;201.687689880588;-0.999437459420087;0.138417387183624;-7.22046182026421;5.18113153983639e-13;1.03765165364536e-12;yecS_2;L-cystine transport system permease protein YecS;Not significant
AENJPLPP_02553;11814.8731754219;-0.365337336246448;0.0506096183398011;-7.21873328096479;5.24740592933885e-13;1.05020247877902e-12;ccpA_2;Catabolite control protein A;Not significant
AENJPLPP_03049;135.082627402368;1.20642877332232;0.167138593923219;7.21813403477918;5.27057551865394e-13;1.05411510373079e-12;;hypothetical protein;Up in serum
AENJPLPP_00348;68.5300612740733;-1.71343055428142;0.237689684671822;-7.20868706038781;5.64939253209651e-13;1.12910302357344e-12;uxuA_3;Mannonate dehydratase;Down in serum
AENJPLPP_02346;2171.62693276904;-0.472553650095842;0.065606120726012;-7.20288968264634;5.89496665856242e-13;1.17737605690904e-12;;hypothetical protein;Not significant
AENJPLPP_00685;24116.7738724452;0.441773608315037;0.0613674099513807;7.1988309212502;6.07310012292209e-13;1.21212251939336e-12;ypfD;30S ribosomal protein S1 ;Not significant
AENJPLPP_02848;673.519196941471;-0.630130202210351;0.0875833303868114;-7.19463623302955;6.26275083442042e-13;1.24911852259125e-12;xerS;Tyrosine recombinase XerS;Not significant
AENJPLPP_02788;170.558962569379;1.06532821591131;0.148224308624706;7.18727060221035;6.60993266632648e-13;1.31746228092695e-12;;hypothetical protein;Up in serum
AENJPLPP_02624;5201.34773626984;-0.486641011976774;0.0677832198875056;-7.17937290061483;7.00318931348537e-13;1.39488969089394e-12;aspB;Asparagine--oxo-acid transaminase;Not significant
AENJPLPP_01404;1645.8439521851;0.539806028619834;0.0752570569617706;7.17282937192252;7.34633934465473e-13;1.46223787912745e-12;rcsC;Sensor histidine kinase RcsC;Not significant
AENJPLPP_02843;341.364660437239;-0.840706703874875;0.117420754702637;-7.15977942744391;8.0806973474047e-13;1.60730810625973e-12;glcB;PTS system glucoside-specific EIICBA component;Not significant
AENJPLPP_01644;393.614205681614;0.765781701891244;0.10697046582378;7.15881431378235;8.13778235769218e-13;1.61755783109895e-12;kduI1;4-deoxy-L-threo-5-hexosulose-uronate ketol-isomerase 1;Not significant
AENJPLPP_02466;5147.48778390922;0.495032382358588;0.0691854515188636;7.15515142982938;8.358060673944e-13;1.66020959635231e-12;ntpC;V-type sodium ATPase subunit C;Not significant
AENJPLPP_00203;62.6986257009696;-1.87743378766015;0.262548192205989;-7.15081590120857;8.62636182055546e-13;1.71233576151721e-12;;hypothetical protein;Down in serum
AENJPLPP_02002;1227.36214309681;-0.564877052274356;0.0793494330388427;-7.11885429600789;1.08827878970383e-12;2.15876555559779e-12;;hypothetical protein;Not significant
AENJPLPP_01220;5416.57857592821;-0.434092702463829;0.0613407133662518;-7.07674688867665;1.47577720252726e-12;2.92543445456731e-12;rsmB;Ribosomal RNA small subunit methyltransferase B;Not significant
AENJPLPP_00730;338.540050239401;-0.809703600753215;0.114429147574309;-7.07602580214451;1.48347252628122e-12;2.93868843301424e-12;gmuD_1;6-phospho-beta-glucosidase GmuD;Not significant
AENJPLPP_02569;339.185710776869;-0.796367482090432;0.112637880005306;-7.0701568784224;1.54758640375263e-12;3.0636108822078e-12;czrA;HTH-type transcriptional repressor CzrA;Not significant
AENJPLPP_01510;969.767701807936;-0.593650950467259;0.084001615345724;-7.0671373166335;1.58162428942571e-12;3.12886544212477e-12;;hypothetical protein;Not significant
AENJPLPP_01416;48.7973162733775;-2.09032038115502;0.295926156613621;-7.06365535603623;1.6217869332835e-12;3.20613954495692e-12;;hypothetical protein;Down in serum
AENJPLPP_01054;459.598701034353;-0.695542868460759;0.0984796134934227;-7.06281070556002;1.63167934943316e-12;3.22350764284218e-12;;hypothetical protein;Not significant
AENJPLPP_00254;1046.96363415224;0.52882668026647;0.0749113294542663;7.05936851099834;1.67260961908149e-12;3.30212827848494e-12;pepT;Peptidase T;Not significant
AENJPLPP_02575;2739.96381662272;0.506367713594436;0.0718583252561151;7.04675083631098;1.83143832519417e-12;3.61324417545082e-12;;PhoH-like protein;Not significant
AENJPLPP_01006;395.099337611391;-0.740266794234733;0.105224941639334;-7.03508866530947;1.9913433272575e-12;3.92606077791053e-12;;hypothetical protein;Not significant
AENJPLPP_01364;72.5221265085832;-1.74368859833556;0.247995044819712;-7.03114289885588;2.04848568284679e-12;4.03598803007433e-12;glxK;Glycerate kinase;Down in serum
AENJPLPP_02568;10630.798996313;-0.49551376541294;0.0705605701908671;-7.02253062967844;2.17885217353869e-12;4.28993747758261e-12;pgcA;Phosphoglucomutase;Not significant
AENJPLPP_02011;1141.29501208269;0.537414468398449;0.0765959012019862;7.01623011107693;2.27934548372819e-12;4.4847662490652e-12;exoA;Exodeoxyribonuclease;Not significant
AENJPLPP_02435;2363.3630100752;-0.442985761486429;0.0631392132076379;-7.01601649722239;2.28283112289866e-12;4.48859164745503e-12;;hypothetical protein;Not significant
AENJPLPP_02914;97.9564026391463;-1.42433497128521;0.20351451415793;-6.99868988302186;2.58367027400329e-12;5.07668545067313e-12;;hypothetical protein;Down in serum
AENJPLPP_00994;4396.47866709125;-0.433102022053681;0.0618997599678149;-6.99682878057806;2.61820923106291e-12;5.14108245506083e-12;walK_1;Sensor histidine kinase WalK;Not significant
AENJPLPP_02344;88.8632354125055;1.62455458180807;0.232396691436415;6.99043765109949;2.74030058098051e-12;5.37719359286742e-12;;hypothetical protein;Up in serum
AENJPLPP_02331;13700.248780334;0.403080417480267;0.0577149242058585;6.98398937582511;2.86913770044696e-12;5.62621480383943e-12;rnj2;Ribonuclease J 2;Not significant
AENJPLPP_03004;189.67811867186;-1.00035395508436;0.1434141068508;-6.97528281597201;3.05256111104472e-12;5.98186941814417e-12;;hypothetical protein;Down in serum
AENJPLPP_00287;253.805410626999;-0.861136765695376;0.123712200124476;-6.96080713809087;3.38328682409976e-12;6.62550856205683e-12;murR_1;HTH-type transcriptional regulator MurR;Not significant
AENJPLPP_01457;3966.7362709117;-0.428659541937103;0.0616287354531799;-6.95551415723532;3.51278501209909e-12;6.87448249679607e-12;coaA;Pantothenate kinase;Not significant
AENJPLPP_02143;27.6487460904029;5.42850904470786;0.781440792818522;6.94679506700458;3.73677902537783e-12;7.30792513223656e-12;;hypothetical protein;Up in serum
AENJPLPP_00303;244.242434350862;0.873028207160695;0.125748751248673;6.94263917924915;3.84841483307252e-12;7.5211973113471e-12;;hypothetical protein;Not significant
AENJPLPP_00944;23.5369194500272;4.35886633639676;0.628110465097105;6.93964927924404;3.93074566571455e-12;7.67694928139555e-12;;hypothetical protein;Up in serum
AENJPLPP_02192;31.7185947361195;6.05730460673869;0.874649615673076;6.92540704094103;4.34723722592482e-12;8.48468820502217e-12;;hypothetical protein;Up in serum
AENJPLPP_02326;8084.12093448205;-0.395047132753284;0.0571050042771415;-6.91790741904239;4.58363666062448e-12;8.94008704336134e-12;;hypothetical protein;Not significant
AENJPLPP_02218;4740.43766449887;-0.446074553460441;0.0645968460961306;-6.90551598752376;5.00212744651033e-12;9.74979593322496e-12;pncB2;Nicotinate phosphoribosyltransferase pncB2;Not significant
AENJPLPP_02124;6388.78477005012;-0.428450117308658;0.0621315358564939;-6.89585588706925;5.35414529058011e-12;1.04289438703473e-11;divIB;Cell division protein DivIB;Not significant
AENJPLPP_01518;4357.0052536005;0.398521542475413;0.0578255460785339;6.89179038506916;5.50945174909769e-12;1.07242804100083e-11;;hypothetical protein;Not significant
AENJPLPP_00199;4006.79462047045;-0.528312284059225;0.0766674512454908;-6.89095927250219;5.54174045647478e-12;1.07799253234833e-11;gatA_1;Glutamyl-tRNA(Gln) amidotransferase subunit A;Not significant
AENJPLPP_02638;74.8778976730146;1.63384845841326;0.237267203229533;6.88611167567339;5.73379853900906e-12;1.11460756646157e-11;;hypothetical protein;Up in serum
AENJPLPP_00104;1307.66884519594;-0.626205937201618;0.091416723408954;-6.85001511594631;7.38421855465542e-12;1.43447928159817e-11;yibN;putative protein YibN;Not significant
AENJPLPP_00399;36.1346009611498;-2.48901250501132;0.363404454297129;-6.84915244042726;7.42888022153445e-12;1.44219328034055e-11;;hypothetical protein;Down in serum
AENJPLPP_02066;3775.82886419007;-0.429628898530933;0.0627813929513077;-6.84325209006029;7.7415242664067e-12;1.50188665314965e-11;recR;Recombination protein RecR;Not significant
AENJPLPP_00227;992.496339245692;-0.545162376210025;0.0796912849031152;-6.84092842614857;7.86815632847652e-12;1.52543749857015e-11;gpmA_1;2%2C3-bisphosphoglycerate-dependent phosphoglycerate mutase;Not significant
AENJPLPP_01997;2203.74802140818;-0.458122668701343;0.0670591407439606;-6.83162151526079;8.39601274656372e-12;1.62669255608739e-11;pcp;Pyrrolidone-carboxylate peptidase;Not significant
AENJPLPP_01035;132.614568119979;1.13908237769274;0.167056313879642;6.81855328445359;9.19618677316868e-12;1.78053829012415e-11;;hypothetical protein;Up in serum
AENJPLPP_01049;724.049142428005;-0.583774995578574;0.0856196678301461;-6.8182347627963;9.21659456165165e-12;1.78330387797539e-11;yjbK;Putative triphosphatase YjbK;Not significant
AENJPLPP_02522;829.912623179983;0.556933890730858;0.0817353318920357;6.8138695694845;9.50078505494724e-12;1.83707078884504e-11;nagR_1;HTH-type transcriptional repressor NagR;Not significant
AENJPLPP_01074;977.15886872827;-0.565868975233664;0.0830523467859444;-6.81340139240268;9.53177018054486e-12;1.84106582627152e-11;prmA;Ribosomal protein L11 methyltransferase;Not significant
AENJPLPP_01508;1622.9414377248;0.449170776051254;0.0659249408479258;6.81336638719769;9.53409088604892e-12;1.84106582627152e-11;ecfT;Energy-coupling factor transporter transmembrane protein EcfT;Not significant
AENJPLPP_02373;2408.45597907387;-0.483525153661154;0.0710821027777883;-6.80234735278886;1.02928055457687e-11;1.98625909537962e-11;thiI_2;putative tRNA sulfurtransferase;Not significant
AENJPLPP_01393;942.183069343819;0.650180190325516;0.0956505938929071;6.79745063635961;1.06486617239899e-11;2.05356973114295e-11;ctsR;Transcriptional regulator CtsR;Not significant
AENJPLPP_01717;91.76080995294;-1.40747579711828;0.207713810147449;-6.77603379437871;1.2351979802088e-11;2.38047420143484e-11;manR_2;Transcriptional regulator ManR;Down in serum
AENJPLPP_02342;203.941865897409;0.96731247418139;0.142810962087461;6.77337691758553;1.25810613245116e-11;2.42301921805409e-11;lrp;Leucine-rich protein;Not significant
AENJPLPP_02605;33.1245256420605;2.59976003524872;0.384548063368492;6.76055942780164;1.37459931666985e-11;2.64562670862036e-11;pfkB;ATP-dependent 6-phosphofructokinase isozyme 2;Up in serum
AENJPLPP_01336;911.43110202059;0.519847294950346;0.0769649609704955;6.75433714764865;1.43489734844152e-11;2.75985540202227e-11;;hypothetical protein;Not significant
AENJPLPP_02786;104.142939379541;1.28142497640291;0.189752532243002;6.75313768546648;1.4468151841082e-11;2.7809411327545e-11;;hypothetical protein;Up in serum
AENJPLPP_02026;969.724023289864;-0.730086531793197;0.108256991379045;-6.74401276529948;1.5407099426331e-11;2.95946395313166e-11;potA;Spermidine/putrescine import ATP-binding protein PotA;Not significant
AENJPLPP_00448;1775.43380711965;0.577184357677279;0.085647393207736;6.73907676649691;1.59396175937628e-11;3.05973410896753e-11;;hypothetical protein;Not significant
AENJPLPP_00131;10978.0501338738;-0.502258017395737;0.0746143712455289;-6.73138443722842;1.68056281875685e-11;3.22384646127797e-11;proS;Proline--tRNA ligase;Not significant
AENJPLPP_01249;1240.62105748158;0.50679084506871;0.0753568097991524;6.72521629325145;1.75331798552107e-11;3.36119945611413e-11;elaA;Protein ElaA;Not significant
AENJPLPP_00012;759.94208717104;0.545466804368265;0.0812624783585632;6.7124067021614;1.91440209865310e-11;3.66759138899858e-11;aroD;3-dehydroquinate dehydratase;Not significant
AENJPLPP_02484;456.619162765347;0.670366287367801;0.100219051802897;6.68901047563517;2.2468465023845e-11;4.30165484217203e-11;;hypothetical protein;Not significant
AENJPLPP_02181;35.2364293368636;2.34107012680684;0.350408271840895;6.68097848977099;2.37352068404136e-11;4.54119069114877e-11;;hypothetical protein;Up in serum
AENJPLPP_02497;7034.31392336567;-0.562426448891532;0.0842307195775062;-6.67721291842943;2.43529022164651e-11;4.65631327999648e-11;rihB;Pyrimidine-specific ribonucleoside hydrolase RihB;Not significant
AENJPLPP_01581;7868.4385719123;0.371977900421698;0.0557786970229778;6.6688165962081;2.57874263036599e-11;4.9273612464736e-11;mltF_2;Membrane-bound lytic murein transglycosylase F;Not significant
AENJPLPP_02816;1112.70785908356;0.500906238435098;0.0751170262593528;6.66834489301591;2.58704262757294e-11;4.93997910261796e-11;manR_3;Transcriptional regulator ManR;Not significant
AENJPLPP_00166;4995.28559276064;0.380267834240324;0.0571257839202392;6.65667599014948;2.80089705963794e-11;5.34483108628157e-11;;Putative gluconeogenesis factor;Not significant
AENJPLPP_00301;13731.5302026688;-0.637768611982197;0.0958973452276167;-6.65053459476302;2.92030347794455e-11;5.56903976933498e-11;cspL;Cold shock protein 2;Not significant
AENJPLPP_01467;7922.93548290992;-0.385565354352727;0.0580480146894404;-6.64217986464343;3.09077459508482e-11;5.8902720031983e-11;deoB;Phosphopentomutase;Not significant
AENJPLPP_02266;1751.11803291635;0.495768244297339;0.0749622043366298;6.61357611725253;3.75144960486511e-11;7.14468361632911e-11;COQ5_2;2-methoxy-6-polyprenyl-1%2C4-benzoquinol methylase%2C mitochondrial;Not significant
AENJPLPP_00412;89.2037250888558;1.43048987949395;0.216335019680143;6.61238241320783;3.78183496572122e-11;7.1978453726668e-11;ulaA_1;Ascorbate-specific PTS system EIIC component;Up in serum
AENJPLPP_02446;495.985642238217;0.626589780029844;0.0948281685616563;6.6076334651812;3.90512079004848e-11;7.42763666924962e-11;;hypothetical protein;Not significant
AENJPLPP_02327;4873.79838441262;-0.472503672372311;0.0715524066792716;-6.60360278991417;4.01283828677721e-11;7.62753596024494e-11;iadA;Isoaspartyl dipeptidase;Not significant
AENJPLPP_01024;1323.35188280784;0.52211848380382;0.0793080884255934;6.58342035684884;4.5974691080238e-11;8.73309200428265e-11;sdhB;L-serine dehydratase%2C beta chain;Not significant
AENJPLPP_02611;926.318971856444;0.682429468270462;0.103682606346931;6.58190888823721;4.64446187529375e-11;8.81660559377797e-11;;Putative TrmH family tRNA/rRNA methyltransferase;Not significant
AENJPLPP_01693;2118.19828644184;0.423520936880477;0.0643564415797669;6.58086318143525;4.67724843121049e-11;8.8730602160814e-11;;hypothetical protein;Not significant
AENJPLPP_00197;4079.24594645638;-0.511152162796386;0.0778066658754962;-6.56951633956808;5.04789556398472e-11;9.5699686733877e-11;ligA_1;DNA ligase;Not significant
AENJPLPP_02065;1087.3385162391;-0.53485903729229;0.0814240642381362;-6.56880791074269;5.07196624044876e-11;9.60934657917162e-11;;Nucleoid-associated protein;Not significant
AENJPLPP_01421;8792.71055992288;-0.346037229848151;0.0527837008758573;-6.55575914735499;5.53595201138803e-11;1.04815944454889e-10;dnaA;Chromosomal replication initiator protein DnaA;Not significant
AENJPLPP_02059;22.7403606162609;-4.13194080023908;0.630551217628353;-6.55290273767173;5.64292724686027e-11;1.06771956743711e-10;;hypothetical protein;Down in serum
AENJPLPP_02180;50.9834578824105;1.96255206906764;0.299875919866989;6.54454705779022;5.96759720565869e-11;1.12841838070637e-10;;hypothetical protein;Up in serum
AENJPLPP_01417;4957.253217002;-0.384068899912301;0.0587061737030922;-6.54222334187096;6.06108928644566e-11;1.14535314744515e-10;;hypothetical protein;Not significant
AENJPLPP_01969;1374.5586130683;-0.484853693486332;0.074292006735687;-6.52632382392529;6.74035133434801e-11;1.27288606262136e-10;ltaS1_2;Lipoteichoic acid synthase 1;Not significant
AENJPLPP_01758;237.379205266419;-0.852409695555189;0.130841211594334;-6.51484104410495;7.27666737853759e-11;1.37327643592362e-10;;hypothetical protein;Not significant
AENJPLPP_00014;1191.9729895878;0.543641082409703;0.0834816826490252;6.51210020161292;7.41072546824634e-11;1.39767050281952e-10;baiN;3-dehydro-bile acid delta(4%2C6)-reductase;Not significant
AENJPLPP_02758;243.797358116225;-0.874602640604145;0.134320226207552;-6.51132495304698;7.44908004227794e-11;1.4039948921109e-10;;hypothetical protein;Not significant
AENJPLPP_01554;1424.21527008969;-0.450840557037608;0.069286478709714;-6.50690532169302;7.67147273200134e-11;1.44497597642871e-10;;hypothetical protein;Not significant
AENJPLPP_01734;275.926861531334;0.7798871006671;0.119861262187801;6.50658174652925;7.6880074996584e-11;1.44715435287687e-10;glpK;Glycerol kinase;Not significant
AENJPLPP_03064;158.819154249353;0.994866628016037;0.153760163243697;6.47024955637732;9.78411916045566e-11;1.84052680847848e-10;bin3_4;Putative transposon Tn552 DNA-invertase bin3;Not significant
AENJPLPP_02056;109.266742933686;1.19613265686907;0.184914586507898;6.4685684318256;9.89357115641706e-11;1.85991473256853e-10;ydjF;putative HTH-type transcriptional regulator YdjF;Up in serum
AENJPLPP_01896;2220.75608255237;0.481771242858858;0.0746081634437023;6.45735293058637;1.06550213905198e-10;2.00176917994797e-10;;hypothetical protein;Not significant
AENJPLPP_01950;52.5576930858716;-1.76333747888923;0.273176980910345;-6.45492703306486;1.08271056919174e-10;2.03278734847605e-10;;hypothetical protein;Down in serum
AENJPLPP_02496;2261.85686570029;-0.629113560465841;0.097553155547929;-6.44893091291906;1.12641892622028e-10;2.11348705744423e-10;;hypothetical protein;Not significant
AENJPLPP_00636;57.5219816115854;-1.74402405593484;0.270784627409168;-6.44063170284606;1.18977261857689e-10;2.2309194238866e-10;;hypothetical protein;Down in serum
AENJPLPP_01516;43.1670952774125;-2.00684049591777;0.311941036289016;-6.43339690023475;1.2478324630548e-10;2.33828065149008e-10;;hypothetical protein;Down in serum
AENJPLPP_02821;659.940437388393;-0.60363613086099;0.0941220260060786;-6.41333550153294;1.4236972463673e-10;2.66611342856694e-10;rpe_2;Ribulose-phosphate 3-epimerase;Not significant
AENJPLPP_01018;340.352431910076;-0.712932681784052;0.11142469067227;-6.39833664767333;1.57078666540758e-10;2.93967273114839e-10;;putative transporter;Not significant
AENJPLPP_01933;38.8394722151838;-2.13960021775281;0.334564390483567;-6.39518214912326;1.60356082124153e-10;2.99908099643888e-10;;hypothetical protein;Down in serum
AENJPLPP_01379;2213.39125970321;0.424408501730921;0.0663856433116002;6.39307658342387;1.62580779393294e-10;3.03873703204923e-10;birA;Bifunctional ligase/repressor BirA;Not significant
AENJPLPP_02669;5507.58111068164;0.394096255962772;0.0616571063183233;6.39174102540803;1.64007504210035e-10;3.06343715368583e-10;ffh;Signal recognition particle protein;Not significant
AENJPLPP_02912;29.6894962325059;-2.90310131981791;0.455126714713198;-6.37866604171396;1.78637097852693e-10;3.33455915991694e-10;;IS3 family transposase ISEfa8;Down in serum
AENJPLPP_00473;2014.4405477177;0.507574742474146;0.0795865725236494;6.37764294125518;1.79834179385606e-10;3.35475419840413e-10;nth;Endonuclease III;Not significant
AENJPLPP_01844;505.525893482699;-0.614049364808198;0.0965899566053531;-6.35727964261418;2.05357948916942e-10;3.82844012321469e-10;kefG;Glutathione-regulated potassium-efflux system ancillary protein KefG;Not significant
AENJPLPP_02785;73.596860035264;1.44269381421897;0.227201655551931;6.34983847593142;2.15541121360338e-10;4.01571174281065e-10;;hypothetical protein;Up in serum
AENJPLPP_01047;1510.29343908596;0.476460929658097;0.0750727277249358;6.3466580221227;2.2004251490867e-10;4.09695526479569e-10;ppnKA;NAD kinase 1;Not significant
AENJPLPP_02500;2023.95722579389;0.548344998416357;0.0865060395084858;6.33880595542196;2.31552644632213e-10;4.30850671673485e-10;secG;putative protein-export membrane protein SecG;Not significant
AENJPLPP_01607;57.1407405536181;1.58979259557855;0.251324880984781;6.32564746215803;2.52172952489832e-10;4.68919308844439e-10;;hypothetical protein;Up in serum
AENJPLPP_02975;108.994723812629;-1.18060156860288;0.187252162632534;-6.30487547916714;2.88425686246458e-10;5.35989533088505e-10;;hypothetical protein;Down in serum
AENJPLPP_00722;13724.9293491846;-0.329097780440548;0.0521983357984831;-6.30475618439375;2.88647917981389e-10;5.36060419108294e-10;;Calcium-transporting ATPase;Not significant
AENJPLPP_02621;11962.9244668603;-0.503198160148177;0.0798310151801534;-6.30329150910354;2.91390097886789e-10;5.40808135784786e-10;cspLA_2;Cold shock-like protein CspLA;Not significant
AENJPLPP_02479;233.30174013433;-0.827084529023768;0.131412431224069;-6.29380737666685;3.09772191286269e-10;5.74558357341157e-10;lipL;Octanoyl-[GcvH]:protein N-octanoyltransferase;Not significant
AENJPLPP_00098;143.95471012489;1.03468839306554;0.164500073542788;6.28989623397587;3.17678247605334e-10;5.88847267362656e-10;feuB;Iron-uptake system permease protein FeuB;Up in serum
AENJPLPP_02534;1262.13621027181;0.494611445763969;0.0786433634413638;6.28929669485397;3.18907454512034e-10;5.90749686729671e-10;pstS1_1;Phosphate-binding protein PstS 1;Not significant
AENJPLPP_02303;1712.65094681867;-0.476998559414677;0.0760164352410524;-6.2749398587567;3.49769465118217e-10;6.47507108979178e-10;steT_2;Serine/threonine exchanger SteT;Not significant
AENJPLPP_02794;44.6229795705888;1.95279158506979;0.311675227341589;6.26546935323023;3.71704103652767e-10;6.87676207011981e-10;;hypothetical protein;Up in serum
AENJPLPP_02166;24.490697431304;2.76973097346373;0.442366221344503;6.26117194266226;3.82094934618431e-10;7.06451079116744e-10;;hypothetical protein;Up in serum
AENJPLPP_01081;647.231401165744;-0.547855508666704;0.0875829183399314;-6.25527807306373;3.96808242163277e-10;7.33188833235699e-10;ybiT_2;putative ABC transporter ATP-binding protein YbiT;Not significant
AENJPLPP_00336;349.700186511894;0.722406509993028;0.115528332967765;6.25306789629341;4.02467059276532e-10;7.43173162088307e-10;ftsW_1;putative peptidoglycan glycosyltransferase FtsW;Not significant
AENJPLPP_02676;902.214298874995;-0.647903442608846;0.103936368837107;-6.23365478184313;4.55676680246878e-10;8.40893848465721e-10;rimM;Ribosome maturation factor RimM;Not significant
AENJPLPP_01066;6669.9214492857;-0.406508530750954;0.0654224714530483;-6.21359177851746;5.17869613057862e-10;9.55057829781187e-10;;hypothetical protein;Not significant
AENJPLPP_00447;756.496935145738;0.612588137713497;0.0987407691933652;6.20400410810917;5.50443478336157e-10;1.01448823349044e-09;;hypothetical protein;Not significant
AENJPLPP_00558;2605.26025267371;0.390557841180894;0.0632575046945118;6.17409496417866;6.65435374438713e-10;1.22564693887763e-09;;hypothetical protein;Not significant
AENJPLPP_02085;2536.553489932;0.427745220268117;0.0694440372979025;6.15956728485076;7.29439835537579e-10;1.34268571497183e-09;;putative protein;Not significant
AENJPLPP_01337;605.795302686962;0.55518059992206;0.0903291107538248;6.14619800072095;7.93622066860016e-10;1.45990363783725e-09;yjiA;P-loop guanosine triphosphatase YjiA;Not significant
AENJPLPP_02038;392.490899521867;-0.726371372478223;0.118208891642873;-6.14481163289054;8.00584645900788e-10;1.47178187428226e-09;;hypothetical protein;Not significant
AENJPLPP_02991;112.321084342667;-1.10124378801364;0.179232222321696;-6.14422883200693;8.03529328020985e-10;1.47626334586568e-09;bin3_1;Putative transposon Tn552 DNA-invertase bin3;Down in serum
AENJPLPP_01218;16401.0593757906;-0.310570023112424;0.0505816502332303;-6.13997411473126;8.25349290159857e-10;1.51539541799843e-09;prkC;Serine/threonine-protein kinase PrkC;Not significant
AENJPLPP_02009;778.793378747052;0.628568386818871;0.102442850822346;6.13579553646865;8.47340815315519e-10;1.55479297681083e-09;;hypothetical protein;Not significant
AENJPLPP_00501;4578.11370923944;-0.364108027600805;0.0593644174666145;-6.13343890396251;8.59994550436103e-10;1.57701771465361e-09;ilvE;Branched-chain-amino-acid aminotransferase;Not significant
AENJPLPP_00259;738.533317553449;0.538325894178865;0.0881712055009048;6.10546142723818;1.02504108850195e-09;1.87848939566877e-09;;hypothetical protein;Not significant
AENJPLPP_00368;216.744335082822;-0.842497571870769;0.13817171927274;-6.09746753029645;1.07761998951548e-09;1.97360340218181e-09;;hypothetical protein;Not significant
AENJPLPP_01613;757.507938833244;0.533116745753914;0.0874677863536968;6.09500672165327;1.0943285313152e-09;2.0029444897485e-09;ndoA;Endoribonuclease EndoA;Not significant
AENJPLPP_01851;2036.73665795755;0.415726124480265;0.0682402077902678;6.09209933472029;1.11439494934092e-09;2.03839076160851e-09;;hypothetical protein;Not significant
AENJPLPP_00870;5543.00151081496;0.375092443534463;0.0617484619433778;6.07452285821169;1.24356921852988e-09;2.27324140888827e-09;ktrA;Ktr system potassium uptake protein A;Not significant
AENJPLPP_00552;232.98712149872;-0.769667100660214;0.126994328601838;-6.06064151945977;1.35579700510089e-09;2.47683869438757e-09;;hypothetical protein;Not significant
AENJPLPP_03054;633.060469939248;0.532075140803496;0.0878003798515558;6.06005511255277;1.36074915987975e-09;2.48432699283374e-09;bin3_2;Putative transposon Tn552 DNA-invertase bin3;Not significant
AENJPLPP_00286;342.980196502563;0.722383648357942;0.119245991968798;6.0579281234623;1.37885978717945e-09;2.51581434853795e-09;;hypothetical protein;Not significant
AENJPLPP_00454;1740.44323600379;0.409680409254158;0.0680209363642701;6.0228575369826;1.7136427068692e-09;3.12468851747221e-09;panT_1;Pantothenate transporter PanT;Not significant
AENJPLPP_01666;41.7001084300845;1.8179945311877;0.301910352686624;6.02163693629526;1.72661854325446e-09;3.14637872212577e-09;;3-sulfolactaldehyde dehydrogenase;Up in serum
AENJPLPP_03068;291.667966308316;-0.710639173242361;0.118047710128404;-6.01993187728402;1.7449049144428e-09;3.17771301492021e-09;repD;Replication initiation protein;Not significant
AENJPLPP_02188;20.4362573457406;5.40802493049822;0.898466466904918;6.01917281245682;1.75310629105714e-09;3.190653449724e-09;;hypothetical protein;Up in serum
AENJPLPP_03078;897.964405203899;0.508623916670283;0.0845965503081746;6.01234819643863;1.82855036415813e-09;3.32588298590161e-09;;hypothetical protein;Not significant
AENJPLPP_00353;876.627083406091;-0.475177354434421;0.0790595022698063;-6.01037624563818;1.85093255537764e-09;3.364491636242e-09;ohrR;Organic hydroperoxide resistance transcriptional regulator;Not significant
AENJPLPP_01702;337.653876379562;-0.688848434316106;0.114662144745042;-6.00763604978609;1.88247825964415e-09;3.41969849786885e-09;;hypothetical protein;Not significant
AENJPLPP_01618;569.941071165103;0.637007705506024;0.106068517022383;6.0056246979639;1.9059661085043e-09;3.46020779798288e-09;;hypothetical protein;Not significant
AENJPLPP_00740;68.6501832872268;-1.52781816433579;0.254705816215034;-5.998363865574;1.99315511195043e-09;3.61624154890944e-09;lacR_1;Lactose phosphotransferase system repressor;Down in serum
AENJPLPP_03044;169.101795931184;0.91679404263037;0.152924940366498;5.99505901675159;2.03411556617464e-09;3.68825935784591e-09;sasA_4;Adaptive-response sensory-kinase SasA;Not significant
AENJPLPP_00508;694.58301265542;-0.540438845414204;0.09023095635795;-5.98950589939733;2.1047949735325e-09;3.8140404249699e-09;glnM;putative glutamine ABC transporter permease protein GlnM;Not significant
AENJPLPP_02110;2044.91586021134;0.402833551132619;0.0673678224593312;5.97961365570043;2.23667459554271e-09;4.05049528745048e-09;;Farnesyl diphosphate synthase;Not significant
AENJPLPP_02255;17.9602827186541;4.45631780549701;0.745616566646137;5.97668829374595;2.27719317215947e-09;4.12130920902944e-09;;hypothetical protein;Up in serum
AENJPLPP_02509;10953.2356200455;-0.409797372088596;0.0690145913810899;-5.93783667899656;2.8880752794876e-09;5.22364920116019e-09;atpG;ATP synthase gamma chain;Not significant
AENJPLPP_03096;88.2140251388053;-1.20556260326848;0.20362632872672;-5.9204652502792;3.21032125027696e-09;5.80288980807356e-09;;hypothetical protein;Down in serum
AENJPLPP_01994;132.772176329538;-1.03988184868121;0.175839597003657;-5.91380932623262;3.34284842475918e-09;6.03869392859722e-09;gdx;Guanidinium exporter;Down in serum
AENJPLPP_01199;4986.14222590165;-0.391448388391041;0.0662634451635956;-5.90745602533353;3.47431028174314e-09;6.27228241812525e-09;hpt;Hypoxanthine-guanine phosphoribosyltransferase;Not significant
AENJPLPP_00986;26366.5036093232;0.308828125022478;0.0523113611397991;5.90365301711712;3.55539546004833e-09;6.41469118938088e-09;groL;60 kDa chaperonin;Not significant
AENJPLPP_00842;3200.76732669602;0.367325439775324;0.0623271097639333;5.89350992155076;3.78077389044196e-09;6.81709818511888e-09;;Alpha-monoglucosyldiacylglycerol synthase;Not significant
AENJPLPP_00985;871.27857201048;-0.508305588636023;0.0863024727488301;-5.88981488532046;3.86628455363779e-09;6.96696820556512e-09;xerC_5;Tyrosine recombinase XerC;Not significant
AENJPLPP_00690;849.163473579421;0.522407003268;0.088758379522933;5.88572038015884;3.96323888169823e-09;7.13726136271197e-09;;hypothetical protein;Not significant
AENJPLPP_00962;20.852295644597;3.20604254915751;0.545566181690011;5.87654194258538;4.18925300766707e-09;7.53961975174692e-09;;hypothetical protein;Up in serum
AENJPLPP_01227;1561.68645445138;-0.420424055539435;0.0716658105810148;-5.86645224732602;4.45218411103103e-09;8.00788148938997e-09;;hypothetical protein;Not significant
AENJPLPP_02305;872.599413023886;-0.545195566430861;0.0930776179627584;-5.85742929786838;4.70086838476911e-09;8.44995601015288e-09;rnmV;Ribonuclease M5;Not significant
AENJPLPP_01845;126.260242629273;-1.048791622784;0.179107284299974;-5.85566146504379;4.75115159966006e-09;8.53196530668028e-09;;hypothetical protein;Down in serum
AENJPLPP_02469;12094.2158554246;0.400141153961602;0.0683345551969113;5.85561950039133;4.75235155475117e-09;8.53196530668028e-09;ntpB;V-type sodium ATPase subunit B;Not significant
AENJPLPP_02544;186.096420255474;0.826452017161272;0.141441570102195;5.84306308650377;5.12495976374748e-09;9.19524512140029e-09;;hypothetical protein;Not significant
AENJPLPP_01128;193.910617344987;-0.863668019702758;0.148047243319831;-5.83373253250618;5.42009816487974e-09;9.71879670943953e-09;mngB;Mannosylglycerate hydrolase;Not significant
AENJPLPP_01030;426.559377775916;-0.631544422391044;0.108259467109567;-5.83361842851002;5.42380784145704e-09;9.71946365189102e-09;rpmG3;50S ribosomal protein L33 3;Not significant
AENJPLPP_00195;1426.6322579669;-0.403369793444044;0.0691787021645109;-5.83083782758467;5.51497636637172e-09;9.8767596426042e-09;clcA;H(+)/Cl(-) exchange transporter ClcA;Not significant
AENJPLPP_01103;145.291923927283;-0.948684682183032;0.163256685234998;-5.81100051625733;6.21005720893588e-09;1.1114742834924e-08;;hypothetical protein;Not significant
AENJPLPP_01355;489.846857758067;0.556217236768413;0.0957306124615986;5.81023376395439;6.23856701327299e-09;1.11589110212844e-08;scaC_1;Manganese import ATP-binding protein ScaC;Not significant
AENJPLPP_01816;914.553838015848;-0.572968665703521;0.0987260832947705;-5.80361994097127;6.48982901726429e-09;1.16012167576879e-08;;hypothetical protein;Not significant
AENJPLPP_02793;36.1367169290438;1.89637698046186;0.327288516917091;5.79420567004572;6.86452943762888e-09;1.22635028971628e-08;;hypothetical protein;Up in serum
AENJPLPP_02859;301.033379948781;-0.659208110118677;0.113828892676294;-5.7912195631502;6.98771567656418e-09;1.24759215512906e-08;treP_2;PTS system trehalose-specific EIIBC component;Not significant
AENJPLPP_02512;1402.47271184241;0.468032497131016;0.0810723272848984;5.77302407375442;7.78613123329585e-09;1.38929008280377e-08;;hypothetical protein;Not significant
AENJPLPP_02315;16.6740063055266;4.34144924827454;0.752890767963244;5.76637333463291;8.09955320007913e-09;1.444329388771e-08;manX_4;PTS system mannose-specific EIIAB component;Up in serum
AENJPLPP_02891;89.5975207410293;1.21902415897594;0.211824233563521;5.75488525778324;8.67006635002557e-09;1.5451183115835e-08;;hypothetical protein;Up in serum
AENJPLPP_00263;50.6699867816364;-1.58655024030306;0.275746120245751;-5.75366296682287;8.73301807344257e-09;1.5553852373006e-08;xerC_2;Tyrosine recombinase XerC;Down in serum
AENJPLPP_00397;19.5337243086999;-3.18266287623091;0.553365900902954;-5.75146186463171;8.84750401337779e-09;1.57481245030294e-08;hrtA_1;Putative hemin import ATP-binding protein HrtA;Down in serum
AENJPLPP_00394;350.577925495466;0.666821390471999;0.116055853173018;5.74569375210993;9.15448641050112e-09;1.62845842561877e-08;mprA;Response regulator MprA;Not significant
AENJPLPP_02111;2533.02936286316;0.382530332606617;0.0666886412119134;5.73606427803902;9.69018980034767e-09;1.7227004089507e-08;tlyA;Hemolysin A;Not significant
AENJPLPP_02004;603.498286193502;0.524233380551108;0.0916713982169975;5.71861442879035;1.07396181961632e-08;1.90810056053858e-08;;hypothetical protein;Not significant
AENJPLPP_01005;4139.65776601349;-0.422690384327328;0.0740354189095369;-5.7092995562544;1.13442072434037e-08;2.01428850565802e-08;opuAA;Glycine betaine transport ATP-binding protein OpuAA;Not significant
AENJPLPP_02762;57.3606289259514;1.43461806457485;0.251570957682971;5.70263784734149;1.17967442171361e-08;2.09336497015846e-08;;hypothetical protein;Up in serum
AENJPLPP_02506;4075.20927836373;-0.388249461726098;0.0682214546892786;-5.6910170487337;1.26284896723031e-08;2.23959573238407e-08;atpF;ATP synthase subunit b;Not significant
AENJPLPP_00424;652.693392943067;-0.544712999103305;0.0958307932807785;-5.68411238658255;1.31493788995802e-08;2.33055333874483e-08;aroE;Shikimate dehydrogenase (NADP(+));Not significant
AENJPLPP_00678;821.753387729829;-0.496636666280367;0.0874822926610177;-5.67699646607078;1.37080303524033e-08;2.42808907458627e-08;ypjD;putative protein YpjD;Not significant
AENJPLPP_02984;328.509823892393;-0.657991934134641;0.116100714678244;-5.66742363264663;1.44960628468328e-08;2.56611155075849e-08;;hypothetical protein;Not significant
AENJPLPP_00676;2068.54874925409;0.392745944748865;0.0693530223762519;5.6629968138685;1.48751922781822e-08;2.63162575419603e-08;;hypothetical protein;Not significant
AENJPLPP_03106;47.4646256781506;-1.70740086221998;0.301591485249556;-5.6613032718983;1.50227661414105e-08;2.65611991522692e-08;;hypothetical protein;Down in serum
AENJPLPP_00811;7985.53112759833;0.302387122402412;0.0535499509824483;5.64682351439544;1.63439456968023e-08;2.88795933671652e-08;penA;Penicillin-binding protein 2B;Not significant
AENJPLPP_00267;240.250781910801;0.739332406882487;0.131310827204701;5.63039943179961;1.79792752157749e-08;3.17499390105133e-08;;hypothetical protein;Not significant
AENJPLPP_01327;149.308591388631;-0.875842048572723;0.155724297298336;-5.62431209366632;1.86248662899766e-08;3.28700670523708e-08;rhaR_4;HTH-type transcriptional activator RhaR;Not significant
AENJPLPP_01745;333.070111553101;0.694363600069423;0.123502298514619;5.62227268982554;1.88461462438905e-08;3.3240446918358e-08;;hypothetical protein;Not significant
AENJPLPP_02287;1886.94106116245;0.419251212766587;0.074780000448151;5.60646175787704;2.06504576475417e-08;3.64008067007514e-08;bglC;Aryl-phospho-beta-D-glucosidase BglC;Not significant
AENJPLPP_01865;283.631341962781;0.665284246785605;0.118767255099788;5.60157971342046;2.12407066905581e-08;3.74185952104689e-08;;hypothetical protein;Not significant
AENJPLPP_01589;22723.9637952979;0.296844944109029;0.0530166811311889;5.59908575518884;2.15485189609542e-08;3.79379003714018e-08;pnp_2;Polyribonucleotide nucleotidyltransferase;Not significant
AENJPLPP_01292;49.0356440571375;1.539045084108;0.275032723958431;5.59586169222763;2.195286616738e-08;3.86264327972269e-08;;hypothetical protein;Up in serum
AENJPLPP_00233;1383.69674798223;0.482887665560317;0.0863655379063547;5.5912077579359;2.25495571744742e-08;3.96523614082542e-08;;hypothetical protein;Not significant
AENJPLPP_00708;920.271808763986;0.523044471395962;0.093699298667534;5.58215993965804;2.37549767388539e-08;4.17468269544615e-08;;hypothetical protein;Not significant
AENJPLPP_00843;3186.28346248513;0.334262614226532;0.0598857504002228;5.581671966914;2.38217355440536e-08;4.18388986153703e-08;dgs;Processive diacylglycerol alpha-glucosyltransferase;Not significant
AENJPLPP_00812;996.572702995441;0.434761158945927;0.0779074963942544;5.58047914600924;2.39856910520411e-08;4.21014661504181e-08;ybbH_2;putative HTH-type transcriptional regulator YbbH;Not significant
AENJPLPP_02639;18.6772303500774;2.92363666928419;0.525308875394123;5.56555734393536;2.61315828988897e-08;4.58404634949197e-08;;hypothetical protein;Up in serum
AENJPLPP_02990;961.712367602738;0.513544344995981;0.0923271806749561;5.56222275219199;2.66359994344947e-08;4.66971886533706e-08;umuC_2;Protein UmuC;Not significant
AENJPLPP_02220;338.273669711296;0.627942302106008;0.113209591327219;5.54672351294876;2.91072468225663e-08;5.09989787889971e-08;;hypothetical protein;Not significant
AENJPLPP_01409;731.116463382972;-0.554245712693482;0.0999269945073699;-5.5465063812422;2.91433996330349e-08;5.10316173971123e-08;;hypothetical protein;Not significant
AENJPLPP_02613;5307.67171040001;0.307212289437098;0.055476731097458;5.53767829069464;3.06507610417644e-08;5.36388318230877e-08;;hypothetical protein;Not significant
AENJPLPP_01742;367.626907801542;0.581817746197553;0.105299362345614;5.52536818112827;3.28795363970171e-08;5.75046306234917e-08;cdr_1;Coenzyme A disulfide reductase;Not significant
AENJPLPP_02021;504.608347452533;0.526254466305226;0.0952996169788623;5.52210473649596;3.34962708950426e-08;5.85481037493181e-08;panT_2;Pantothenic acid transporter PanT;Not significant
AENJPLPP_02835;255.231168355327;0.740257942867703;0.134145116732396;5.51833686457952;3.42222951612591e-08;5.97812378581802e-08;;IS3 family transposase ISEfa10;Not significant
AENJPLPP_00694;1067.00805225679;0.573515993991473;0.103940947886057;5.51770986945564;3.4344581766378e-08;5.9958886153293e-08;fmnP;Riboflavin transporter FmnP;Not significant
AENJPLPP_00097;371.158308131834;0.593040390819833;0.107637162758772;5.50962488809658;3.59599185750723e-08;6.27413318697487e-08;fepC;Ferric enterobactin transport ATP-binding protein FepC;Not significant
AENJPLPP_02316;23.252998640621;2.53046070605953;0.459843254222418;5.50287664943235;3.73643851986664e-08;6.5152748322465e-08;;putative phosphotransferase enzyme IIB component;Up in serum
AENJPLPP_00971;18.386600445493;6.75660037740701;1.22968468028043;5.49457961521173;3.91642213878046e-08;6.82502768888612e-08;;hypothetical protein;Up in serum
AENJPLPP_03007;52.8111138273849;-1.45877156881233;0.265603986114078;-5.49228040646115;3.96776748062502e-08;6.91037015764357e-08;;hypothetical protein;Down in serum
AENJPLPP_02380;10610.2429290623;-0.304040744615096;0.0555271548255599;-5.47553256726818;4.36197726410856e-08;7.59239557267431e-08;rnj1;Ribonuclease J 1;Not significant
AENJPLPP_01458;1320.53072191841;-0.435998315684955;0.0798616760879792;-5.45941854769789;4.77696424936531e-08;8.30974904071193e-08;rsmC;Ribosomal RNA small subunit methyltransferase C;Not significant
AENJPLPP_02804;39.4829562924883;1.71516803430412;0.314390705516702;5.45553034554642;4.88268918072015e-08;8.48859157866094e-08;;hypothetical protein;Up in serum
AENJPLPP_00920;17.099470651055;3.02389899314875;0.554841364892375;5.45002442947869;5.03629016490581e-08;8.75040391420388e-08;;hypothetical protein;Up in serum
AENJPLPP_00006;923.425385078208;0.438683845564745;0.0805472785195231;5.44629009977558;5.1431230301203e-08;8.93069425385231e-08;;hypothetical protein;Not significant
AENJPLPP_00706;6760.97358234838;-0.422377707353776;0.0775798287206818;-5.44442691249685;5.1972437723318e-08;9.01929312576294e-08;dnaG;DNA primase;Not significant
AENJPLPP_03138;36.3513246545867;1.75613309097261;0.322899908309094;5.43862988431561;5.36918611442128e-08;9.31213220083072e-08;;hypothetical protein;Up in serum
AENJPLPP_00167;2516.02743049663;0.350968436727232;0.0645378979418273;5.43817583032509;5.38288394750657e-08;9.33033217567806e-08;whiA;putative cell division protein WhiA;Not significant
AENJPLPP_01572;4510.36359807297;-0.369570937043877;0.0679825064437618;-5.43626524493625;5.44089420392433e-08;9.42527300525142e-08;ruvB;Holliday junction ATP-dependent DNA helicase RuvB;Not significant
AENJPLPP_00537;212.416183896083;0.719940637540603;0.132469441267867;5.43476767660558;5.48678732053268e-08;9.49912287597573e-08;;hypothetical protein;Not significant
AENJPLPP_02029;1798.62089240095;-0.436313960226725;0.0804269044069528;-5.42497518018369;5.79625936149224e-08;1.00289407371749e-07;potD;Spermidine/putrescine-binding periplasmic protein;Not significant
AENJPLPP_00456;225.168047395805;0.704954950347163;0.130270248727096;5.4114808042163;6.25056957484562e-08;1.08085858681416e-07;;Acetyltransferase;Not significant
AENJPLPP_01576;50.0001197175965;1.72987758555941;0.319786709553205;5.40947304525673;6.32104633541501e-08;1.09239685036965e-07;;IS30 family transposase IS1252;Up in serum
AENJPLPP_02702;89.989598537961;-1.07012180036218;0.198089162106165;-5.40222286259483;6.58201016611737e-08;1.13682168468172e-07;;hypothetical protein;Down in serum
AENJPLPP_00524;278.389823606296;-0.654354067639993;0.121253347930316;-5.39658556905206;6.79210264491544e-08;1.17241273870739e-07;;hypothetical protein;Not significant
AENJPLPP_02983;20.7226198034076;-2.56911587694725;0.477204894880753;-5.38367461127832;7.29803826330307e-08;1.25899807006745e-07;;hypothetical protein;Down in serum
AENJPLPP_02253;34.1896837254707;-1.81744273858554;0.339068449103097;-5.36010573497191;8.31732571338648e-08;1.43398771328487e-07;;hypothetical protein;Down in serum
AENJPLPP_01533;1864.61314332747;-0.403475203463745;0.0754052655587636;-5.35075634936018;8.75873830178303e-08;1.50919798430723e-07;yidA_2;Sugar phosphatase YidA;Not significant
AENJPLPP_01125;4050.31071277163;-0.323287126059957;0.0604447294224955;-5.3484750308046;8.86984099683376e-08;1.52743802381904e-07;pbpF;Penicillin-binding protein 1F;Not significant
AENJPLPP_02249;79.3660079688467;1.11558426976949;0.208602954602912;5.34788336000833;8.89887810356953e-08;1.53153268543702e-07;mtlA;PTS system mannitol-specific EIICB component;Up in serum
AENJPLPP_01716;430.553842066008;0.565843739566488;0.10582648593731;5.34690096297526;8.94729405308566e-08;1.53895571663234e-07;;hypothetical protein;Not significant
AENJPLPP_02416;1591.00075671709;0.3638021091314;0.0682395687231625;5.33124865731917;9.75397519247935e-08;1.67671639672372e-07;xerC_10;Tyrosine recombinase XerC;Not significant
AENJPLPP_02899;18.3448824740466;2.89878146466747;0.544498630274407;5.32376263868027;1.01642520578285e-07;1.74621250692605e-07;;IS1182 family transposase ISEfa7;Up in serum
AENJPLPP_03079;1766.90261210106;0.353777900332509;0.0664540835067587;5.32364426177855;1.01708720787605e-07;1.74631954559849e-07;soj_2;Sporulation initiation inhibitor protein Soj;Not significant
AENJPLPP_00680;2678.10502491579;0.410014607793255;0.0771142786489573;5.31697391166349;1.05507188634028e-07;1.81047102712015e-07;;hypothetical protein;Not significant
AENJPLPP_01094;1461.00013028347;0.395148833012318;0.074412897887657;5.31021965585703;1.09493189258186e-07;1.87776305724286e-07;;hypothetical protein;Not significant
AENJPLPP_01875;74.4498804422071;1.16266355732985;0.219588752862091;5.2947318210785;1.19191198101952e-07;2.04287680325417e-07;araQ_4;L-arabinose transport system permease protein AraQ;Up in serum
AENJPLPP_02288;5866.24190879164;-0.357676834401795;0.0676720258584501;-5.28544594113304;1.25398901046073e-07;2.1480094108598e-07;spoIIIE;DNA translocase SpoIIIE;Not significant
AENJPLPP_00745;120.699199768356;-0.93818920498371;0.177666112862278;-5.28063112244128;1.2873965168682e-07;2.20393807002951e-07;arsC;Arsenate reductase;Not significant
AENJPLPP_01677;1149.69404923083;-0.405324796078238;0.0768446752670863;-5.27459833318919;1.33047165020574e-07;2.27634162479384e-07;;hypothetical protein;Not significant
AENJPLPP_00695;3431.08040171061;-0.331851436220037;0.0629606154172014;-5.27077815267626;1.35846585782421e-07;2.3228729171956e-07;rluB_1;Ribosomal large subunit pseudouridine synthase B;Not significant
AENJPLPP_03100;48.9764059341411;-1.54258562004081;0.292883551641529;-5.2668905829469;1.38753849900364e-07;2.3711925522879e-07;;hypothetical protein;Down in serum
AENJPLPP_00474;1326.46529453692;-0.383528249508821;0.0728402281415309;-5.26533564342514;1.39933461097305e-07;2.38994861416628e-07;dnaD;DNA replication protein DnaD;Not significant
AENJPLPP_00776;41.0594917097094;1.5757757681628;0.299367099874667;5.26369052852673;1.4119204025306e-07;2.41003060502293e-07;malH;Maltose-6'-phosphate glucosidase MalH;Up in serum
AENJPLPP_00733;100.586880833335;-1.0926540906454;0.208198893170509;-5.2481263180902;1.53653931933067e-07;2.6212082588699e-07;mhqA;Putative ring-cleaving dioxygenase MhqA;Down in serum
AENJPLPP_01785;2780.12663239878;0.329192686173232;0.0627690780389592;5.24450408478057;1.56703234448979e-07;2.67166170208095e-07;btuD_4;Vitamin B12 import ATP-binding protein BtuD;Not significant
AENJPLPP_02765;327.337593966964;0.61660770714062;0.117821048509168;5.23342573286163;1.66396881340748e-07;2.83527044156969e-07;;hypothetical protein;Not significant
AENJPLPP_01048;924.09161523951;0.432222330768134;0.0826405967328833;5.23014532633632;1.69376837149759e-07;2.88435877064385e-07;yjbM;GTP pyrophosphokinase YjbM;Not significant
AENJPLPP_02546;2222.82850952458;0.434365614605253;0.0831560893951703;5.22349737421011;1.75574955871645e-07;2.98816055814279e-07;hprK;HPr kinase/phosphorylase;Not significant
AENJPLPP_00138;6300.29079259187;-0.351282286381345;0.0675503133264732;-5.20030580292922;1.98960902839793e-07;3.38419479596658e-07;rbfA;Ribosome-binding factor A;Not significant
AENJPLPP_01786;318.096659016996;0.592949578482023;0.114027116161627;5.20007519651334;1.99207915866839e-07;3.38641827789979e-07;hssR;Heme response regulator HssR;Not significant
AENJPLPP_02117;3733.8629518194;0.364541534272374;0.0702029894545003;5.19267821933194;2.07290280376667e-07;3.52175785564093e-07;mraZ;Transcriptional regulator MraZ;Not significant
AENJPLPP_01245;4677.47385693145;-0.337802189359565;0.0651420418955487;-5.18562482123619;2.15291833794409e-07;3.65556746361119e-07;;hypothetical protein;Not significant
AENJPLPP_00018;52.0630587018413;1.34188812969015;0.259050388101985;5.18002748238255;2.21853212737997e-07;3.76478179191753e-07;;hypothetical protein;Up in serum
AENJPLPP_01247;1335.85099404268;-0.376693013567156;0.0727445703830188;-5.17829731598895;2.23920171712889e-07;3.79764437989477e-07;;hypothetical protein;Not significant
AENJPLPP_01805;136.953976826521;-0.852885947814699;0.164751575149941;-5.17679996102305;2.25724010150306e-07;3.82600883328108e-07;;putative ABC transporter ATP-binding protein;Not significant
AENJPLPP_02068;1707.6153483177;0.388150052854874;0.0750009808354348;5.17526635693661;2.27586068803983e-07;3.85532654076323e-07;darA;Cyclic di-AMP receptor A;Not significant
AENJPLPP_00099;235.917364113073;0.653377421846153;0.126627723809676;5.15982916054144;2.47175289287544e-07;4.18473513026354e-07;feuC;Iron-uptake system permease protein FeuC;Not significant
AENJPLPP_02482;120.504036452379;0.881443905584977;0.170926714813307;5.15685278657419;2.51135089720148e-07;4.24930494633975e-07;sigV;RNA polymerase sigma factor SigV;Not significant
AENJPLPP_00306;220.825052753442;0.762714361495655;0.148005350046936;5.15328912943878;2.55956862947826e-07;4.32837621895511e-07;;hypothetical protein;Not significant
AENJPLPP_00423;3748.39886763254;-0.369810092806762;0.071990896622351;-5.13690077714558;2.7930632752063e-07;4.72048767115539e-07;tagU_1;Polyisoprenyl-teichoic acid--peptidoglycan teichoic acid transferase TagU;Not significant
AENJPLPP_03024;35.9541011494644;-1.71300151365616;0.333751405541182;-5.13256718987747;2.8581664472272e-07;4.82771501991044e-07;;hypothetical protein;Down in serum
AENJPLPP_02604;25.1338550759956;2.06564521822982;0.402539630265302;5.13153255710105;2.87392501235081e-07;4.85151862954525e-07;glvR;HTH-type transcriptional regulator GlvR;Up in serum
AENJPLPP_00329;39.2040084629103;-1.66499439343407;0.325018147990235;-5.12277361658;3.01073741950142e-07;5.07952918052615e-07;glsA;Glutaminase;Down in serum
AENJPLPP_02005;2755.85942452705;0.313108863761844;0.0611245448463644;5.12247354231984;3.01553419021531e-07;5.08467606364041e-07;ywpJ_2;Phosphatase YwpJ;Not significant
AENJPLPP_02923;18.7733846644415;2.50328808779066;0.489027427128852;5.11891143302087;3.07304222797497e-07;5.17864523603189e-07;;IS30 family transposase IS1252;Up in serum
AENJPLPP_01631;11140.4578455245;-0.323317739286852;0.0632085966805421;-5.11509124179593;3.13589334756939e-07;5.28150458538003e-07;;hypothetical protein;Not significant
AENJPLPP_02028;759.934740264601;-0.469378341931967;0.0921968873208118;-5.09104326156587;3.56098760541767e-07;5.99398607339669e-07;ydcV;Inner membrane ABC transporter permease protein YdcV;Not significant
AENJPLPP_03120;581.511318710968;0.502301750310966;0.0988595524944975;5.08096322142389;3.75525826395788e-07;6.31733799228501e-07;umuC_3;Protein UmuC;Not significant
AENJPLPP_01913;1365.53754132291;0.374779149956507;0.0738386092783665;5.07565288159228;3.86167713533478e-07;6.49261190421182e-07;cysL;HTH-type transcriptional regulator CysL;Not significant
AENJPLPP_01838;422.534907906524;-0.536554328078942;0.105832114927297;-5.0698630415497;3.9810207487879e-07;6.689401281287e-07;;hypothetical protein;Not significant
AENJPLPP_02523;529.800320503236;0.520046596988224;0.10272710635249;5.06240870061866;4.13992337676018e-07;6.95239727400556e-07;yigZ;IMPACT family member YigZ;Not significant
AENJPLPP_01979;1553.20266077622;0.362259751907911;0.0717225431767124;5.05084922902641;4.39850153312909e-07;7.38238412937862e-07;nhaC_3;Na(+)/H(+) antiporter NhaC;Not significant
AENJPLPP_02483;325.283050079945;0.598225915026341;0.11859424720601;5.0443080429286;4.55165514296299e-07;7.63503443335727e-07;rsiV;Anti-sigma-V factor RsiV;Not significant
AENJPLPP_00445;4405.37372591742;0.333611926274484;0.0665689919039267;5.0115213815459;5.40013818286224e-07;9.0530813980972e-07;rluD_1;Ribosomal large subunit pseudouridine synthase D;Not significant
AENJPLPP_02285;172.954797276742;-0.796540446138074;0.159112187227195;-5.00615609664584;5.55277325324875e-07;9.30361088231321e-07;glnQ_2;Glutamine transport ATP-binding protein GlnQ;Not significant
AENJPLPP_00218;64.492014219474;1.29329052936355;0.258594822911682;5.00122359296128;5.69675972364671e-07;9.5393699340191e-07;cheB;Protein-glutamate methylesterase/protein-glutamine glutaminase;Up in serum
AENJPLPP_00328;25.5274050564613;-2.00409595183;0.401177850087677;-4.99552991620053;5.86744268740148e-07;9.81953626765121e-07;gadC_1;Glutamate/gamma-aminobutyrate antiporter;Down in serum
AENJPLPP_02023;1273.89760774453;0.3881912821558;0.0780371061424658;4.97444486789542;6.54348832193216e-07;1.09446513460462e-06;coaBC_2;Coenzyme A biosynthesis bifunctional protein CoaBC;Not significant
AENJPLPP_01876;53.0156589813867;1.27514356959239;0.256359134179317;4.97405163141351;6.55678331513929e-07;1.09605930044119e-06;;hypothetical protein;Up in serum
AENJPLPP_01773;491.455617825971;0.474972787519773;0.0955388533267261;4.97151442560703;6.64319203006391e-07;1.10986662028377e-06;;hypothetical protein;Not significant
AENJPLPP_03058;424.676241200664;0.523428167531219;0.105378563630534;4.96712186518693;6.7953888008191e-07;1.13464290068723e-06;;hypothetical protein;Not significant
AENJPLPP_01927;101.79019264633;-0.912346778647697;0.184062546468876;-4.95672148490007;7.16926314790507e-07;1.19638362674496e-06;;hypothetical protein;Not significant
AENJPLPP_00699;3238.4517219086;-0.340859365512851;0.0688260352582078;-4.95247712924452;7.32746706982813e-07;1.22208385494499e-06;xerD;Tyrosine recombinase XerD;Not significant
AENJPLPP_01735;69.1423230254795;1.23796953717531;0.250046242422521;4.95096237072593;7.38473829609848e-07;1.23093061924664e-06;glpO;Alpha-glycerophosphate oxidase;Up in serum
AENJPLPP_01063;371.117768342813;-0.520657961209973;0.105337182081574;-4.94277472513713;7.70184617435872e-07;1.28305355032795e-06;yfiC;tRNA1(Val) (adenine(37)-N6)-methyltransferase;Not significant
AENJPLPP_00840;6299.67291801094;0.301135456761794;0.0610040353063259;4.93632028192351;7.96103294108708e-07;1.32471588139689e-06;ykuJ;putative protein YkuJ;Not significant
AENJPLPP_02302;546.761146574022;0.484956278545825;0.098241457860385;4.9363709487599;7.95896600659719e-07;1.32471588139689e-06;;hypothetical protein;Not significant
AENJPLPP_00931;13.7349179658981;5.42879247184174;1.10056174480887;4.93274684264493;8.10812144873538e-07;1.3484208828508e-06;;hypothetical protein;Up in serum
AENJPLPP_01258;3892.87853850615;0.290852102083787;0.0589820938293231;4.9311932351101;8.17288364747262e-07;1.35841536423746e-06;yacL;putative PIN and TRAM-domain containing protein YacL;Not significant
AENJPLPP_01226;705.325546055398;-0.448530474592874;0.0910371479901708;-4.92689505872154;8.35465961227122e-07;1.38783621169046e-06;;hypothetical protein;Not significant
AENJPLPP_00851;3386.14001668653;0.294476754788012;0.0599052300752998;4.91571027133792;8.8461144012544e-07;1.46863655281943e-06;yhhT;Putative transport protein YhhT;Not significant
AENJPLPP_00219;76.1121432890816;-1.05590047207276;0.214925685252112;-4.91286311747322;8.97559423065571e-07;1.48928378345695e-06;lacE_1;Lactose-binding protein;Down in serum
AENJPLPP_02525;473.876698544296;0.521311901287511;0.106369584337854;4.90094893697905;9.53748458698092e-07;1.58161475610982e-06;ptcB_2;PTS system galactose-specific EIIB component;Not significant
AENJPLPP_02474;141.480969367107;-0.774111580496941;0.158759222538116;-4.87601014996835;1.08253040830014e-06;1.79415398347752e-06;yddE;putative isomerase YddE;Not significant
AENJPLPP_02441;219.43398515733;0.855137636462512;0.175545750232876;4.87130924746454;1.10861162107311e-06;1.83633506289243e-06;hmo;4-hydroxymandelate oxidase;Not significant
AENJPLPP_02189;7.01235845028271;6.34342822393901;1.30902609303251;4.84591426993158;1.26029933135378e-06;2.08640798914281e-06;;hypothetical protein;Up in serum
AENJPLPP_00376;3470.68227094294;0.334451046810259;0.06907841576963;4.84161431735235;1.28788549247635e-06;2.13086508755177e-06;;hypothetical protein;Not significant
AENJPLPP_02273;230.613305865222;-0.87169603066441;0.180241317179933;-4.83627197305823;1.32296878578728e-06;2.18766899728141e-06;;hypothetical protein;Not significant
AENJPLPP_01928;360.786653821401;-0.562594273284508;0.11636623793906;-4.83468644555766;1.33355665696835e-06;2.2039256442065e-06;;hypothetical protein;Not significant
AENJPLPP_02902;56.2679906074069;1.25813064385233;0.260355606143057;4.8323547262548;1.34927564700438e-06;2.22863907207984e-06;;IS66 family transposase ISRob1;Up in serum
AENJPLPP_00065;331.586820186808;0.527690870187859;0.109502577475307;4.81898127290068;1.442930955402e-06;2.38198125971124e-06;;hypothetical protein;Not significant
AENJPLPP_00666;1933.86525041198;0.303615168759822;0.0631988964839757;4.80412136368243;1.55432533631805e-06;2.56441664552871e-06;msrA_1;Peptide methionine sulfoxide reductase MsrA;Not significant
AENJPLPP_02250;277.951191142569;0.585531750176886;0.121973820124455;4.80047070411866;1.58293131416193e-06;2.61013362788196e-06;;hypothetical protein;Not significant
AENJPLPP_02352;963.699769774486;0.398835698557704;0.0834049931402817;4.78191632828131;1.73631953808172e-06;2.86143887656705e-06;patB;Cystathionine beta-lyase PatB;Not significant
AENJPLPP_00621;277.832492970582;-0.584009733323504;0.122313945315386;-4.77467824145185;1.79994802722023e-06;2.96462028012743e-06;;hypothetical protein;Not significant
AENJPLPP_00237;1395.76472726209;-0.369825173065166;0.0774748399639302;-4.77348740878129;1.81062874317215e-06;2.98052622957451e-06;ydcF;Protein YdcF;Not significant
AENJPLPP_02949;335.114982680094;0.528986360660555;0.110848267942374;4.77216622758199;1.82254983263803e-06;2.9984548658994e-06;fadR;Fatty acid metabolism regulator protein;Not significant
AENJPLPP_00859;7873.05296247755;0.261592748860133;0.0549271269766375;4.76254199443924;1.91169397646268e-06;3.14333871228646e-06;tagU_2;Polyisoprenyl-teichoic acid--peptidoglycan teichoic acid transferase TagU;Not significant
AENJPLPP_00247;301.867860455861;0.579734784121121;0.121768689712197;4.76095115658497;1.92682681463488e-06;3.16643323037064e-06;dnaI_1;Primosomal protein DnaI;Not significant
AENJPLPP_01288;867.056698318309;0.387618628100358;0.0815623092414633;4.75242341352576;2.00992912530492e-06;3.30113570946866e-06;;Zinc-type alcohol dehydrogenase-like protein;Not significant
AENJPLPP_01459;823.290052598564;-0.398223799311753;0.0840878986729574;-4.73580390991292;2.18188474292211e-06;3.58153797710777e-06;degA_1;HTH-type transcriptional regulator DegA;Not significant
AENJPLPP_01064;327.68170397903;-0.576241601490077;0.121846217131738;-4.72925311146144;2.25347302155338e-06;3.69696531761321e-06;;hypothetical protein;Not significant
AENJPLPP_03107;17.5638577363234;-2.40441252938419;0.508754949825651;-4.72607201209183;2.28904500724944e-06;3.75320893080539e-06;;hypothetical protein;Down in serum
AENJPLPP_01127;247.20757859111;-0.592209952967125;0.125444154127263;-4.72090514769087;2.34797420790317e-06;3.84766510602928e-06;gmuE_1;Putative fructokinase;Not significant
AENJPLPP_01931;44.0659941666809;-1.43425126184602;0.304008473674534;-4.71780027875639;2.38408364466526e-06;3.90464092984546e-06;;hypothetical protein;Down in serum
AENJPLPP_02365;1054.00736642406;0.358357660117522;0.0759660358375518;4.71734053470745;2.38947554970197e-06;3.91127195094556e-06;;hypothetical protein;Not significant
AENJPLPP_02526;54.8364809664236;-1.20672707877676;0.255940642293435;-4.71487086991543;2.41864087563336e-06;3.95678776957547e-06;comFA;ComF operon protein 1;Down in serum
AENJPLPP_00517;2465.99365129452;0.329887094517813;0.070330154158328;4.69054985682482;2.72471823746616e-06;4.45501376052861e-06;addB_2;ATP-dependent helicase/deoxyribonuclease subunit B;Not significant
AENJPLPP_00555;2597.69429713525;-0.290857461564512;0.062086722186564;-4.68469668426875;2.80374819683652e-06;4.58165810841075e-06;ylbL;putative protein YlbL;Not significant
AENJPLPP_02400;172.123690585275;0.712212105926787;0.15213330513698;4.68150024930777;2.84783050847679e-06;4.65108381418083e-06;ugl_2;Unsaturated chondroitin disaccharide hydrolase;Not significant
AENJPLPP_03080;117.84722332176;-0.864528770630249;0.184732687559668;-4.6798906141124;2.87028013923876e-06;4.68512094476641e-06;;hypothetical protein;Not significant
AENJPLPP_00816;4262.38595548936;-0.263944949081071;0.0564675337052139;-4.6742779746497;2.94989565203115e-06;4.81237878919592e-06;helD_1;DNA helicase IV;Not significant
AENJPLPP_02046;41939.3004053091;0.308607853499358;0.0660366028252623;4.67328481926844;2.96420246189428e-06;4.83301095690713e-06;glnA;Glutamine synthetase;Not significant
AENJPLPP_00775;19.5494177414984;2.07480909928081;0.44453211611811;4.66739977619422;3.05035459383072e-06;4.97069534260496e-06;ptsG_1;PTS system glucose-specific EIICBA component;Up in serum
AENJPLPP_02165;13.728430142735;2.95866545486553;0.63424172346635;4.66488618676079;3.08787899040823e-06;5.02902887028454e-06;;hypothetical protein;Up in serum
AENJPLPP_02321;2634.37990542531;-0.286402269689362;0.0613978670525831;-4.66469412437533;3.0907643530873e-06;5.03091436343779e-06;gpsA_1;Glycerol-3-phosphate dehydrogenase [NAD(P)+];Not significant
AENJPLPP_01034;112.984908667579;0.812570048502435;0.174632306268717;4.65303394236852;3.27086381151326e-06;5.32109241291989e-06;;hypothetical protein;Not significant
AENJPLPP_01353;86.8278863820117;0.989331242325413;0.212778287057453;4.64958739919868;3.3259972107468e-06;5.40776319245935e-06;;hypothetical protein;Not significant
AENJPLPP_00327;28.2640173761343;-1.78886032105307;0.387756692861257;-4.61335769049675;3.96215577357227e-06;6.43850313205494e-06;amt;Ammonia channel;Down in serum
AENJPLPP_01329;15.2613942615972;2.46648815474653;0.534764110467633;4.61229186190089;3.98253256296312e-06;6.46800603644652e-06;;hypothetical protein;Up in serum
AENJPLPP_00814;1195.00489104419;-0.364950300622649;0.0793578922912103;-4.59879024109454;4.24951376800599e-06;6.89776147850248e-06;;putative tautomerase;Not significant
AENJPLPP_03006;86.6775894442368;-0.912903159819736;0.198983237186933;-4.5878395221911;4.47856688609039e-06;7.2655079511394e-06;topB_4;DNA topoisomerase 3;Not significant
AENJPLPP_01038;219.343806131104;0.596771754000195;0.130583119643651;4.57005281868536;4.87601307698207e-06;7.90587420944976e-06;lnrK;Transcriptional regulatory protein LnrK;Not significant
AENJPLPP_02467;1383.43837469856;0.331304988673666;0.0725813342818734;4.56460317176074;5.00440045643057e-06;8.10952372238498e-06;ntpG;V-type sodium ATPase subunit G;Not significant
AENJPLPP_02516;403.172725442134;0.522806582541066;0.11503050157538;4.54493873695289;5.49512343399805e-06;8.89977721902242e-06;yvbK;putative N-acetyltransferase YvbK;Not significant
AENJPLPP_02235;1046.50615038574;-0.397972372543739;0.0875763457289093;-4.54429068981314;5.51205477266867e-06;8.92223651918353e-06;;hypothetical protein;Not significant
AENJPLPP_00396;10.9163513729941;-4.29057145791577;0.944643948946442;-4.54199856221069;5.57234213058308e-06;9.01481126903219e-06;lolD_1;Lipoprotein-releasing system ATP-binding protein LolD;Down in serum
AENJPLPP_01711;46.6959273520301;1.23796020011942;0.272898393525793;4.53634110529278;5.723857708333e-06;9.2547882546728e-06;;IS30 family transposase IS1252;Up in serum
AENJPLPP_01552;273.387755407221;-0.582614214714146;0.128542672508057;-4.53245761385292;5.83013773010961e-06;9.42139903999954e-06;cidA;Holin-like protein CidA;Not significant
AENJPLPP_02177;12.0080551591364;-3.13717300236355;0.696384025420472;-4.50494682222119;6.63895656938299e-06;1.07224855962525e-05;;hypothetical protein;Down in serum
AENJPLPP_01897;7619.22450212265;0.308541389928706;0.0686301837869323;4.49570980148613;6.93382509925133e-06;1.11925159030044e-05;prs2;Putative ribose-phosphate pyrophosphokinase 2;Not significant
AENJPLPP_02515;490.412419504546;0.447615976213168;0.0998579390876834;4.48252768185136;7.37640705962627e-06;1.19003309460563e-05;;Putative membrane protein insertion efficiency factor;Not significant
AENJPLPP_02264;552.368989101214;0.407879916984171;0.091000245076803;4.48218481873237;7.38827139105484e-06;1.19128717003055e-05;;hypothetical protein;Not significant
AENJPLPP_01276;267.77038479897;-0.550534363018242;0.122906020308968;-4.47931160438097;7.48841496399994e-06;1.20676615247193e-05;hdfR_2;HTH-type transcriptional regulator HdfR;Not significant
AENJPLPP_01423;983.659611048503;-0.376439287053766;0.0841209976776081;-4.47497411403109;7.64205707821959e-06;1.23084459135926e-05;;hypothetical protein;Not significant
AENJPLPP_00626;798.34521595389;0.358331632302762;0.0801087692547556;4.47306375614414;7.71067748607896e-06;1.24121021777015e-05;smc_1;Chromosome partition protein Smc;Not significant
AENJPLPP_01977;97.5158240812785;-0.892598990925855;0.199701579862495;-4.4696641435709;7.8342517177415e-06;1.26040558022449e-05;metQ_2;D-methionine-binding lipoprotein MetQ;Not significant
AENJPLPP_01117;450.721745030983;-0.46928927933315;0.105016128509194;-4.46873528852346;7.86834308706933e-06;1.26519133459668e-05;exuR_2;putative HTH-type transcriptional repressor ExuR;Not significant
AENJPLPP_02541;73.1993051997803;-1.00723099276415;0.225806904139355;-4.46058545730979;8.17360578064328e-06;1.31355077446099e-05;;hypothetical protein;Down in serum
AENJPLPP_02831;133.654645460121;0.797659559577097;0.178924908663616;4.45806883756314;8.27013459091433e-06;1.32833049800014e-05;;IS256 family transposase IS256;Not significant
AENJPLPP_00319;40.7336701429801;-1.37490023300394;0.308417737629067;-4.45791556469275;8.27604867424454e-06;1.32854761518192e-05;;hypothetical protein;Down in serum
AENJPLPP_01265;10.6088493747763;-3.79686073486458;0.851942862569641;-4.45670819215791;8.32277708281612e-06;1.33531277493998e-05;yfmO_1;Multidrug efflux protein YfmO;Down in serum
AENJPLPP_00413;109.052153548627;-0.808195357454345;0.18157619299805;-4.45099847127551;8.54719503752927e-06;1.37056343333068e-05;;hypothetical protein;Not significant
AENJPLPP_02567;3675.33635182876;-0.280481729663619;0.063154890578698;-4.44117196773713;8.94702565493289e-06;1.43388765587037e-05;trxB;Thioredoxin reductase;Not significant
AENJPLPP_01450;567.47697811123;0.424016461980525;0.0956749346576201;4.4318448034263;9.34302582235482e-06;1.49652866857521e-05;yvdM_2;Beta-phosphoglucomutase;Not significant
AENJPLPP_02335;1778.5446691106;0.32430384025975;0.0731821923007532;4.43145839259604;9.35978753422054e-06;1.49838929629743e-05;nrnA;putative bifunctional oligoribonuclease and PAP phosphatase NrnA;Not significant
AENJPLPP_02313;27.1686050895724;1.59749948171768;0.361055236388734;4.4245293260273;9.66527743782217e-06;1.54644439005155e-05;;hypothetical protein;Up in serum
AENJPLPP_00839;464.859054950786;0.419766292559521;0.0949832512253275;4.41937170126673;9.89882663580194e-06;1.58294251309474e-05;uvrC_1;UvrABC system protein C;Not significant
AENJPLPP_01284;102.474152261513;0.875294489962758;0.198586204003926;4.40762989731881;1.04507924781451e-05;1.67029131154547e-05;;hypothetical protein;Not significant
AENJPLPP_00482;24.2677347340973;1.73135282549636;0.393001118493566;4.40546538934268;1.05557005863543e-05;1.68613275411211e-05;;IS30 family transposase IS1252;Up in serum
AENJPLPP_02627;340.593787797426;0.493384389910335;0.112018755432636;4.40448019623856;1.06037826728085e-05;1.69288460215014e-05;;hypothetical protein;Not significant
AENJPLPP_00623;322.797940882382;-0.54250891821881;0.123235450589868;-4.40221474926317;1.07151418418327e-05;1.70972564621461e-05;;hypothetical protein;Not significant
AENJPLPP_00741;192.200845538845;-0.622441120638334;0.142117915289808;-4.37975127463027;1.18814845703257e-05;1.89479096762259e-05;lacC_2;Tagatose-6-phosphate kinase;Not significant
AENJPLPP_02628;112.578282438847;0.78801617050868;0.179945052260504;4.37920443273917;1.19113353431772e-05;1.89851168688188e-05;yccF;Inner membrane protein YccF;Not significant
AENJPLPP_02750;1021.86166397312;0.323683186594866;0.0739949465604337;4.37439584243101;1.2176924592958e-05;1.93978142312328e-05;;hypothetical protein;Not significant
AENJPLPP_02799;34.512172465656;1.4163507850079;0.324476547325143;4.36503284038165;1.27103661702684e-05;2.02365151929041e-05;;hypothetical protein;Up in serum
AENJPLPP_02454;584.28803300865;-0.400220227113464;0.091709216312151;-4.364013162551;1.27697888636689e-05;2.03200137546469e-05;;hypothetical protein;Not significant
AENJPLPP_02934;278.902020185475;0.532016670189574;0.121975618793612;4.36166403951405;1.29076966305004e-05;2.05282428115877e-05;;hypothetical protein;Not significant
AENJPLPP_02921;779.722361330593;0.354694493434473;0.0814092507540586;4.35693106310513;1.31898787582031e-05;2.0965571475921e-05;;Protein adenylyltransferase NmFic;Not significant
AENJPLPP_00476;181.513994255504;0.649717601507913;0.149600741293861;4.34301057527295;1.4054336604106e-05;2.23274567327642e-05;;hypothetical protein;Not significant
AENJPLPP_01806;895.366510368843;-0.339908212435319;0.0784940346312891;-4.33036999603822;1.48859009245513e-05;2.36356289489059e-05;;hypothetical protein;Not significant
AENJPLPP_00351;114.418641983562;-0.770580623027115;0.178668504848898;-4.31290687566231;1.61121995541939e-05;2.55687875214237e-05;;hypothetical protein;Not significant
AENJPLPP_02385;628.096920684837;0.411600690103226;0.0955081591427716;4.30958667612826;1.63559945726025e-05;2.59415338755003e-05;yrdA;Protein YrdA;Not significant
AENJPLPP_01432;2344.25078102103;-0.27943801168139;0.0648674720005869;-4.30782953402071;1.64864364031389e-05;2.61341877005665e-05;rplI;50S ribosomal protein L9;Not significant
AENJPLPP_00361;12.680575754394;-2.6410722512467;0.614326046061198;-4.29913767807853;1.71463937913281e-05;2.716555969551e-05;;hypothetical protein;Down in serum
AENJPLPP_02436;220.128834941253;0.577234967630158;0.134772058280096;4.28304631536082;1.84351778407388e-05;2.91915377228011e-05;;hypothetical protein;Not significant
AENJPLPP_01665;9.61851825920025;-4.09907509182818;0.957504702238683;-4.28099734888444;1.86057574766687e-05;2.94456335717713e-05;;hypothetical protein;Down in serum
AENJPLPP_00011;1272.06218018114;-0.32069953128356;0.0751892412740972;-4.26523164550193;1.99694905175206e-05;3.15867226436828e-05;rlmI;Ribosomal RNA large subunit methyltransferase I;Not significant
AENJPLPP_01262;3935.22254668802;-0.272288525448078;0.0638767343516969;-4.26271831538683;2.01955031793415e-05;3.1926875818807e-05;proA;Gamma-glutamyl phosphate reductase;Not significant
AENJPLPP_00664;3291.74151556996;0.278993859853675;0.0655287397707136;4.257580121789;2.0665160801141e-05;3.26516268328392e-05;sipV;Signal peptidase I V;Not significant
AENJPLPP_00479;1301.97676220049;-0.364561693041942;0.0856936311039041;-4.25424489948277;2.09755636056662e-05;3.31241004445227e-05;perR;Peroxide operon regulator;Not significant
AENJPLPP_00074;214.142988212521;0.608489509616926;0.143080245968169;4.25278490052565;2.11128352739577e-05;3.33228055922844e-05;;hypothetical protein;Not significant
AENJPLPP_01893;1529.58994027097;-0.393481528032805;0.0927188074502869;-4.24381567077184;2.19750880691732e-05;3.4664927658414e-05;;hypothetical protein;Not significant
AENJPLPP_01062;1382.1330703794;-0.307196372833928;0.0725543421743571;-4.23401775314422;2.29552810856026e-05;3.61915422421629e-05;plsC;1-acyl-sn-glycerol-3-phosphate acyltransferase;Not significant
AENJPLPP_02916;117.279198218229;-0.845407184398677;0.199846028465066;-4.23029264525242;2.33387490120953e-05;3.67762105645138e-05;;hypothetical protein;Not significant
AENJPLPP_00553;129.10605813979;-0.710429173433966;0.168977526972091;-4.20428199041699;2.61912243001341e-05;4.1248699384527e-05;;hypothetical protein;Not significant
AENJPLPP_01548;26.8216483913609;-1.54562029927871;0.367760628103827;-4.20278893705376;2.63646395170122e-05;4.14993677154268e-05;;hypothetical protein;Down in serum
AENJPLPP_02701;31.8236727937581;-1.50070374161493;0.357294409264896;-4.20018814372861;2.66693272557247e-05;4.19562836135442e-05;;IS21 family transposase ISCth15;Down in serum
AENJPLPP_02152;271.057433083646;-0.499569623464707;0.119031360066643;-4.19695803849513;2.70524031588645e-05;4.25359600424479e-05;;hypothetical protein;Not significant
AENJPLPP_00805;662.661486458527;0.441992518144785;0.105493359706978;4.18976625043015;2.79241959201847e-05;4.38830321206572e-05;;hypothetical protein;Not significant
AENJPLPP_02954;311.785704329363;0.469414521271548;0.112113715145302;4.18695001466302;2.82728059511503e-05;4.44069098865963e-05;norR_2;Anaerobic nitric oxide reductase transcription regulator NorR;Not significant
AENJPLPP_01988;195.237860591998;-0.576297479845739;0.137947300612937;-4.17766405928276;2.94518219445801e-05;4.6233803505454e-05;murQ;N-acetylmuramic acid 6-phosphate etherase;Not significant
AENJPLPP_01105;109.693764696047;-0.786623532099733;0.1884714943535;-4.17370029774545;2.99691941738969e-05;4.70206322383555e-05;xynB;Beta-xylosidase;Not significant
AENJPLPP_02970;72.0639218347866;-0.943185442065481;0.226092999475785;-4.1716702606995;3.02374992953315e-05;4.74160462832555e-05;;hypothetical protein;Not significant
AENJPLPP_02075;7121.26145796781;-0.270648153033036;0.0648964998657355;-4.170458400576;3.03987544391639e-05;4.76432577647176e-05;nrdD;Anaerobic ribonucleoside-triphosphate reductase;Not significant
AENJPLPP_01877;91.1044488324291;0.834810105692768;0.200185618698494;4.17018021134726;3.04358866193237e-05;4.76757944246749e-05;;hypothetical protein;Not significant
AENJPLPP_00402;50.7878809441575;-1.11042098854627;0.26634969271386;-4.16903423928179;3.0589303839226e-05;4.78605003964889e-05;;hypothetical protein;Down in serum
AENJPLPP_00732;672.039989687137;-0.373032303015845;0.0894791177753748;-4.16893139192869;3.06031084266011e-05;4.78605003964889e-05;gmuR;HTH-type transcriptional regulator GmuR;Not significant
AENJPLPP_02067;4788.80907479509;-0.242219830460879;0.0580981470322238;-4.16914898037167;3.05739098102168e-05;4.78605003964889e-05;tmk;Thymidylate kinase;Not significant
AENJPLPP_00853;9100.29565532522;-0.219343159417;0.0528506879235994;-4.15024227752875;3.32123538834455e-05;5.1913244502734e-05;;hypothetical protein;Not significant
AENJPLPP_01214;5403.91422680395;0.256838842706787;0.0619841811228266;4.14361919532083;3.41867251364259e-05;5.34075877667769e-05;mreC;Cell shape-determining protein MreC;Not significant
AENJPLPP_03057;335.972315691035;0.480235575143002;0.116095687132119;4.13654966007897;3.52567081186945e-05;5.50496161081172e-05;;hypothetical protein;Not significant
AENJPLPP_00531;30.6494108039358;-1.46729509123385;0.354959808506195;-4.13369360719679;3.56979308356394e-05;5.56788294554805e-05;;hypothetical protein;Down in serum
AENJPLPP_02936;494.530113850643;0.413510856805445;0.100033418864315;4.13372712339592;3.56927227512259e-05;5.56788294554805e-05;;IS30 family transposase IS1062;Not significant
AENJPLPP_02022;770.316659023301;0.346979163163594;0.0839520921395721;4.1330615392733;3.57962831400109e-05;5.58023428820727e-05;coaBC_1;Coenzyme A biosynthesis bifunctional protein CoaBC;Not significant
AENJPLPP_01724;79.2810442831902;0.8727420506396;0.211682368567462;4.12288494571272;3.74156608233328e-05;5.82955614326085e-05;;hypothetical protein;Not significant
AENJPLPP_00504;287.99430012569;-0.506253657588618;0.122912445903392;-4.11881525802952;3.80825298822495e-05;5.93028486722517e-05;;hypothetical protein;Not significant
AENJPLPP_00398;272.003044833951;0.485655327047211;0.118054285537307;4.11383055546708;3.89147128343808e-05;6.05663515626494e-05;;hypothetical protein;Not significant
AENJPLPP_02888;168.929293435896;0.664850912815627;0.161666159243921;4.11249278095674;3.91409713812278e-05;6.08859554819099e-05;;putative response regulatory protein;Not significant
AENJPLPP_01541;22.4189413370596;-1.70845351111787;0.41552457945163;-4.11155824613919;3.92997699406884e-05;6.11003363947062e-05;;hypothetical protein;Down in serum
AENJPLPP_03051;31.2250758729432;-1.45537723967794;0.355473589463102;-4.09419231925529;4.23642568222056e-05;6.5829624261613e-05;;hypothetical protein;Down in serum
AENJPLPP_01573;1640.88185462882;-0.33505450364529;0.0818395759170844;-4.09404007646313;4.23920988531708e-05;6.58377556588978e-05;;hypothetical protein;Not significant
AENJPLPP_00068;691.194690272683;0.338767101985283;0.0828913519941949;4.08688112613977;4.37210990428214e-05;6.78655865739317e-05;;hypothetical protein;Not significant
AENJPLPP_02667;1534.2503213317;0.3521205282837;0.0862832806910534;4.08098214930544;4.48457995291409e-05;6.95743037980065e-05;;hypothetical protein;Not significant
AENJPLPP_02802;123.742204535243;0.676817392880912;0.165870170967943;4.08040450510971;4.4957396424411e-05;6.97102973311421e-05;ssbA;Single-stranded DNA-binding protein A;Not significant
AENJPLPP_02233;259.042147714963;0.531323743957131;0.130260936926979;4.07891848847194;4.52456961990845e-05;7.01199932579744e-05;ghrB_2;Glyoxylate/hydroxypyruvate reductase B;Not significant
AENJPLPP_02236;77.1032269772946;0.861243386911019;0.212010011301508;4.06227697278979;4.85963689775653e-05;7.52726736503565e-05;;hypothetical protein;Not significant
AENJPLPP_02337;5688.45024613351;0.23222081563751;0.0571955507705842;4.06012028049114;4.90474426908626e-05;7.59309692268963e-05;;hypothetical protein;Not significant
AENJPLPP_00021;29.483053090589;1.42969201678876;0.354329087356642;4.03492704325946;5.46192661899689e-05;8.45118507679009e-05;;IS30 family transposase IS1062;Up in serum
AENJPLPP_00578;25.346094283738;1.51130329037179;0.375243034977879;4.02753189132715;5.63654239525758e-05;8.71673470790763e-05;;hypothetical protein;Up in serum
AENJPLPP_03105;17.5316877824474;-1.90527801429798;0.47318339928144;-4.02651068738099;5.66106675286424e-05;8.75001400442711e-05;;hypothetical protein;Down in serum
AENJPLPP_03076;14.1508873723596;2.30580629886109;0.57548276117653;4.00673391874859;6.15641512734838e-05;9.51059992086921e-05;;IS6 family transposase IS1216E;Up in serum
AENJPLPP_00559;1870.9641745781;0.289414381876052;0.0722880968209721;4.00362431165967;6.23793987940555e-05;9.62745989577326e-05;;hypothetical protein;Not significant
AENJPLPP_02779;34.1272950320731;1.30674863081086;0.326393688204931;4.00359650947169;6.23867335965802e-05;9.62745989577326e-05;;hypothetical protein;Up in serum
AENJPLPP_01975;68.8048610289729;-0.911845936106554;0.228725177012285;-3.98664435641721;6.70143608874241e-05;0.000103361132894163;metN;Methionine import ATP-binding protein MetN;Not significant
AENJPLPP_01534;3879.16767277213;-0.259490377597741;0.0652785902273286;-3.9751222674093;7.03431082284301e-05;0.000108437867210793;ftsY;Signal recognition particle receptor FtsY;Not significant
AENJPLPP_03095;56.4209843341244;-0.986264259019693;0.248342929037872;-3.97138047312508;7.14573504794589e-05;0.000110097251109092;;hypothetical protein;Not significant
AENJPLPP_00149;288.474574365646;0.471012686750871;0.118681682088775;3.96870585638101;7.22640153766942e-05;0.0001112812336208;mccF;Microcin C7 self-immunity protein MccF;Not significant
AENJPLPP_01986;1238.99226526998;0.297620830304565;0.0750709088169342;3.96452946946912;7.35408617794912e-05;0.000113187626586616;pspB;Putative phosphoserine phosphatase 2;Not significant
AENJPLPP_00304;313.639847930049;0.45152576851955;0.114294731439297;3.95053877666584;7.79754627751376e-05;0.000119949576123191;;hypothetical protein;Not significant
AENJPLPP_02922;39.4227584548137;1.21395738045626;0.307598878736574;3.94655983611658;7.92821150216212e-05;0.000121895205355312;;hypothetical protein;Up in serum
AENJPLPP_02527;55.3740159867771;-1.00684768236657;0.255349547733266;-3.94301729258714;8.04628511859477e-05;0.000123645288999198;;hypothetical protein;Down in serum
AENJPLPP_02237;1018.69906210081;0.338379660165455;0.085822291962721;3.94279449344511;8.05376634008894e-05;0.0001236949767001;pgl;6-phosphogluconolactonase;Not significant
AENJPLPP_01611;489.904657477116;0.381201755504581;0.0968083251204778;3.9376960094101;8.22677242586079e-05;0.000126285510301036;acpS;Holo-[acyl-carrier-protein] synthase;Not significant
AENJPLPP_00633;148.70581153416;0.805581337245679;0.204614132173562;3.93707574686167;8.24805775670661e-05;0.00012654554366454;;hypothetical protein;Not significant
AENJPLPP_02114;87.1798508194217;0.785806017279308;0.200370272741025;3.92176946474965;8.79010729817561e-05;0.000134790902855647;;hypothetical protein;Not significant
AENJPLPP_02530;2670.49219443159;-0.284356466553036;0.0725556495864219;-3.91914989630595;8.88618389488943e-05;0.000136192460536411;prfB;Peptide chain release factor 2;Not significant
AENJPLPP_01836;9.3720520006354;-2.9646649652516;0.75697960947861;-3.91643966116022;8.98662946005406e-05;0.000137659468635862;;IS3 family transposase ISEfa10;Down in serum
AENJPLPP_01869;323.636700146413;-0.437142872534263;0.111648768223906;-3.91533985988627;9.02769494678856e-05;0.000138215813275753;mazF;Endoribonuclease toxin MazF;Not significant
AENJPLPP_01343;147.675344560987;0.661155901038427;0.168944732451054;3.91344489672073;9.09886711244749e-05;0.000139232270265092;btuD_2;Vitamin B12 import ATP-binding protein BtuD;Not significant
AENJPLPP_01324;53.0838638989497;-1.01839648883044;0.260260826005823;-3.91298415693055;9.11625177631487e-05;0.000139425027167169;noxE;NADH oxidase;Down in serum
AENJPLPP_01133;199.792015866112;-0.537439184160432;0.137451618458387;-3.91002441577753;9.22867924117864e-05;0.000141070414437334;;hypothetical protein;Not significant
AENJPLPP_01152;1232.64931569177;-0.283668550189272;0.0728572448652913;-3.89348445324494;9.88145379834737e-05;0.000150969535471078;;hypothetical protein;Not significant
AENJPLPP_02822;349.787710224295;-0.473318272959891;0.12160422137658;-3.89228488618118;9.93045379092538e-05;0.000151638602198084;hxlB;3-hexulose-6-phosphate isomerase;Not significant
AENJPLPP_01151;98.5742333032871;-0.846373532217296;0.217495144047272;-3.89145944349607;9.96430465723618e-05;0.000152075760806456;;hypothetical protein;Not significant
AENJPLPP_00236;1608.70837108082;-0.283826769185757;0.0730567796796886;-3.88501615360233;0.000102323084703161;0.000156084244450291;;Protein SprT-like protein;Not significant
AENJPLPP_00235;3212.98673766823;-0.236376779254255;0.0609007178130543;-3.88134635752334;0.000103879771307917;0.000158375860758458;yhgF;Protein YhgF;Not significant
AENJPLPP_00693;10806.9649112666;-0.229657256008494;0.0593785600743711;-3.86767977736156;0.000109875819760114;0.00016742982058684;;hypothetical protein;Not significant
AENJPLPP_02913;468.189676600692;-0.369036076537376;0.0954356257643069;-3.86685866605798;0.00011024627675796;0.000167906463346852;;IS3 family transposase ISEfa8;Not significant
AENJPLPP_00459;53.0917563186323;0.99858385213189;0.258329323397984;3.8655458815005;0.000110841008644814;0.000168724002704494;;hypothetical protein;Not significant
AENJPLPP_01812;270.479808447559;-0.573349809244294;0.148650178401851;-3.85704084185044;0.000114767991950781;0.000174610445434;;hypothetical protein;Not significant
AENJPLPP_00952;8.88999288055431;-3.19595285051432;0.829339579262864;-3.8536118743482;0.000116388045575829;0.000176982761732017;;hypothetical protein;Down in serum
AENJPLPP_02917;119.909546622669;0.69480351665837;0.180331052722866;3.85293329222754;0.000116711195021425;0.000177381523957406;;IS200/IS605 family transposase ISEfa4;Not significant
AENJPLPP_03103;36.9605635952283;-1.23355582654838;0.320446295683574;-3.84949316988347;0.000118362483876349;0.000179797367265482;;hypothetical protein;Down in serum
AENJPLPP_03073;66.3052261675591;0.92067138372814;0.239467024060053;3.84466874861758;0.000120715392179161;0.000183275923892449;;hypothetical protein;Not significant
AENJPLPP_02055;52.2339982585041;0.983971383243576;0.256074882726993;3.84251423944851;0.000121780346319573;0.000184796440063886;kbaY;D-tagatose-1%2C6-bisphosphate aldolase subunit KbaY;Not significant
AENJPLPP_01387;1319.04352515577;-0.275223335766692;0.0720272744008233;-3.82109885534619;0.000132858380113897;0.000201501876506077;apbE;FAD:protein FMN transferase;Not significant
AENJPLPP_02826;150.610740332845;-0.609531707335855;0.159571418042867;-3.81980504285617;0.000133557195701486;0.000202456300823908;xerC_12;Tyrosine recombinase XerC;Not significant
AENJPLPP_00672;1679.25495185146;-0.271497375288172;0.0711254430369585;-3.81716251872196;0.000134995253220036;0.000204529748895289;thyA;Thymidylate synthase;Not significant
AENJPLPP_02855;31.1379978156473;1.31902652613546;0.345648790982054;3.81608893347451;0.00013558365360103;0.000205314404204992;;IS3 family transposase IS1485;Up in serum
AENJPLPP_01857;740.110532780585;0.357646297160489;0.0939164284217186;3.80813349880096;0.000140019679689871;0.000211921677368453;;hypothetical protein;Not significant
AENJPLPP_02511;7122.84920568353;0.272656899642903;0.07167769971028;3.80392926593596;0.000142418862681888;0.000215440897729693;atpC;ATP synthase epsilon chain;Not significant
AENJPLPP_00208;101.767191090939;0.693971421591623;0.182543794972186;3.80167083574307;0.000143723588138838;0.000217301707507942;lacM;Beta-galactosidase small subunit;Not significant
AENJPLPP_02383;2599.06806062696;-0.236560590498752;0.062238448377722;-3.80087545022134;0.000144185767229086;0.000217887365942448;;putative ABC transporter ATP-binding protein;Not significant
AENJPLPP_02626;474.04069844371;0.371624325019999;0.0978477742266014;3.79798445041141;0.000145877472453645;0.000220329460469406;axe2;Acetylxylan esterase;Not significant
AENJPLPP_01840;228.48411113089;-0.485961184402945;0.128981277877046;-3.76768777919999;0.000164766594434417;0.00024873007931209;galK_2;Galactokinase;Not significant
AENJPLPP_00007;496.546545835755;0.380399139969578;0.101069683369029;3.76373139095184;0.000167396688820446;0.00025256951183686;phoR_1;Alkaline phosphatase synthesis sensor protein PhoR;Not significant
AENJPLPP_02640;6.96267993753117;3.79113739880835;1.01029539934192;3.75250387290469;0.000175077126384133;0.000264021021248366;;hypothetical protein;Up in serum
AENJPLPP_02911;431.959594312419;-0.388241395327421;0.103549447412784;-3.74933333810809;0.000177305282717157;0.00026724274496499;;hypothetical protein;Not significant
AENJPLPP_02241;146.115488229152;0.601096741384058;0.160482625115963;3.7455565108666;0.00017999432271202;0.00027115544114713;;hypothetical protein;Not significant
AENJPLPP_00726;30.1288102164673;-1.36921468470041;0.365721692439049;-3.74387057975405;0.000181207015947598;0.000272841173960396;spxA_2;Regulatory protein Spx;Down in serum
AENJPLPP_00698;775.802081593483;-0.353255181252586;0.094473483249768;-3.73919928747259;0.000184607336368525;0.000277817345480696;ribT;Protein RibT;Not significant
AENJPLPP_00697;2435.05321260012;-0.27778854576499;0.0743337754283718;-3.73704341215209;0.000186196785738565;0.000280064586813378;scpA;Segregation and condensation protein A;Not significant
AENJPLPP_00172;135.683519412039;0.598736634029555;0.160223923746773;3.73687411984638;0.000186322142074949;0.000280108455199923;;hypothetical protein;Not significant
AENJPLPP_02971;41.4215109939025;-1.12485633944795;0.301104502289308;-3.73576725321483;0.000187143703658727;0.000281198382380915;;hypothetical protein;Down in serum
AENJPLPP_01339;248.328547930097;0.45839227853533;0.122803795223468;3.73272078196921;0.000189422537166856;0.000284475723687409;;hypothetical protein;Not significant
AENJPLPP_01506;2749.24712868083;0.260950868862719;0.0700511981258831;3.72514497744615;0.000195203002166681;0.000293005743458441;ecfA1;Energy-coupling factor transporter ATP-binding protein EcfA1;Not significant
AENJPLPP_02042;433.453513952698;-0.375307837779168;0.101185921863992;-3.70909145131509;0.000208004294937288;0.000312060024140847;xerC_8;Tyrosine recombinase XerC;Not significant
AENJPLPP_02219;5341.96946078209;0.254813702052111;0.0688633592066007;3.70027987289482;0.000215361821055848;0.000322931834662527;nadE;NH(3)-dependent NAD(+) synthetase;Not significant
AENJPLPP_02426;43.9629774760008;-1.03076242944805;0.278931935506699;-3.695390517316;0.000219549072324172;0.000329041121259902;;hypothetical protein;Down in serum
AENJPLPP_00777;18.2661655382558;1.67451387833839;0.453299621342627;3.6940553212435;0.000220705752856472;0.000330604502221217;gamP;Putative PTS system glucosamine-specific EIICBA component;Up in serum
AENJPLPP_01935;1864.83621828391;-0.264049961302309;0.0714917594570429;-3.69343212850942;0.000221247580859696;0.000331245735456779;;hypothetical protein;Not significant
AENJPLPP_02457;2240.37051771633;0.23788196772939;0.0644136365084258;3.69303738499958;0.000221591431966955;0.000331590056468537;uvrC_2;UvrABC system protein C;Not significant
AENJPLPP_00467;5528.65389558323;-0.309253434971751;0.0839246890386222;-3.68489223510179;0.0002287994263449;0.000342200271965253;gpsB;Cell cycle protein GpsB;Not significant
AENJPLPP_02637;18.96793375234;1.59890671454073;0.434068132646209;3.68353858366269;0.000230018448476391;0.000343846879857932;;hypothetical protein;Up in serum
AENJPLPP_01095;859.081297126523;0.345565517475811;0.0938544403709041;3.68193040318784;0.000231474607270348;0.000345846103833378;ecsA;ABC-type transporter ATP-binding protein EcsA;Not significant
AENJPLPP_00088;28.7267813978709;-1.2680212345824;0.346168694252169;-3.66301533222615;0.000249263612707038;0.000372233661642509;cbh_1;Choloylglycine hydrolase;Down in serum
AENJPLPP_02134;282.306603561333;0.434857374151323;0.118778979729142;3.66106338969195;0.000251170600268551;0.000374889178873409;;hypothetical protein;Not significant
AENJPLPP_02791;29.4741174943383;1.2810140261808;0.34999234365554;3.66012014091818;0.00025209702092929;0.000376079162369924;;hypothetical protein;Up in serum
AENJPLPP_00226;456.778169585485;-0.357941883284612;0.0978183421422171;-3.65925117361122;0.000252953320486021;0.000377163373914641;;hypothetical protein;Not significant
AENJPLPP_02319;29.7135415050352;-1.36142385516565;0.374250223831214;-3.63773691630349;0.000275044155044393;0.000409891801171582;nodM;Glutamine--fructose-6-phosphate aminotransferase [isomerizing];Down in serum
AENJPLPP_01017;32.338559916874;-1.21587088599341;0.334263126677737;-3.63746638188312;0.000275333115666253;0.0004101125487571;;IS982 family transposase ISEfm1;Down in serum
AENJPLPP_02503;1200.7263307602;0.291931357679082;0.0802760783548103;3.63659216620899;0.000276268820854969;0.000411295913256478;smpB;SsrA-binding protein;Not significant
AENJPLPP_02442;7.25609474974926;3.05540345573506;0.843147988814691;3.62380447592644;0.000290301095220341;0.000431965656250195;;hypothetical protein;Up in serum
AENJPLPP_00762;141.470070957925;-0.57989073597372;0.160669557291861;-3.60921350471099;0.000307126759594437;0.000456768704769662;;hypothetical protein;Not significant
AENJPLPP_00289;7.25553139460182;3.0554342650757;0.8467501817816;3.60842469339295;0.000308061906602523;0.000457925611039585;fldH;Phenyllactate dehydrogenase;Up in serum
AENJPLPP_01363;22.851000123813;-1.50152900762121;0.416454735324623;-3.60550350436231;0.000311548286527169;0.000462871739983222;yvdM_1;Beta-phosphoglucomutase;Down in serum
AENJPLPP_02547;1332.88804391489;0.257026003777627;0.0714561722154994;3.5969741424503;0.000321940473058087;0.000478067647906757;lgt;Phosphatidylglycerol--prolipoprotein diacylglyceryl transferase;Not significant
AENJPLPP_00507;1158.36681364341;-0.271864448606569;0.0756203568830294;-3.59512252801309;0.000324238938597329;0.000481235366562396;glnP;putative glutamine ABC transporter permease protein GlnP;Not significant
AENJPLPP_02580;803.975109362074;-0.30030902677887;0.0835895593660161;-3.59266191922244;0.000327317138780804;0.000485556550244371;recO;DNA repair protein RecO;Not significant
AENJPLPP_00182;814.509100912336;0.315661556039655;0.0881861035524215;3.57949317776595;0.000344261235176602;0.00051043213688099;;hypothetical protein;Not significant
AENJPLPP_00090;50.8792059141478;-0.919027589720748;0.257235609789668;-3.57270748972975;0.000353309341034039;0.000523581069257569;cbh_2;Choloylglycine hydrolase;Not significant
AENJPLPP_00681;5544.34111076987;0.233505723428779;0.0655373901718306;3.56293900041728;0.000366725918091677;0.000543187117743115;bepA;Beta-barrel assembly-enhancing protease;Not significant
AENJPLPP_02003;4364.30878682904;-0.21742180039577;0.061320716065037;-3.54565005674709;0.000391645930903196;0.000579803228668076;;hypothetical protein;Not significant
AENJPLPP_00617;3924.52746077912;-0.207142465906408;0.0585022956753475;-3.54075790556876;0.00039897948554658;0.00059019640639088;alaA;Glutamate-pyruvate aminotransferase AlaA;Not significant
AENJPLPP_00696;1947.7038805477;-0.328497030750162;0.0927775057173211;-3.54069694168156;0.000399071677260866;0.00059019640639088;scpB;Segregation and condensation protein B;Not significant
AENJPLPP_01725;103.778502614655;0.662450546877212;0.187484529076819;3.53336112659078;0.000410311589882417;0.000606511345044466;;hypothetical protein;Not significant
AENJPLPP_01335;49.5098073846028;0.939104591709732;0.265909898691477;3.53166465908565;0.000412952674795807;0.000610105626080868;;hypothetical protein;Not significant
AENJPLPP_02935;298.44914375704;0.410816094363373;0.116378961842212;3.52998590003202;0.000415581814167039;0.000613678622137129;;IS30 family transposase IS6770;Not significant
AENJPLPP_01507;3363.49120728359;0.236347695352023;0.0669722884627007;3.52903717010736;0.000417074545285682;0.000615570742965994;ecfA2;Energy-coupling factor transporter ATP-binding protein EcfA2;Not significant
AENJPLPP_02962;55.7145074828412;-0.872316916819486;0.247519928980666;-3.52422902031304;0.000424716984347274;0.000626532856342078;;hypothetical protein;Not significant
AENJPLPP_02379;32655.0815148245;-0.198519143917493;0.0563515267258498;-3.52287072688002;0.000426899530229167;0.000629433636469537;cspLA_1;Cold shock-like protein CspLA;Not significant
AENJPLPP_02135;1585.40306022121;-0.28138467315679;0.0804963698513381;-3.49561941335312;0.000472962770684054;0.00069699776732387;sfsA;Sugar fermentation stimulation protein A;Not significant
AENJPLPP_01134;37.5326061734263;-1.07043672340456;0.306297559757913;-3.4947608601603;0.000474486682488372;0.000698889842896378;;hypothetical protein;Down in serum
AENJPLPP_00465;7603.46685104128;0.192667130783245;0.0552095301349097;3.48974407701794;0.000483483320334229;0.000711781308803476;ypwA;Carboxypeptidase 1;Not significant
AENJPLPP_01634;51.7082022682826;0.971781330322869;0.278556776523846;3.48862929292146;0.000485503958518637;0.000714394910159814;;IS30 family transposase IS1252;Not significant
AENJPLPP_02898;24.6032899261131;-1.31685813487963;0.377952883009912;-3.4841859768142;0.000493636349493717;0.000725994469558436;cutD;Choline trimethylamine-lyase activating enzyme;Down in serum
AENJPLPP_03066;28.6122768162595;1.22486440799253;0.352066711486817;3.47906907420981;0.00050315887637416;0.000739625768804419;;IS6 family transposase IS1216E;Up in serum
AENJPLPP_01334;3.37654722353896;-5.10878832300999;1.47072049290135;-3.4736636551053;0.00051340416403355;0.000754305209720332;;hypothetical protein;Down in serum
AENJPLPP_02014;46.5114168102551;0.980543526374657;0.282624731470893;3.4694186926654;0.000521585914611007;0.000765939578087369;;hypothetical protein;Not significant
AENJPLPP_01948;81.6386662878968;0.737219042353157;0.212545564374065;3.46852235907264;0.000523328976754481;0.000768111885236416;;hypothetical protein;Not significant
AENJPLPP_02741;331.463929196133;0.416164093105496;0.120044092152386;3.46676030151663;0.00052677141270841;0.00077277498932337;hdfR_3;HTH-type transcriptional regulator HdfR;Not significant
AENJPLPP_01622;138.930631987796;0.563050186072119;0.162436620487659;3.46627616593941;0.00052772093089815;0.00077377812224341;opuCD;Glycine betaine/carnitine/choline transport system permease protein OpuCD;Not significant
AENJPLPP_00206;134.842519048994;-0.585295587137724;0.16895846332291;-3.46413891098855;0.000531931747733261;0.000779559763160169;melA;Alpha-galactosidase Mel36A;Not significant
AENJPLPP_02704;16.3390423518026;1.68609477251134;0.487336840155664;3.45981389786328;0.0005405488369608;0.000791789845689059;;IS30 family transposase IS1252;Up in serum
AENJPLPP_02027;557.530877141383;-0.338725411777605;0.0979762646167974;-3.45721908364664;0.000545780942387407;0.000799051837220779;potB;Spermidine/putrescine transport system permease protein PotB;Not significant
AENJPLPP_01283;218.734866518243;0.459758435936912;0.133174824265803;3.4522924169157;0.000555844985446136;0.00081337718473324;;hypothetical protein;Not significant
AENJPLPP_01708;156.018955049359;-0.570731590080065;0.165723685648321;-3.4438745906919;0.000573441621995729;0.00083870517491289;;hypothetical protein;Not significant
AENJPLPP_01422;4693.43516513164;-0.202862045585643;0.0589337684441028;-3.44220386615956;0.000576995228514519;0.000843478968591506;dnaN;Beta sliding clamp;Not significant
AENJPLPP_01439;933.500940157313;-0.28470585631203;0.0827223498005523;-3.4417041706198;0.000578062050391629;0.000844614496106584;zupT;Zinc transporter ZupT;Not significant
AENJPLPP_02919;417.61576346269;0.393512074676711;0.114407702293588;3.43955928480146;0.000582662154706594;0.000850908823723972;xerC_13;Tyrosine recombinase XerC;Not significant
AENJPLPP_02963;14.0014444093311;1.81117212955492;0.527451179250975;3.43381947145693;0.000595140422031413;0.000868696194965151;;IS200/IS605 family transposase ISEfa4;Up in serum
AENJPLPP_00561;20116.5421597221;-0.236189128003306;0.068873374637054;-3.42932416551338;0.000605086359322315;0.000882771281736764;pycA;Pyruvate carboxylase;Not significant
AENJPLPP_00222;57.0280339255336;0.832761508280923;0.243103500200166;3.42554306126916;0.000613571664259611;0.000894702396757129;umpB_1;Na(+)%2C Li(+)%2C K(+)/H(+) antiporter subunit B;Not significant
AENJPLPP_00177;5902.82163057638;-0.243074622363825;0.071283630076825;-3.4099641404605;0.000649714215216027;0.000946930828182718;;Pyruvate:ferredoxin oxidoreductase;Not significant
AENJPLPP_01246;2430.81315867475;-0.216766798798959;0.063583298087612;-3.4091782798098;0.000651588824938603;0.000949187923072142;;hypothetical protein;Not significant
AENJPLPP_02972;137.14267088718;-0.660861814122384;0.193916836510717;-3.40796511542649;0.000654492613274899;0.000952941244928252;;hypothetical protein;Not significant
AENJPLPP_02254;22.8604747426911;-1.33342534560712;0.391499272657087;-3.40594590778477;0.000659352416639833;0.00095953734995262;natA_1;ABC transporter ATP-binding protein NatA;Down in serum
AENJPLPP_02334;1209.22765958933;0.282547503740931;0.0831884605481867;3.39647472592988;0.000682598608219646;0.00099287070286494;IMPDH;Inosine-5'-monophosphate dehydrogenase;Not significant
AENJPLPP_01848;752.911363178122;-0.296030765866799;0.0872268507088778;-3.39380320922981;0.000689292056074483;0.00100210607453265;scaC_2;Manganese import ATP-binding protein ScaC;Not significant
AENJPLPP_02472;78.4831071969427;-0.719595015258124;0.212877664403568;-3.38032182603213;0.000724010000736343;0.00105205445216778;hisC;Histidinol-phosphate aminotransferase;Not significant
AENJPLPP_01894;110.602867011774;-0.615250790151017;0.182704590470458;-3.36746213418484;0.000758634436866379;0.00110181719708474;;hypothetical protein;Not significant
AENJPLPP_01440;512.043010345215;-0.434418470620071;0.129010842796685;-3.36730201278271;0.000759075093169599;0.00110190761281649;;hypothetical protein;Not significant
AENJPLPP_02939;2094.60935434212;0.230010564116765;0.0684067457090718;3.36239594111056;0.000772692426820943;0.00112111626651848;licT_4;Transcription antiterminator LicT;Not significant
AENJPLPP_02773;111.693678261784;0.616558925427179;0.183690864649306;3.35650293009554;0.000789348845187407;0.00114471306632755;;hypothetical protein;Not significant
AENJPLPP_01328;11.8822598057203;1.91648363534783;0.571001791269651;3.35635310545425;0.000789776631999468;0.00114476334115602;;hypothetical protein;Not significant
AENJPLPP_02635;1685.55442788625;0.236514511033106;0.0704954042701578;3.35503446617197;0.000793550968613257;0.00114966190079692;copA;putative copper-importing P-type ATPase A;Not significant
AENJPLPP_03156;420.295948595501;0.341695871269411;0.101933018758108;3.35216081533178;0.000801834274704331;0.001161084737911;;hypothetical protein;Not significant
AENJPLPP_00475;20.6903729529691;-1.42817233940296;0.426530899386543;-3.34834437893486;0.000812959232181207;0.00117660898812708;tetA;Tetracycline resistance protein%2C class C;Not significant
AENJPLPP_00846;12046.9777204222;0.186762147472376;0.055792680441458;3.34743098905853;0.000815642930591593;0.00117990671330488;clpE;ATP-dependent Clp protease ATP-binding subunit ClpE;Not significant
AENJPLPP_00554;52.8866226537062;-0.850515627467157;0.254712344052563;-3.33912214043165;0.000840436024783792;0.0012151686713855;;hypothetical protein;Not significant
AENJPLPP_00490;1548.378596634;0.241222925046226;0.0722931201018737;3.33673418309101;0.000847689802959223;0.00122504848943785;hcaB;3-phenylpropionate-dihydrodiol/cinnamic acid-dihydrodiol dehydrogenase;Not significant
AENJPLPP_00551;513.827297979395;-0.328984687595734;0.0988953359504231;-3.32659457025007;0.000879141824184227;0.00126987152382166;tadA_1;tRNA-specific adenosine deaminase;Not significant
AENJPLPP_01867;11.1643350159542;-1.96419425330121;0.591351726919018;-3.32153296234509;0.000895244072245519;0.00129248921089685;;hypothetical protein;Not significant
AENJPLPP_02226;190.674674380495;0.464303318410773;0.139842118147802;3.32019655137117;0.000899540916886645;0.00129804913279183;abfA_2;Intracellular exo-alpha-(1->5)-L-arabinofuranosidase 1;Not significant
AENJPLPP_02836;144.409679631187;0.532722277144005;0.160751876448205;3.31394126721532;0.00091990827917036;0.00132678202523234;;IS3 family transposase ISEfa10;Not significant
AENJPLPP_01332;44.6897146087704;-0.931722196386503;0.281219900454151;-3.31314460634483;0.00092253268519736;0.00132990850460134;;ISL3 family transposase IS1251;Not significant
AENJPLPP_02976;43.2879976632504;-0.946333341723281;0.286612935668977;-3.30178168516527;0.000960728146454636;0.00138428518677679;;hypothetical protein;Not significant
AENJPLPP_00509;5303.2844740039;-0.26196319160717;0.0794522005547715;-3.29711688006152;0.000976828418367933;0.00140678751448438;glnH;ABC transporter glutamine-binding protein GlnH;Not significant
AENJPLPP_02071;945.787880687157;0.316414466432428;0.0964903574833547;3.27923405700939;0.00104089265998585;0.00149830915762669;yabA;Initiation-control protein YabA;Not significant
AENJPLPP_00572;509.452744820713;0.327639180214985;0.100114970259537;3.27262925180536;0.00106552142226302;0.0015330031529792;norG;HTH-type transcriptional regulator NorG;Not significant
AENJPLPP_02578;861.393183361817;0.295547285118985;0.0904161253487035;3.26874530377366;0.0010802549332349;0.0015534332669531;dgkA;Undecaprenol kinase;Not significant
AENJPLPP_03012;61.2759004556949;-0.782315135503447;0.239814250466079;-3.26217117616245;0.00110562359074574;0.00158912926764639;;hypothetical protein;Not significant
AENJPLPP_00060;885.781028786511;0.275771144129633;0.0847891373356313;3.25243483770821;0.00114420828063209;0.00164377627686268;yjcQ;putative protein YjcQ;Not significant
AENJPLPP_02644;2027.54149339272;0.225267437387052;0.069462018551525;3.24303039394047;0.00118265594147396;0.00169817263391133;;hypothetical protein;Not significant
AENJPLPP_02633;313.257469757754;-0.375756404769313;0.115893783571845;-3.24224814471067;0.00118590715257179;0.0017020017882154;copY;Transcriptional repressor CopY;Not significant
AENJPLPP_00763;26.5797192676197;1.1673447338278;0.360058306567427;3.2420991615401;0.00118652729693013;0.00170205295007909;araD;L-ribulose-5-phosphate 4-epimerase AraD;Not significant
AENJPLPP_02217;440.262784650144;0.328875445224948;0.101803579274268;3.23049000407863;0.00123578225501208;0.00177183551284843;;hypothetical protein;Not significant
AENJPLPP_02908;96.39510344706;0.641593273180169;0.199121364701207;3.22212171528111;0.00127245068068904;0.00182351199909768;;IS3 family transposase ISEfa8;Not significant
AENJPLPP_02317;11.2454291858419;1.9017524918146;0.593248455707549;3.20565940546181;0.00134753385682735;0.0019301616286676;sorA_2;PTS system sorbose-specific EIIC component;Not significant
AENJPLPP_02389;1248.1087348898;0.229878540801779;0.0720460438667186;3.19071705348655;0.00141920193224519;0.0020318171222704;miaA;tRNA dimethylallyltransferase;Not significant
AENJPLPP_01242;15007.8813918836;0.186771916771329;0.0585822056190546;3.18820219890422;0.00143160389778951;0.00204856538101378;recA;Protein RecA;Not significant
AENJPLPP_02863;144.369850357233;0.510181439727152;0.160475102737803;3.17919372552593;0.00147685350915313;0.00211227771053728;crr;PTS system glucose-specific EIIA component;Not significant
AENJPLPP_02698;24.179533570271;-1.24145198285259;0.390994652715932;-3.1751124324315;0.00149778455005202;0.00214116279320151;;hypothetical protein;Not significant
AENJPLPP_03168;26.9576256083104;1.14392027877892;0.360825122059802;3.17029000710579;0.00152286862492016;0.00217595359949338;;hypothetical protein;Not significant
AENJPLPP_02216;459.231383512145;0.319241067879751;0.100903914486731;3.16381251910433;0.00155717069288286;0.00222387496698131;mta;HTH-type transcriptional activator mta;Not significant
AENJPLPP_01150;1371.30440506701;-0.246397928499295;0.0779051661727126;-3.16279318309958;0.00156263301115685;0.00223058202376899;;hypothetical protein;Not significant
AENJPLPP_02345;1095.02512291218;0.251655741430683;0.0796408447505501;3.15988287440842;0.00157832573553307;0.00225187875642936;;hypothetical protein;Not significant
AENJPLPP_02311;1920.29578987849;0.211624505046761;0.0671524470344674;3.15140422117664;0.00162487444492803;0.00231715689697866;;putative ABC transporter ATP-binding protein;Not significant
AENJPLPP_00414;18.8509330990872;-1.45002885122878;0.460913120007299;-3.14599170274394;0.00165524701432245;0.00235931439339548;;hypothetical protein;Not significant
AENJPLPP_02041;29.4712970241441;-1.07136295519924;0.343038260863842;-3.12315877681202;0.00178921197456469;0.00254901431992778;;hypothetical protein;Not significant
AENJPLPP_03025;12.5412411432439;-1.77712499718712;0.569611549968968;-3.11988933034088;0.0018091899873469;0.00257621576682356;;hypothetical protein;Not significant
AENJPLPP_02424;40.8838077456078;-0.95653412386883;0.30689390570582;-3.11682345620032;0.00182811012378617;0.00260188498556468;;hypothetical protein;Not significant
AENJPLPP_01939;70.8306354406082;-0.682939707222062;0.219480715508248;-3.11161600526311;0.00186066352846046;0.00264563095452972;;hypothetical protein;Not significant
AENJPLPP_02864;19.4801541893817;1.37578798435099;0.44214478771318;3.11162321163326;0.00186061811352571;0.00264563095452972;;IS3 family transposase IS1485;Not significant
AENJPLPP_00320;103.942993025428;-0.577494678412242;0.185849794854867;-3.10731942891417;0.00188792281790616;0.00268308015897644;;hypothetical protein;Not significant
AENJPLPP_01350;48.2347443805651;0.835955841672037;0.269187487287815;3.10547808181824;0.0018997169951497;0.00269852482432972;;hypothetical protein;Not significant
AENJPLPP_01001;46.6727091430791;0.854299652183035;0.275185858775775;3.1044460496029;0.00190635691224687;0.00270663643513549;;hypothetical protein;Not significant
AENJPLPP_02827;245.0365553305;0.399977554339515;0.129107649539988;3.09801592519607;0.00194820959252667;0.00276471068880977;;hypothetical protein;Not significant
AENJPLPP_01919;2819.24141073365;-0.205985275843669;0.0665986742835838;-3.09293357652382;0.00198188489444605;0.00281112947522011;metQ_1;Methionine-binding lipoprotein MetQ;Not significant
AENJPLPP_02973;57.0985074164275;-0.756051788956763;0.245103233642307;-3.08462592566246;0.00203808312050803;0.0028894342974291;srtA_2;Sortase A;Not significant
AENJPLPP_01976;24.1470258451165;-1.17013420333701;0.380189846057467;-3.07776290048562;0.00208560781321676;0.00295537223945849;metP_2;Methionine import system permease protein MetP;Not significant
AENJPLPP_02703;15.7770587065968;-1.46106753789372;0.475015876288766;-3.07582885294032;0.00209918300228066;0.00297316191762709;;IS4 family transposase IS4Bsu1;Not significant
AENJPLPP_00169;51.8307276505777;0.773579891100721;0.251630987915313;3.07426321976318;0.00211023157280554;0.0029873574817743;;hypothetical protein;Not significant
AENJPLPP_01660;502.167966882783;0.299853751365632;0.0978768164903669;3.06358300277517;0.00218703525277513;0.00309458049372263;rspR_2;HTH-type transcriptional repressor RspR;Not significant
AENJPLPP_01768;135.194128790749;0.505609223620355;0.16511874210507;3.06209469121695;0.0021979391044724;0.00310849862662633;malP;Maltose phosphorylase;Not significant
AENJPLPP_00217;25.9927998216765;1.09116787457128;0.35700118538102;3.05648249712869;0.00223950555198271;0.00316574765406488;rhaR_1;HTH-type transcriptional activator RhaR;Not significant
AENJPLPP_02514;775.007338098916;0.306379915738102;0.100310896794674;3.05430342593018;0.00225583795796251;0.00318728778922214;;hypothetical protein;Not significant
AENJPLPP_02388;849.284893208898;-0.258981615883662;0.0848300082636361;-3.05294813928103;0.00226605096731667;0.00320016509060434;glpQ;Glycerophosphodiester phosphodiesterase;Not significant
AENJPLPP_02324;567.347773147976;-0.275672625983224;0.0903386764345612;-3.05154599185338;0.00227666167310302;0.00321359127100145;;hypothetical protein;Not significant
AENJPLPP_00452;90.0858278071252;-0.626033054967477;0.206021651687931;-3.03867603156465;0.00237620235445427;0.00335247153884246;rnhA;14.7 kDa ribonuclease H-like protein;Not significant
AENJPLPP_03104;8.47830074649542;-2.11936273915387;0.697683779160127;-3.03771250308437;0.0023838126256603;0.00336157983821928;;hypothetical protein;Not significant
AENJPLPP_02505;1639.02100587004;-0.203808078346054;0.0671285465920966;-3.0360865636565;0.00239670545384906;0.00337812501529935;atpE_2;ATP synthase subunit c;Not significant
AENJPLPP_00950;407.810210698327;-0.345544959723952;0.113859778530212;-3.03482901674767;0.0024067208687386;0.00339060046916632;;hypothetical protein;Not significant
AENJPLPP_02974;185.708789219438;-0.469524065614311;0.154749235647176;-3.03409618568207;0.00241257496948176;0.00339720421234569;;hypothetical protein;Not significant
AENJPLPP_00337;208.912784303579;0.395727185332092;0.13058127156007;3.03050491547747;0.00244145212953108;0.00343620522049034;msrR;Regulatory protein MsrR;Not significant
AENJPLPP_00809;2843.85285548552;0.195472592918162;0.0645765724118781;3.026989287561;0.00247002711729294;0.00347474346162177;yitU;5-amino-6-(5-phospho-D-ribitylamino)uracil phosphatase YitU;Not significant
AENJPLPP_00109;6202.61733366509;-0.21524557349885;0.0711178455725647;-3.02660424772324;0.00247317523954652;0.0034774921765135;galT;Galactose-1-phosphate uridylyltransferase;Not significant
AENJPLPP_02789;33.1161941468856;0.988198072941429;0.326785028940392;3.02400044501942;0.00249456071641735;0.00350586911496493;;hypothetical protein;Not significant
AENJPLPP_03174;270.373314490606;0.531062001929318;0.175907683236153;3.01898127562953;0.00253626206255739;0.0035627569349576;;hypothetical protein;Not significant
AENJPLPP_02906;243.352972849221;-0.411100202291557;0.136760693042902;-3.00598215133784;0.00264724536208442;0.00371686523355344;;putative ABC transporter ATP-binding protein;Not significant
AENJPLPP_01940;38.9788294038346;-0.899516026080237;0.29928532418267;-3.00554672547596;0.00265103861267171;0.00372039732053013;yknY;putative ABC transporter ATP-binding protein YknY;Not significant
AENJPLPP_01003;35.6102090068019;0.931627833729836;0.31081942875254;2.99732818334067;0.0027235733734826;0.00382034954893128;pisA;Bacteriocin piscicolin-126;Not significant
AENJPLPP_01932;13.6562699433052;-1.53144132803576;0.511357708279888;-2.99485331547507;0.0027457685075706;0.00384962825904939;;hypothetical protein;Not significant
AENJPLPP_02670;367.416187590416;-0.324969045271756;0.108547722049614;-2.99378963589142;0.00275535847942865;0.00386121457752465;tag;DNA-3-methyladenine glycosylase 1;Not significant
AENJPLPP_02981;41.3096107614541;-0.845533776809259;0.282909934628965;-2.98870302281244;0.00280164299161353;0.00392418681653612;;hypothetical protein;Not significant
AENJPLPP_02642;40.6282993678485;0.888007091662243;0.297485425633258;2.98504402281873;0.00283537514567493;0.00396952520394489;;hypothetical protein;Not significant
AENJPLPP_01591;7368.18441994001;0.159546365944768;0.0534659445297638;2.98407457958497;0.00284437432841644;0.00398021049704405;kup;Low affinity potassium transport system protein kup;Not significant
AENJPLPP_02979;24.5396700649825;-1.1193031150667;0.375451506169549;-2.98121887027732;0.00287103517643262;0.00401558810459741;;hypothetical protein;Not significant
AENJPLPP_02901;24.0212500138769;-1.14120029113242;0.383447887373096;-2.97615485366342;0.00291887433844531;0.00408053868149436;;ISL3 family transposase ISEfa5;Not significant
AENJPLPP_02130;18102.3686442582;0.206638317779184;0.069448975003072;2.97539766094523;0.00292608964349144;0.00408866268802642;divIVA;Cell division protein DivIVA;Not significant
AENJPLPP_01719;8.2939215770922;-2.08223652057226;0.700087729613225;-2.97425084385156;0.00293704868748237;0.00410200756736148;;hypothetical protein;Not significant
AENJPLPP_02464;819.081375057119;0.259570265531785;0.0873416058651919;2.97189710402646;0.00295965856313889;0.00413160390022073;ntpK;V-type sodium ATPase subunit K;Not significant
AENJPLPP_02476;337.394392922276;0.341072205022512;0.114841358516045;2.96994227018709;0.00297855717506001;0.00415599352840189;;hypothetical protein;Not significant
AENJPLPP_01783;115.163646090848;-0.514566704391526;0.173291188073964;-2.96937605489725;0.00298405166278353;0.00416166592051036;lpdC;Gallate decarboxylase;Not significant
AENJPLPP_03077;21.2200846728779;1.26547617258994;0.426939142869733;2.9640668786747;0.00303602296284707;0.00423212008990458;;hypothetical protein;Not significant
AENJPLPP_01342;307.097688302316;0.340591012712842;0.115083513874703;2.95951176016106;0.00308126941258189;0.0042931370954251;ndvA;Beta-(1-->2)glucan export ATP-binding/permease protein NdvA;Not significant
AENJPLPP_00350;100.066544816594;-0.590739650928527;0.199925129272458;-2.95480439641715;0.00312867343867499;0.0043571004559644;;hypothetical protein;Not significant
AENJPLPP_01936;7952.06415574687;0.169925457209556;0.0575282835930221;2.95377241587245;0.0031391541242138;0.0043696065055978;;hypothetical protein;Not significant
AENJPLPP_00152;92.1586059009399;-0.618681594075641;0.209717355657072;-2.95007340778845;0.0031769843566815;0.00442015214842643;;hypothetical protein;Not significant
AENJPLPP_02790;29.0274187277745;1.06100671357246;0.360016125417947;2.94710886169535;0.00320760259443153;0.00446062022683124;;hypothetical protein;Not significant
AENJPLPP_01657;28.72994737293;-1.01090699403081;0.343926757084109;-2.93930894647893;0.0032894500230511;0.00457225702488057;;hypothetical protein;Not significant
AENJPLPP_00734;34.0563170864665;-0.912620403596099;0.311343456825769;-2.93123360580791;0.00337618792442348;0.00469058169652727;mhqD;Putative hydrolase MhqD;Not significant
AENJPLPP_00288;12.5984753326701;1.6067363781812;0.548856774318331;2.92742378952457;0.00341782812955459;0.00474616858047828;;6-phosphogluconate dehydrogenase%2C NAD(+)-dependent%2C decarboxylating;Not significant
AENJPLPP_01668;327.484000289241;0.395824272336309;0.135568701900103;2.91973196459446;0.00350332560063426;0.00486257585750571;;hypothetical protein;Not significant
AENJPLPP_02784;38.5159364703567;0.862779884406538;0.295539777301028;2.91933590897897;0.00350778014213212;0.00486643914906562;;hypothetical protein;Not significant
AENJPLPP_01646;208.806894117576;0.392148392130429;0.134543341061419;2.91466221246441;0.00356073709130943;0.00493755543328241;kduD;2-dehydro-3-deoxy-D-gluconate 5-dehydrogenase;Not significant
AENJPLPP_01599;3.45733613843624;-4.11896419587619;1.41525326208401;-2.91040784446656;0.00360957396533823;0.00500289356833172;;hypothetical protein;Not significant
AENJPLPP_00806;2914.23726108559;0.180668797900594;0.0620886260747612;2.90985337126078;0.00361598356715432;0.00500939302928325;sbnD_1;Staphyloferrin B transporter;Not significant
AENJPLPP_00341;114.529039057499;-0.527811000340982;0.181491600856885;-2.90818416857311;0.00363534176073462;0.00503381607572954;napA_2;Na(+)/H(+) antiporter;Not significant
AENJPLPP_01454;26.0879948168038;-1.06023933840263;0.364680231304087;-2.90731234487607;0.00364548995862916;0.00504546899217115;lacE_2;PTS system lactose-specific EIICB component;Not significant
AENJPLPP_00650;1280.5757372395;0.255481013531523;0.0880562727817079;2.90133803601774;0.00371572806549476;0.00514023758989109;yccU;putative protein YccU;Not significant
AENJPLPP_02617;48.4937237837465;0.800403272709404;0.275954011294401;2.90049515480858;0.0037257359812337;0.0051516349370145;;hypothetical protein;Not significant
AENJPLPP_02507;2853.54102680515;-0.225382340507239;0.0777424205692221;-2.89909085486422;0.00374246431171387;0.0051723094806411;atpH;ATP synthase subunit delta;Not significant
AENJPLPP_00679;232.298675962877;-0.376544045944272;0.13009888734014;-2.89429105538626;0.00380015731568189;0.0052495531799173;;hypothetical protein;Not significant
AENJPLPP_01945;98.7438122000418;0.544695095304366;0.188512549201514;2.88943679140482;0.00385932586681138;0.00532876098821941;;hypothetical protein;Not significant
AENJPLPP_01280;144.326399023811;0.447180490851789;0.154941988547694;2.88611560393224;0.00390028865326003;0.00538276803710578;qorB;Quinone oxidoreductase 2;Not significant
AENJPLPP_01964;629.302659537213;-0.269129270064637;0.0933193841894756;-2.88395891595466;0.00392709983557975;0.00541720261544681;;hypothetical protein;Not significant
AENJPLPP_02668;789.239581610902;0.238226271975458;0.0826773660501848;2.88139648559746;0.00395917258459798;0.00545885916967298;;hypothetical protein;Not significant
AENJPLPP_02997;40.4671250211266;-0.828031640489295;0.287602560692505;-2.87908299041398;0.00398833365244172;0.00549646360431154;;hypothetical protein;Not significant
AENJPLPP_01718;14.903358734118;-1.41785420954404;0.493575499684224;-2.87261869856009;0.00407085120394216;0.00560753013523158;;hypothetical protein;Not significant
AENJPLPP_02382;1655.1298486986;-0.206612115698425;0.0720395044981609;-2.86803910073672;0.00413024486109529;0.00568665391749858;;putative ABC transporter ATP-binding protein;Not significant
AENJPLPP_02606;19.1184815397925;1.2092019164726;0.421710008348193;2.86737780117895;0.00413888604694989;0.00569585830279682;fruA_5;PTS system fructose-specific EIIABC component;Not significant
AENJPLPP_01946;11.5799208576278;1.74800840569243;0.609864243289044;2.86622543447586;0.00415398320319646;0.00571393438247902;;hypothetical protein;Not significant
AENJPLPP_00305;187.998727160971;0.42525882429746;0.148569232571805;2.86236131758929;0.0042049723754993;0.00578134067868458;;hypothetical protein;Not significant
AENJPLPP_03019;6.53765668334942;2.31649482443414;0.811766269719373;2.85364754713811;0.0043220452408296;0.00593949775426889;;hypothetical protein;Not significant
AENJPLPP_00700;3.27769058903292;-4.0410066468974;1.43072833469955;-2.82444021614068;0.00473632832193162;0.00650574909125702;;hypothetical protein;Not significant
AENJPLPP_01142;92.0711775235013;-0.554421101997499;0.196414034295139;-2.82271632975272;0.00476186840052333;0.00653774671490991;licC_2;Lichenan permease IIC component;Not significant
AENJPLPP_03127;4.03613381787981;3.57980421916155;1.26900922282987;2.82094420967142;0.00478825294540915;0.00657087303347382;;IS6 family transposase IS1216V;Not significant
AENJPLPP_00428;607.598373230108;0.258476123591179;0.0917161726670767;2.81821750815343;0.00482910841116229;0.00662381709529184;;hypothetical protein;Not significant
AENJPLPP_02051;2392.82723617084;-0.207606643078175;0.0737032444375248;-2.81679110143048;0.00485060636502809;0.0066501721916016;rho;Transcription termination factor Rho;Not significant
AENJPLPP_00433;1444.72334248759;0.219181626000175;0.0778987822902073;2.8136720441101;0.00489791690697156;0.00671187483910644;yfbR;5'-deoxynucleotidase YfbR;Not significant
AENJPLPP_01198;28728.3874787037;0.244427254934862;0.0868845557802859;2.81324169456504;0.00490447720935447;0.0067177034965382;ftsH;ATP-dependent zinc metalloprotease FtsH;Not significant
AENJPLPP_02047;296.026326763248;-0.327562677789993;0.116676115719783;-2.80745271445861;0.00499350103003869;0.00683642454135997;;hypothetical protein;Not significant
AENJPLPP_02212;54.6173878245677;0.741520728361977;0.264185147861774;2.80682216378777;0.0050032854564365;0.0068466011509131;;hypothetical protein;Not significant
AENJPLPP_01132;276.585324041206;-0.344702465760753;0.123297351979169;-2.79570047716022;0.00517873713586963;0.0070833642741439;rhaR_3;HTH-type transcriptional activator RhaR;Not significant
AENJPLPP_01549;47.0171767355707;-0.740210780222762;0.264933075536151;-2.79395382673447;0.00520679125017839;0.00711839254484482;;hypothetical protein;Not significant
AENJPLPP_00635;1859.19436585437;0.202875442505578;0.0726873957329148;2.79106770107752;0.00525344825635854;0.00717880869193621;;hypothetical protein;Not significant
AENJPLPP_01902;6194.20689405805;0.172339457907984;0.0619902761034317;2.78010469933111;0.00543413749872849;0.00741875686652479;mnmA;tRNA-specific 2-thiouridylase MnmA;Not significant
AENJPLPP_02126;17679.1197775326;-0.168491905713611;0.0606038669446118;-2.78021707538237;0.00543225723467923;0.00741875686652479;ftsZ;Cell division protein FtsZ;Not significant
AENJPLPP_00616;2973.12239334736;-0.176462757469304;0.0637810860235663;-2.76669414823234;0.00566278549351308;0.00772728742132619;;hypothetical protein;Not significant
AENJPLPP_02227;149.322546502331;0.450379906645318;0.162935030617938;2.76416866856214;0.00570680316899531;0.00778370530590835;;Extracellular exo-alpha-(1->5)-L-arabinofuranosidase;Not significant
AENJPLPP_02448;382.111897216243;-0.310711404519131;0.112788293908633;-2.7548196160395;0.00587245017582602;0.00800588713108866;;putative ABC transporter permease;Not significant
AENJPLPP_01294;1080.22292944267;-0.226841353175082;0.0826588489497139;-2.74430815402574;0.00606385862660027;0.0082629650541226;phoR_2;Alkaline phosphatase synthesis sensor protein PhoR;Not significant
AENJPLPP_02738;50.601398914508;-0.712752345314722;0.259747456494536;-2.74402049950281;0.00606917477964902;0.00826634095338539;;hypothetical protein;Not significant
AENJPLPP_01452;31.8153995286143;-0.920999750009715;0.336122364252292;-2.74007280669494;0.00614255757734924;0.00836237852512435;lacG_2;6-phospho-beta-galactosidase;Not significant
AENJPLPP_01261;1423.87269959895;-0.188475188118352;0.0688509526011844;-2.7374376242851;0.00619198612512288;0.00842573065250366;proB;Glutamate 5-kinase 1;Not significant
AENJPLPP_00667;1660.5874803222;0.193247010589257;0.0707161696414247;2.73271320504406;0.00628150019630585;0.00854354440525111;;hypothetical protein;Not significant
AENJPLPP_01616;7013.72886460195;-0.153053649178872;0.0562584535620321;-2.72054490460017;0.00651744192634612;0.00886031320705877;;hypothetical protein;Not significant
AENJPLPP_02881;104.33905033773;-0.509623106002458;0.187351338156336;-2.72014660272777;0.00652529793263109;0.00886685374700034;ebgA;Evolved beta-galactosidase subunit alpha;Not significant
AENJPLPP_02402;3379.90751012966;0.165838550120392;0.0612245365851217;2.70869424858485;0.00675485574733693;0.00917450556727851;rex_2;Redox-sensing transcriptional repressor Rex;Not significant
AENJPLPP_03070;401.824391528929;-0.280841352983455;0.103752564620853;-2.70683769610653;0.00679274576975886;0.00922166698439991;;hypothetical protein;Not significant
AENJPLPP_03153;42.903923256325;0.759809932797948;0.281949374067179;2.6948452547971;0.00704213276012253;0.00955577381056701;;hypothetical protein;Not significant
AENJPLPP_01239;5149.76568022807;0.149121509609755;0.0553966521561639;2.69188667194868;0.00710490836165107;0.00963646630141031;mprF_2;Phosphatidylglycerol lysyltransferase;Not significant
AENJPLPP_00567;414.526499123756;-0.289006060472769;0.107610460906229;-2.68566882846647;0.00723847949981024;0.00981305973158633;;hypothetical protein;Not significant
AENJPLPP_00300;295.494012881287;0.355658305626135;0.132628108400691;2.681620886514;0.00732664377979791;0.00992796030096394;;hypothetical protein;Not significant
AENJPLPP_02623;1264.29476039976;-0.270534333176942;0.101114191990717;-2.67553276004795;0.00746105809801624;0.0101053958983364;;hypothetical protein;Not significant
AENJPLPP_00999;122.46485251758;-0.476037040310414;0.178186674928369;-2.67156363124112;0.00754987567870761;0.0102209381573206;;IS30 family transposase IS1252;Not significant
AENJPLPP_01974;7.00308996460883;-1.99822748364583;0.750092407389016;-2.66397508355194;0.00772232823439493;0.0104495445253522;;hypothetical protein;Not significant
AENJPLPP_02809;11.5748509632549;1.43695360333284;0.54119980793157;2.65512585605819;0.00792788239570538;0.0107227094920084;;hypothetical protein;Not significant
AENJPLPP_01628;3802.24501508338;0.163584495402362;0.061755335716242;2.64891273774322;0.00807511789911937;0.0109167796296358;;Calcium-transporting ATPase 1;Not significant
AENJPLPP_01326;74.0863936597529;-0.613225413402299;0.231539059051092;-2.64847501719778;0.00808558251604303;0.0109258544253909;;hypothetical protein;Not significant
AENJPLPP_02744;6.52149857189136;-2.12441915714287;0.806650348301101;-2.63363074424643;0.00844773043952537;0.0114099216326057;araQ_6;L-arabinose transport system permease protein AraQ;Not significant
AENJPLPP_02465;1857.84894669638;0.176825468759224;0.0675176335952432;2.61895240314941;0.00882002529593036;0.0119072386007182;atpE_1;V-type proton ATPase subunit E;Not significant
AENJPLPP_02050;4648.91536339926;-0.204155375819637;0.0779678038569536;-2.61845743653622;0.00883283100753812;0.0119190008776418;murA1_1;UDP-N-acetylglucosamine 1-carboxyvinyltransferase;Not significant
AENJPLPP_02742;294.748522655551;0.302941396285142;0.115897407919995;2.61387551043649;0.00895216485256754;0.0120744344838706;;hypothetical protein;Not significant
AENJPLPP_00158;6.37261330298685;-2.08245770043444;0.797629652119228;-2.61080777890032;0.00903286497973877;0.0121776401949071;;hypothetical protein;Not significant
AENJPLPP_01108;20.926954652066;-1.03450717551034;0.396567233996871;-2.60865519595222;0.00908987826538816;0.0122488317949145;;hypothetical protein;Not significant
AENJPLPP_01749;592.509235959496;-0.308278938137108;0.118206353685727;-2.60797265565542;0.00910802298450239;0.0122676054259348;dhaM-2;PEP-dependent dihydroxyacetone kinase 2%2C phosphoryl donor subunit DhaM;Not significant
AENJPLPP_02817;123.709036816973;-0.431194713256096;0.165652843507108;-2.60300218292113;0.00924113653035028;0.0124411417366528;;hypothetical protein;Not significant
AENJPLPP_03016;18.5061539837039;-1.19313993249572;0.459460379849219;-2.59682876875536;0.0094088815130099;0.0126611196700022;;hypothetical protein;Not significant
AENJPLPP_02677;2429.97644266882;-0.167419070974649;0.0646665449538425;-2.58895957862213;0.00962663938061153;0.0129481634532752;trmD;tRNA (guanine-N(1)-)-methyltransferase;Not significant
AENJPLPP_00995;3262.64627385394;-0.165799715185803;0.0640590030639391;-2.58823439728392;0.00964693110900081;0.0129694660154249;walR_1;Transcriptional regulatory protein WalR;Not significant
AENJPLPP_02333;1266.01801827324;0.220911376016149;0.0854707746708948;2.58464225773977;0.00974800818683004;0.013099307724988;;hypothetical protein;Not significant
AENJPLPP_01447;85.5546729478361;-0.523201265269933;0.203369844596475;-2.57265902084975;0.010092058159228;0.0135553843909926;;hypothetical protein;Not significant
AENJPLPP_01290;489.53629246074;-0.247184309788778;0.0961559464849344;-2.57066066972266;0.0101504730060839;0.0136275598864529;yadH;Inner membrane transport permease YadH;Not significant
AENJPLPP_03015;47.8802203264411;-0.668284902883683;0.260816218177152;-2.56228277349597;0.0103986615095721;0.0139543328644581;;hypothetical protein;Not significant
AENJPLPP_01144;9.73237644657485;1.52307563987477;0.594548195134774;2.56173620967684;0.0104150390920528;0.0139698727941307;licA_1;Lichenan-specific phosphotransferase enzyme IIA component;Not significant
AENJPLPP_02840;91.1566094604018;-0.503531915082523;0.196600642599156;-2.56119160357558;0.0104313808362375;0.0139853503660789;;hypothetical protein;Not significant
AENJPLPP_02845;109.637325942762;-0.479935842891537;0.188179889355928;-2.55040984737628;0.0107596347749168;0.0144188018704821;;hypothetical protein;Not significant
AENJPLPP_01084;11.673693953373;-1.43048835097793;0.561122672488329;-2.54933265240264;0.0107929296309855;0.0144567668286246;;hypothetical protein;Not significant
AENJPLPP_02247;585.57231277163;0.228805253566317;0.0898824370865885;2.54560580445652;0.0109088299137579;0.0146052931994772;amiE;N-acetylmuramyl-L-alanine amidase;Not significant
AENJPLPP_02562;28.4538537704099;0.879317686153534;0.34663617795266;2.53671642512058;0.011189755332593;0.0149745255186171;licT_3;Transcription antiterminator LicT;Not significant
AENJPLPP_00738;5.02862023825491;2.42041958296423;0.954841519508303;2.53489142806717;0.0112482182273494;0.015045369881135;;hypothetical protein;Not significant
AENJPLPP_02449;377.792508043425;0.278308079112545;0.109797412985066;2.53474168057493;0.0112530273355467;0.015045369881135;hrtA_2;Putative hemin import ATP-binding protein HrtA;Not significant
AENJPLPP_02103;678.772339034013;-0.23019036491156;0.0909757231973086;-2.5302394619312;0.0113984703794233;0.0152328342105923;;hypothetical protein;Not significant
AENJPLPP_01949;419.505004108277;0.278169707445247;0.110581657515485;2.51551399838888;0.0118858957088358;0.0158769395890504;;hypothetical protein;Not significant
AENJPLPP_02998;8.64933024663299;-1.64052504732206;0.653151665606337;-2.51170613765352;0.0120149091890937;0.0160419145156537;;hypothetical protein;Not significant
AENJPLPP_02070;5482.61218484774;0.157094503190438;0.0626962413012105;2.50564467550315;0.0122228382425001;0.0163120554363705;;hypothetical protein;Not significant
AENJPLPP_02406;10.2400819760621;-1.51743317348214;0.606516837947157;-2.50188136345582;0.0123535313442484;0.0164789204188966;;hypothetical protein;Not significant
AENJPLPP_00330;33.0590851380165;-0.815915391660986;0.326318161886463;-2.50036769925442;0.0124064462886679;0.0165419283848905;;hypothetical protein;Not significant
AENJPLPP_01517;9.73131959026098;-1.53530917459198;0.614140659556174;-2.49993083946195;0.0124217553945516;0.0165547605075214;;IS982 family transposase ISEfm1;Not significant
AENJPLPP_00563;1128.27539271941;-0.192424786054029;0.0773631621472287;-2.48729215188785;0.0128719644588878;0.0171469169735961;;hypothetical protein;Not significant
AENJPLPP_02399;102.001439103854;0.456570057357936;0.183695412124198;2.4854733826953;0.0129379262078166;0.0172269049461188;;hypothetical protein;Not significant
AENJPLPP_01372;20.1000775705554;-1.00875545611562;0.405904189639899;-2.48520582409002;0.0129476550103412;0.0172319796115692;ycjM;Glucosylglycerate phosphorylase;Not significant
AENJPLPP_03116;5.89960161542606;2.13504393922954;0.86152460365046;2.47821586311396;0.0132041233042837;0.0175652841763702;;hypothetical protein;Not significant
AENJPLPP_02929;79.3931405834575;-0.514415628290322;0.208128917705331;-2.47162015716928;0.013450234256829;0.017884512399948;;hypothetical protein;Not significant
AENJPLPP_01691;471.450825456596;-0.242872344681784;0.09853257436519;-2.46489393225056;0.0137053815909774;0.0182154592391265;;hypothetical protein;Not significant
AENJPLPP_00406;11.2608614139225;-1.36445792079852;0.554463429953288;-2.46086188391806;0.0138603712007124;0.0184130478724793;;hypothetical protein;Not significant
AENJPLPP_02716;20.7861737975618;0.966072697720294;0.392821006799964;2.4593203545559;0.0139200343929621;0.0184838760384431;manZ_6;PTS system mannose-specific EIID component;Not significant
AENJPLPP_03099;16.6237957982254;-1.12703889170497;0.458694543922593;-2.45705754872716;0.014008024474785;0.0185922366775633;;hypothetical protein;Not significant
AENJPLPP_01314;17.0654507482143;-1.11455812669013;0.455039003666437;-2.44936833482334;0.014310702002864;0.018985314001066;;hypothetical protein;Not significant
AENJPLPP_01209;1856.5435681846;-0.214492636736126;0.0879850119827913;-2.43783153405807;0.0147756581842925;0.0195932225103186;;putative transcriptional regulatory protein;Not significant
AENJPLPP_00009;61.6685499470918;-0.577209006904606;0.23694987355582;-2.43599626470629;0.0148508378806586;0.0196839508003995;;hypothetical protein;Not significant
AENJPLPP_03128;3.81233133961108;2.83183839798621;1.16394314220239;2.43296970041669;0.0149755540099244;0.0198402244207916;;hypothetical protein;Not significant
AENJPLPP_00001;91.4948455320383;-0.471376607177566;0.193896858132224;-2.43106882555116;0.0150543545660482;0.0199355527495827;;hypothetical protein;Not significant
AENJPLPP_03085;2.44876607044207;3.76773054731249;1.55142240909897;2.42856524774623;0.0151586972606073;0.0200646029194947;vanH_2;D-specific alpha-keto acid dehydrogenase;Not significant
AENJPLPP_02423;8.49872659976773;-1.59632793025437;0.657789427121822;-2.42680691484987;0.0152323602758118;0.0201529455352857;;hypothetical protein;Not significant
AENJPLPP_01348;221.320444571674;0.329610704778418;0.136049310181946;2.42272970247046;0.015404383612383;0.0203712829606082;;hypothetical protein;Not significant
AENJPLPP_00848;35.5263816953927;-0.771416144200497;0.319639934974773;-2.41339100591852;0.0158048541853453;0.020881912607861;;hypothetical protein;Not significant
AENJPLPP_02137;3137.15148227646;-0.143895844940269;0.0596202625590379;-2.41353926943509;0.0157984253533386;0.020881912607861;yfmL;putative ATP-dependent RNA helicase YfmL;Not significant
AENJPLPP_02320;50.937196567995;-0.656336607100897;0.272266052476063;-2.41064429858952;0.0159243705999707;0.0210302799034534;frlB_1;Fructosamine deglycase FrlB;Not significant
AENJPLPP_01681;13.8963287641703;-1.21253689053522;0.504906263361426;-2.40150891070894;0.0163276114055161;0.021553039171742;;hypothetical protein;Not significant
AENJPLPP_02513;15882.631212525;0.133235719202104;0.0557453877241892;2.39007610569169;0.0168448817898671;0.0222257796883068;murA1_2;UDP-N-acetylglucosamine 1-carboxyvinyltransferase 1;Not significant
AENJPLPP_02787;11.4908328878083;1.31082045708457;0.549319117468021;2.38626404106696;0.0170205258502578;0.0224473601793254;;hypothetical protein;Not significant
AENJPLPP_03071;945.463192240631;-0.180910595873303;0.0758977495143043;-2.38360948817339;0.0171437838670757;0.0225996824902329;;hypothetical protein;Not significant
AENJPLPP_01281;385.859605843269;0.251133787736884;0.105370713963397;2.3833357323945;0.0171565395158037;0.0226062638325885;ywnA;Putative HTH-type transcriptional regulator YwnA;Not significant
AENJPLPP_00284;27.0025679737472;-0.834324382521486;0.350117946105125;-2.38298091201236;0.0171730847578891;0.0226178303098024;;hypothetical protein;Not significant
AENJPLPP_02229;15.1260817070606;-1.11565665351097;0.468891206402534;-2.37935077108954;0.0173431636800394;0.0228315066167608;xylT;D-xylose transporter;Not significant
AENJPLPP_01992;973.688649468548;0.182207817899211;0.0767568443723732;2.37383153761846;0.0176045804765912;0.0231651777441634;;hypothetical protein;Not significant
AENJPLPP_03023;19.4667665109063;-0.988270149078458;0.417341890524285;-2.36801090788405;0.0178840086243633;0.0235222371789276;;hypothetical protein;Not significant
AENJPLPP_01442;7.01063772708576;-1.78481284642746;0.755993342790676;-2.36088434302741;0.0182314155138084;0.0239683440073183;;hypothetical protein;Not significant
AENJPLPP_00689;65.8238189072178;0.543843735702055;0.231072402011121;2.35356421177411;0.0185943960491268;0.0244249947473306;;hypothetical protein;Not significant
AENJPLPP_01680;161.744706547962;0.362650566354178;0.154087188123457;2.35354133442696;0.0185955403004231;0.0244249947473306;agaA_2;Alpha-galactosidase AgaA;Not significant
AENJPLPP_01535;6135.67161828582;-0.139573069637503;0.0596948376434826;-2.33810954426378;0.0193815662349202;0.0254459517024742;gshAB;Glutathione biosynthesis bifunctional protein GshAB;Not significant
AENJPLPP_00385;4973.74363583413;0.137927275002397;0.0591088751718199;2.33344442101909;0.0196248321543311;0.0257537229533178;;hypothetical protein;Not significant
AENJPLPP_03148;13.7317082007301;1.1634700928881;0.498834708800056;2.33237598018553;0.01968092058456;0.0258156940280354;;hypothetical protein;Not significant
AENJPLPP_02752;19.0014142240335;1.02080219352714;0.439175307740654;2.32436153748869;0.0201061251874186;0.0263615653065119;;hypothetical protein;Not significant
AENJPLPP_01029;108.901690263848;0.474197351673279;0.20416541712005;2.32261348842664;0.0201999254559956;0.0264726295804947;secE;Protein translocase subunit SecE;Not significant
AENJPLPP_01119;107.504915921437;0.435954946844449;0.187943485866099;2.31960658192243;0.0203621694750491;0.0266732512421695;uxaA;Altronate dehydratase;Not significant
AENJPLPP_02451;21.8552836160356;-0.91956035980594;0.398118518055301;-2.30976535404014;0.0209011483809051;0.027366971261329;;hypothetical protein;Not significant
AENJPLPP_02429;5.40495890862711;-2.04347579362941;0.885794322711842;-2.30694162429643;0.0210580746488534;0.02754766998089;;hypothetical protein;Not significant
AENJPLPP_02869;132.869494108791;-0.378102139830488;0.163887576116057;-2.30708238410174;0.0210502278050599;0.02754766998089;;IS256 family transposase ISBsu2;Not significant
AENJPLPP_02154;1108.06366076679;-0.190343804113336;0.0825503040147848;-2.30579167920745;0.0211222753922939;0.027619248290238;;hypothetical protein;Not significant
AENJPLPP_01109;24.4454268851899;-0.861087012697874;0.3738342745996;-2.30339236181635;0.0212567771202804;0.0277826458591816;;hypothetical protein;Not significant
AENJPLPP_01309;9.15733797101026;1.4288006073406;0.622331661298136;2.29588288077812;0.0216825788303026;0.0283264556096192;;hypothetical protein;Not significant
AENJPLPP_01544;9.02743009811092;-1.41166850017273;0.618266297251897;-2.28326937186676;0.0224145059928939;0.0292695253144874;;IS256 family transposase IS256;Not significant
AENJPLPP_03158;10.5393117120755;-1.32160530863235;0.579112468726331;-2.28212200565983;0.0224821381396973;0.0293446823230831;;hypothetical protein;Not significant
AENJPLPP_00168;39.7952459691669;0.664376805310714;0.292603935832381;2.2705668788109;0.0231732104072526;0.0302331490617919;;hypothetical protein;Not significant
AENJPLPP_02054;27.6344412549613;0.787278274145797;0.346764778668839;2.27035247688073;0.0231862054442188;0.0302365563159719;fruA_4;PTS system fructose-specific EIIABC component;Not significant
AENJPLPP_02405;96.3344639917197;-0.439269404208789;0.193943016911167;-2.26494055421439;0.0235163276949255;0.0306533331457578;;Putative two-component membrane permease complex subunit SMU_746c;Not significant
AENJPLPP_01259;5191.84479132178;-0.170286097583071;0.0752248910863691;-2.26369350787837;0.0235929720693211;0.0307394785977016;radA;DNA repair protein RadA;Not significant
AENJPLPP_02810;4.79924271263223;2.0492655112309;0.905957489355405;2.26198859804003;0.0236981077632016;0.0308626519706811;;hypothetical protein;Not significant
AENJPLPP_01542;67.9647635960264;-0.496335127590165;0.219949667738676;-2.25658503007999;0.0240340166437579;0.0312861226940648;;IS30 family transposase IS1252;Not significant
AENJPLPP_01791;541.853393254247;-0.212024468554051;0.094113112918135;-2.25286851087884;0.02426744084478;0.0315758658355672;;hypothetical protein;Not significant
AENJPLPP_03021;12.9556647975551;-1.13886785864703;0.506905885498347;-2.24670474584723;0.024658902754069;0.0320708909423176;;hypothetical protein;Not significant
AENJPLPP_01345;20.3357319549904;0.923751261995591;0.411789150940392;2.24326274717546;0.0248798761295821;0.0323438389684567;btuD_3;Vitamin B12 import ATP-binding protein BtuD;Not significant
AENJPLPP_00171;3.39632701882461;2.64732220539708;1.18329972981693;2.23723722628303;0.0252708395239581;0.0328374318133718;;IS30 family transposase IS1252;Not significant
AENJPLPP_00153;860.816866653785;0.218637095672201;0.0980697171420066;2.22940477492773;0.0257869848197198;0.0334931756445246;hemW;Heme chaperone HemW;Not significant
AENJPLPP_01658;77.6744480651343;-0.459121970156851;0.206251309395579;-2.22603178376085;0.026012052549035;0.033770440045827;;hypothetical protein;Not significant
AENJPLPP_02112;1654.64896059841;0.185319884339578;0.0833808683546234;2.22257081266416;0.0262447541563179;0.0340573636823519;argR_3;Arginine repressor;Not significant
AENJPLPP_01248;2190.44913716232;0.155647108187096;0.0700425526268508;2.22217926602847;0.0262711930955304;0.0340764874361623;mscL;Large-conductance mechanosensitive channel;Not significant
AENJPLPP_02811;13.3315281911011;1.1162253357434;0.503472972969124;2.21705115402858;0.026619596127976;0.034513029352033;;hypothetical protein;Not significant
AENJPLPP_00355;77.4087952446783;0.466110722230667;0.210271715581297;2.2167067070438;0.0266431401691248;0.0345281816521991;;hypothetical protein;Not significant
AENJPLPP_02214;33.272496393828;0.729965367550142;0.33035870708407;2.20961443393826;0.0271319327048468;0.0351459911194457;;hypothetical protein;Not significant
AENJPLPP_02573;32978.3025572701;0.138443735809679;0.0627367397667652;2.20674099936286;0.0273321591348343;0.0353896164520398;yqeY;putative protein YqeY;Not significant
AENJPLPP_01208;3938.07490478402;-0.13058667206083;0.0594460866828267;-2.19672444979554;0.0280401315969597;0.0362901614268207;;hypothetical protein;Not significant
AENJPLPP_01690;122.299952422813;0.373496046795106;0.170345197395889;2.19258336897568;0.0283374104459119;0.0366586136021748;;hypothetical protein;Not significant
AENJPLPP_02471;5687.06373690271;0.170682448217274;0.0779038167566469;2.19093820204529;0.028456264765898;0.0367960226457792;ntpJ_2;Potassium/sodium uptake protein NtpJ;Not significant
AENJPLPP_01163;497.728325683248;0.239995824508305;0.109666866488906;2.18840778616195;0.0286399116302671;0.0370170540023692;;hypothetical protein;Not significant
AENJPLPP_01532;15350.5954634766;0.11892305375837;0.0544526819319851;2.18397055092552;0.0289644120970287;0.0374198615911924;smc_2;Chromosome partition protein Smc;Not significant
AENJPLPP_01596;2225.86071742588;0.151128433437918;0.0692058008926641;2.18375383983075;0.0289803411825552;0.0374238374827498;rsuA;Ribosomal small subunit pseudouridine synthase A;Not significant
AENJPLPP_01597;842.892756388324;0.17236998582989;0.0790582091120156;2.18029206284781;0.0292358190446472;0.0377370146533744;yfnB_2;Putative HAD-hydrolase YfnB;Not significant
AENJPLPP_02813;16.6999636581867;-0.999285164473116;0.458802899935775;-2.17802713237645;0.0294040168186416;0.0379373048187348;;hypothetical protein;Not significant
AENJPLPP_00982;786.486109689179;-0.180503507665409;0.0828959360137623;-2.17747113242611;0.0294454333976025;0.0379739158785733;;hypothetical protein;Not significant
AENJPLPP_00225;744.369898441904;-0.184989516090378;0.085085921574679;-2.1741495263469;0.0296939075369196;0.0382774053773837;;hypothetical protein;Not significant
AENJPLPP_01728;211.380767630004;-0.30909891577242;0.142433027069292;-2.17013513040095;0.0299966105477034;0.0386504999623505;malL_2;Oligo-1%2C6-glucosidase;Not significant
AENJPLPP_00497;836.17828734865;-0.174629217525524;0.08075725011684;-2.16239677890059;0.030587605648238;0.0393945633116626;;hypothetical protein;Not significant
AENJPLPP_02559;1489.58589313382;-0.167454501686304;0.0775167620359253;-2.16023602235471;0.0307544028580134;0.0395918749436494;;hypothetical protein;Not significant
AENJPLPP_01464;18180.8043631987;0.154630880085132;0.0717515499662797;2.1550876623265;0.0311549749973044;0.0400898308405437;mglA;Galactose/methyl galactoside import ATP-binding protein MglA;Not significant
AENJPLPP_01583;783.602172278221;-0.196837873850632;0.0913633080529772;-2.15445213232095;0.0312047320073256;0.040136121733804;;hypothetical protein;Not significant
AENJPLPP_00464;919.029538716789;-0.175328354122812;0.0816171858235044;-2.14817936141484;0.0316995095936769;0.040754512996374;yedJ;putative protein YedJ;Not significant
AENJPLPP_01900;276.412452741277;-0.251954285779137;0.11739241628472;-2.14625691976606;0.0318524866086062;0.0409331160654286;;hypothetical protein;Not significant
AENJPLPP_01013;688.671240612322;0.18499826279245;0.0863619078216391;2.142128022166;0.0321831815264237;0.0413398432311185;;hypothetical protein;Not significant
AENJPLPP_03055;29.7180931811942;0.710637681754345;0.336865758531997;2.10955748322769;0.0348964897838252;0.0448053695989855;;hypothetical protein;Not significant
AENJPLPP_01349;14.5258213408403;0.995523593805104;0.473735616057032;2.10143286690367;0.0356029853370463;0.0456923284713436;;hypothetical protein;Not significant
AENJPLPP_02967;12.2146448720987;-1.11181671562879;0.529807079526149;-2.09853125523197;0.0358582418890392;0.045999647744882;;hypothetical protein;Not significant
AENJPLPP_01640;27.7893584631015;0.730638472444211;0.348714927330523;2.09523142022449;0.0361504254577643;0.0463540462056405;fucO;Lactaldehyde reductase;Not significant
AENJPLPP_01143;12.2134702972031;1.07871475819551;0.514891247837936;2.09503417027404;0.0361679550361307;0.0463561113843365;;hypothetical protein;Not significant
AENJPLPP_02504;5272.0252732164;-0.123577767206089;0.0591474221038456;-2.08931789096611;0.0366791169392715;0.0469905800823399;atpB;ATP synthase subunit a;Not significant
AENJPLPP_02854;459.108850687611;-0.220559030387373;0.10567896042385;-2.08706661669237;0.0368821132065972;0.0472298652847894;nagR_2;HTH-type transcriptional repressor NagR;Not significant
AENJPLPP_01782;35.3872365482606;-0.688830497971785;0.330392829762397;-2.08488331440836;0.0370798936123395;0.0474622638237946;vdcB;putative UbiX-like flavin prenyltransferase;Not significant
AENJPLPP_01019;119.115617361294;0.3539100885815;0.169834170605035;2.08385678406586;0.0371731963395836;0.0475607854748979;;hypothetical protein;Not significant
AENJPLPP_01300;7.45567976992631;1.41179115182858;0.677890468792749;2.08262428345221;0.0372854839693037;0.0476834999203392;;hypothetical protein;Not significant
AENJPLPP_02338;20.6104389899427;0.842757274144846;0.404901021597678;2.08139083181231;0.0373981471711321;0.0478065867262232;;hypothetical protein;Not significant
AENJPLPP_00269;14.1928423167966;-1.05203493735365;0.505811395814125;-2.07989568060316;0.0375351023076599;0.0479606046160183;fabG_1;3-oxoacyl-[acyl-carrier-protein] reductase FabG;Not significant
AENJPLPP_01310;4.62613093717582;1.94803784234717;0.939066263127875;2.07444130285181;0.0380383447803291;0.0485823070176835;;hypothetical protein;Not significant
AENJPLPP_00460;34.1442606430868;-0.657698259609391;0.31741244677097;-2.07206196952937;0.0382596623999751;0.0488435497188634;steT_1;Serine/threonine exchanger SteT;Not significant
AENJPLPP_00764;13.4239241617549;1.09735519345469;0.530171056824424;2.06981346742605;0.0384698157210953;0.0490903169937903;ulaE;L-ribulose-5-phosphate 3-epimerase UlaE;Not significant
AENJPLPP_02978;33.9318512054788;-0.692454263865391;0.337331787115351;-2.05273944026095;0.0400978547316585;0.0511454020931184;;hypothetical protein;Not significant
AENJPLPP_03166;104.588473377745;0.383065951277858;0.18694276254494;2.04910821934479;0.0404515339510223;0.0515739347046308;;hypothetical protein;Not significant
AENJPLPP_02695;8.58416624974269;-1.31345576766412;0.642041175599191;-2.04575005090339;0.040780968637154;0.0519711950421848;;hypothetical protein;Not significant
AENJPLPP_01222;1721.22913841068;-0.161111158262984;0.0790293962189937;-2.03862317025096;0.041487650937998;0.052848661212358;def_1;Peptide deformylase;Not significant
AENJPLPP_01468;6991.80195019319;-0.120838078916712;0.0593158536989986;-2.03719699508855;0.0416303048627259;0.0530071918496973;punA;Purine nucleoside phosphorylase 1;Not significant
AENJPLPP_02347;2761.02532251823;0.120968374610574;0.0597711928439335;2.02385746134313;0.0429848198918246;0.054707952589595;yutF;Acid sugar phosphatase;Not significant
AENJPLPP_02510;15159.9496716298;-0.118808193994138;0.0589133112175156;-2.01666128653816;0.0437308725715213;0.0556331589900698;atpD;ATP synthase subunit beta;Not significant
AENJPLPP_00677;3187.57861746227;0.123410784772184;0.0612158415542376;2.01599425310263;0.0438005767342438;0.0556975019432829;cca;CCA-adding enzyme;Not significant
AENJPLPP_03109;57.7117041496504;-0.503606779870924;0.250411816535079;-2.01111427902755;0.0443133872814404;0.0563250038252092;;hypothetical protein;Not significant
AENJPLPP_02966;76.7462231739375;0.435990376902547;0.216810558144721;2.0109277916785;0.0443330843388149;0.0563254544479184;;hypothetical protein;Not significant
AENJPLPP_01115;14.2153233806171;1.09093653106115;0.543086426893121;2.00877149020675;0.0445613730712387;0.0565908060983197;araQ_2;L-arabinose transport system permease protein AraQ;Not significant
AENJPLPP_02879;41.0230230561682;-0.575525759923101;0.287404632458307;-2.00249298349981;0.0452317369869898;0.0574170959486113;;hypothetical protein;Not significant
AENJPLPP_01555;106.742016321402;-0.360704396444519;0.18049877489413;-1.9983758707287;0.045675925580224;0.0579556842220533;;hypothetical protein;Not significant
AENJPLPP_02671;370.713668227548;-0.2156179949694;0.108222142948885;-1.99236486262557;0.0463310396920591;0.058761318633831;;IS1595 family transposase ISCac2;Not significant
AENJPLPP_01525;1.86458059140468;-3.17139995812227;1.5964562691041;-1.98652479212725;0.0469750827845016;0.0595522163989851;;IS110 family transposase ISBth13;Not significant
AENJPLPP_02980;50.6016413321477;-0.52630968319497;0.265075797715747;-1.98550636357739;0.0470881628280277;0.0596695953678053;;hypothetical protein;Not significant
AENJPLPP_01930;5.66011333506051;-1.58148525617148;0.797270446554903;-1.98362458185332;0.0472977067472654;0.0599090570021909;;hypothetical protein;Not significant
AENJPLPP_02357;1.72758674579211;3.22900302021213;1.62896840701036;1.98223796503108;0.0474526134136342;0.0600791348958708;;IS3 family transposase IS1485;Not significant
AENJPLPP_00746;274.336301234604;-0.239862691740565;0.121166238954645;-1.97961654838812;0.0477466320753217;0.0604251162987122;manR_1;Transcriptional regulator ManR;Not significant
AENJPLPP_03178;278.090512579249;-0.251303951209081;0.12696457082292;-1.97932344102182;0.0477796020374243;0.0604405739065941;;hypothetical protein;Not significant
AENJPLPP_01698;232.455210108973;0.268964569478031;0.136385020275695;1.9720975876554;0.0485984673072644;0.0614497337380608;;hypothetical protein;Not significant
AENJPLPP_01739;66.8118308987969;0.441699765109599;0.224480339455509;1.96765456690314;0.0491077966827198;0.0620667985851042;;hypothetical protein;Not significant
AENJPLPP_03069;27.9098284367898;-0.727766567149232;0.371493282674218;-1.95903021963239;0.0501092478337785;0.0633050454195067;;IS6 family transposase IS1216E;Not significant
AENJPLPP_02819;34.3369591229622;-0.6073913680197;0.310089301596792;-1.95876273348343;0.0501405797961423;0.0633171588752673;;hypothetical protein;Not significant
AENJPLPP_01378;353.717741832219;0.220290025591603;0.112587028449449;1.95661994659102;0.0503921681020351;0.0636072793728332;yxdL_1;ABC transporter ATP-binding protein YxdL;Not significant
AENJPLPP_01228;394.688654126967;-0.262837391388012;0.134442023121896;-1.95502407122884;0.0505802291743808;0.063816996254678;;hypothetical protein;Not significant
AENJPLPP_02634;126.471310813498;0.336460417078398;0.172162676490198;1.95431683531915;0.0506637590786757;0.0638947017917296;copZ;Copper chaperone CopZ;Not significant
AENJPLPP_01585;1746.14634176959;0.138970264277077;0.0712565003559589;1.95028191930359;0.0511425264821346;0.0644705788380848;dapH_1;2%2C3%2C4%2C5-tetrahydropyridine-2%2C6-dicarboxylate N-acetyltransferase;Not significant
AENJPLPP_01376;428.842769095385;-0.197147266206621;0.101135588410582;-1.94933622580272;0.0512552851174665;0.0645847642847522;;hypothetical protein;Not significant
AENJPLPP_02230;30.04920652992;-0.642275572271615;0.330184886696159;-1.94519979002748;0.0517509371149775;0.0651811111067536;xylB_3;Xylulose kinase;Not significant
AENJPLPP_02425;141.208518213511;-0.306258227988947;0.157501286516588;-1.94448080242629;0.051837498250334;0.0652619087353967;;hypothetical protein;Not significant
AENJPLPP_02452;584.553062887825;-0.173505575155158;0.0892955360203872;-1.94304869971938;0.0520102744733583;0.0654511319215296;rnhC;Ribonuclease HIII;Not significant
AENJPLPP_01344;52.3389773010599;0.502393191884064;0.259627853181725;1.93505121167572;0.0529840116362538;0.06661893000206;;hypothetical protein;Not significant
AENJPLPP_03149;21.9501136254235;-0.758603651681241;0.392011209746027;-1.93515805880326;0.0529709027181176;0.06661893000206;;hypothetical protein;Not significant
AENJPLPP_01360;997.291912937946;-0.144466643182762;0.0748472232823144;-1.93015367634751;0.0535877993330054;0.0673490166843814;xylB_2;Xylulose kinase;Not significant
AENJPLPP_01574;4385.35562270766;-0.119799067437885;0.0622227643521069;-1.92532538027344;0.0541886643704047;0.0680748018320184;yfkJ;Low molecular weight protein-tyrosine-phosphatase YfkJ;Not significant
AENJPLPP_02850;148.713789301946;0.294880268338028;0.153437620762359;1.92182508352846;0.054627770974513;0.0685968387571289;licC_3;Lichenan permease IIC component;Not significant
AENJPLPP_02447;331.395059864335;0.207639409926065;0.108285580421143;1.91751671015214;0.0551723201508578;0.069250774258318;nox_2;NADH oxidase;Not significant
AENJPLPP_02709;127.640529187539;-0.315458792535091;0.165139962631887;-1.91025108342963;0.0561008927409806;0.0703859541842893;bfrA;Beta-fructosidase;Not significant
AENJPLPP_00085;175.614880691447;-0.281622689477815;0.147544073638945;-1.90873603074681;0.0562961526562063;0.0706005153035628;;hypothetical protein;Not significant
AENJPLPP_01086;11.7420522378409;-1.01710839798229;0.533954678098485;-1.90485904459984;0.0567983962446156;0.0711997115214467;;hypothetical protein;Not significant
AENJPLPP_02418;5.54787692030116;-1.57907449608188;0.832124390187994;-1.89764236537416;0.0577432095852357;0.0723529373116207;;hypothetical protein;Not significant
AENJPLPP_00073;138.397312698555;0.305328662984274;0.161174711478278;1.89439559211138;0.0581725210768534;0.0728595188713106;;hypothetical protein;Not significant
AENJPLPP_00216;68.0248062321729;0.414587656110471;0.219258811735946;1.89085972339283;0.0586430721777689;0.0734172941451689;;hypothetical protein;Not significant
AENJPLPP_02868;170.789285946683;-0.272741074657055;0.144277563806072;-1.89039146116755;0.0587056245746252;0.0734640218140562;;IS256 family transposase ISBsu2;Not significant
AENJPLPP_00008;68.8561504948334;-0.420454111885558;0.222454871520284;-1.89006475341323;0.0587493003480107;0.0734870973425288;;hypothetical protein;Not significant
AENJPLPP_00614;10.1801136769594;-1.13006452395986;0.598138287885298;-1.88930310406172;0.058851225864434;0.0735829839919415;;hypothetical protein;Not significant
AENJPLPP_01636;92.2975266747818;0.363962385817988;0.193346933868989;1.88243164003111;0.0597774333461294;0.0746448910394206;rhaB;Rhamnulokinase;Not significant
AENJPLPP_02150;736.597213344206;-0.176261240392676;0.0936303130944477;-1.88252324025528;0.059765007462198;0.0746448910394206;;hypothetical protein;Not significant
AENJPLPP_02211;13.9393922852032;0.925668946894975;0.49166911522033;1.88270712607229;0.0597400691891824;0.0746448910394206;;hypothetical protein;Not significant
AENJPLPP_02422;3.0079810925353;-2.2344223018877;1.19027414402845;-1.87723333578041;0.0604861204825214;0.0754974637141459;;hypothetical protein;Not significant
AENJPLPP_00432;2286.71786549073;0.133540688756103;0.0711788039807389;1.87612998937491;0.0606374326098044;0.075653900496894;cah;Carbonic anhydrase;Not significant
AENJPLPP_00400;4.04098177150722;-1.86092286696223;0.992241670170337;-1.8754734082502;0.060727624448565;0.0757339796120862;;hypothetical protein;Not significant
AENJPLPP_01229;684.125627506473;-0.163018142854988;0.086936190738587;-1.8751470644162;0.0607724942927939;0.0757574928855376;;hypothetical protein;Not significant
AENJPLPP_01116;73.0209157959413;-0.400541803495763;0.213778076290114;-1.87363367865747;0.0609809327646856;0.0759847994055475;yesS;HTH-type transcriptional regulator YesS;Not significant
AENJPLPP_01601;8.65691452385002;-1.2288460889891;0.661416133895968;-1.85790159328406;0.0631829901059332;0.0786949816888269;;hypothetical protein;Not significant
AENJPLPP_01107;28.7949402130974;-0.637117352422689;0.342988106175708;-1.85754940463242;0.0632330291518727;0.0787236344122503;pemA;Pectinesterase A;Not significant
AENJPLPP_00668;3310.14959573647;0.12374913569378;0.06672888864248;1.85450616983601;0.0636667782811068;0.0792297685275995;;hypothetical protein;Not significant
AENJPLPP_01620;27.0574873649181;-0.642280092823973;0.346408007680527;-1.85411445054213;0.0637227877518003;0.079265595016336;;hypothetical protein;Not significant
AENJPLPP_01790;402.862365472323;-0.223781714528115;0.121487150578174;-1.84201961658585;0.0654722805295813;0.0814070371059525;;hypothetical protein;Not significant
AENJPLPP_03048;34.6911954523236;0.599625215502334;0.325644269715993;1.84135042826115;0.0655702222246535;0.0814940192565902;;IS6 family transposase IS1216E;Not significant
AENJPLPP_02376;2485.6474827523;0.128871089483079;0.0701504200998211;1.83706796480622;0.0661998626672035;0.082215111457421;fpgS;Folylpolyglutamate synthase;Not significant
AENJPLPP_03179;773.316916721566;0.156303095676479;0.0850851159831186;1.83702042208523;0.0662068806207597;0.082215111457421;;hypothetical protein;Not significant
AENJPLPP_03141;26.984107668704;0.669351856916812;0.365556573809133;1.83104861155171;0.067093287686773;0.0832803298141019;;hypothetical protein;Not significant
AENJPLPP_01871;44.6691832976544;-0.505439398972132;0.27741131883434;-1.82198549466527;0.0684571866165574;0.0849370802843695;;hypothetical protein;Not significant
AENJPLPP_01703;4337.6140889495;0.126338914968285;0.0693794827979129;1.82098381067905;0.0686093178343195;0.0850895798694797;norR_1;Anaerobic nitric oxide reductase transcription regulator NorR;Not significant
AENJPLPP_01951;32.9615549671162;-0.580884853586767;0.320638403030702;-1.81165090674165;0.07004015375163;0.0868271297253072;;hypothetical protein;Not significant
AENJPLPP_03008;53.4712784773919;-0.486163268165159;0.268454372070641;-1.81097169107468;0.070145233869019;0.0869203919262057;;hypothetical protein;Not significant
AENJPLPP_02953;57.233836195421;0.434552334684558;0.240870122784684;1.8040939642523;0.0712165777757107;0.0882104102436706;;hypothetical protein;Not significant
AENJPLPP_02746;17.5322492491557;0.797569738112796;0.442472724884547;1.80252859274186;0.0714622803004968;0.0884771089434723;;IS256 family transposase ISEf1;Not significant
AENJPLPP_02656;9.33760534977579;-1.10558420417664;0.616060532906998;-1.7946032006948;0.0727169428380417;0.0899922386503942;;ISL3 family transposase ISEfa5;Not significant
AENJPLPP_02687;6.35275809620627;-1.34761436417388;0.752879477894687;-1.78994700179938;0.0734624318038847;0.0908762113054002;;IS1595 family transposase ISCco3;Not significant
AENJPLPP_00241;5276.16273665793;0.103745387726077;0.0580685244766508;1.78660278801803;0.0740017107831009;0.0915044508706538;polA;DNA polymerase I;Not significant
AENJPLPP_02986;9.2614965914106;-1.08160044675233;0.60658104976214;-1.78310952374206;0.0745684764377397;0.092166130469736;;hypothetical protein;Not significant
AENJPLPP_00346;169.987451957494;-0.284302652688134;0.160071562619856;-1.77609719075028;0.0757168991971391;0.0935458678243823;rspR_1;HTH-type transcriptional repressor RspR;Not significant
AENJPLPP_01679;1910.12109329496;-0.125147099615898;0.0705549268527154;-1.77375422523142;0.0761038127252539;0.0939840130008224;rhaR_5;HTH-type transcriptional activator RhaR;Not significant
AENJPLPP_02657;15.1159133844523;-0.836915053645586;0.47204762950647;-1.77294620570511;0.0762376211936056;0.0941093484170324;;IS256 family transposase IS16;Not significant
AENJPLPP_02517;160.501848585192;0.26572803896912;0.150610926044096;1.76433440752711;0.07767569430517;0.0958439075494301;bglK;Beta-glucoside kinase;Not significant
AENJPLPP_02730;37.0627630409937;-0.525637122869225;0.300582177105509;-1.74873017399404;0.0803376716729083;0.0990865310933964;;hypothetical protein;Not significant
AENJPLPP_02394;56.8584751141863;0.415238196466205;0.237680974067535;1.74704011583283;0.0806303797751269;0.0994054470385984;rhaR_6;HTH-type transcriptional activator RhaR;Not significant
AENJPLPP_00207;77.8739876879146;0.373476858801391;0.214085917379106;1.74451857167248;0.0810687058892824;0.0999035427632629;lacL;Beta-galactosidase large subunit;Not significant
AENJPLPP_02552;3984.51620467767;0.105649866564026;0.0606182165095372;1.74287322602776;0.0813557617814955;0.100214880840827;pepQ;Xaa-Pro dipeptidase;Not significant
AENJPLPP_02862;426.781202636152;0.183823304642297;0.105850523357994;1.7366310416869;0.0824523166967649;0.101522683391535;agaA_3;Alpha-galactosidase AgaA;Not significant
AENJPLPP_01448;4.32306187451308;-1.629782106798;0.939442697749077;-1.73483929429969;0.082769274054464;0.10186987575934;;hypothetical protein;Not significant
AENJPLPP_01308;5.10294654557737;1.40859883456125;0.821783612856588;1.71407510751503;0.0865149327889266;0.106434932100276;hhaIM;Modification methylase HhaI;Not significant
AENJPLPP_00363;2533.64321446757;-0.108157920990312;0.0635295412519286;-1.70248232332433;0.0886649893642942;0.109033973407443;;hypothetical protein;Not significant
AENJPLPP_00527;664.435433747159;-0.204256196195814;0.120073095660773;-1.70109877713882;0.0889244405152445;0.10930686820616;;hypothetical protein;Not significant
AENJPLPP_02874;6.29389291760299;1.24413202412277;0.733359971781529;1.69648204428234;0.0897946277948724;0.110329939299016;;IS256 family transposase ISEf1;Not significant
AENJPLPP_03162;12.5461771060258;0.916850426366909;0.540747797865764;1.69552318101998;0.0899762165910727;0.11050642881198;;hypothetical protein;Not significant
AENJPLPP_02977;7.21954646949602;-1.22983059627539;0.727429626727735;-1.69065233403765;0.0909032230512707;0.11159788597188;;hypothetical protein;Not significant
AENJPLPP_00765;16.7259666180706;0.778841637278737;0.462694939746238;1.68327243368144;0.092322364294609;0.113292340845302;sgbH;3-keto-L-gulonate-6-phosphate decarboxylase SgbH;Not significant
AENJPLPP_01260;1819.9377381723;-0.121451406190438;0.0723762460126134;-1.67805617010409;0.093336134060414;0.114488130743018;dut;Deoxyuridine 5'-triphosphate nucleotidohydrolase;Not significant
AENJPLPP_02994;99.6556797301373;-0.332538544235291;0.199253038905559;-1.66892583451591;0.095132078950677;0.116641942696577;;hypothetical protein;Not significant
AENJPLPP_01295;483.442273105984;-0.177392577757279;0.106380308051337;-1.66753209317342;0.0954086483764643;0.116931811478226;arlR_2;Response regulator ArlR;Not significant
AENJPLPP_01301;8.16716167687621;1.04588071340349;0.62796940091548;1.6654962994674;0.0958137813003392;0.117378936115519;;hypothetical protein;Not significant
AENJPLPP_01621;39.0061066642263;-0.483326973076264;0.290685592662469;-1.6627138918353;0.0963697201024084;0.11801035531464;;hypothetical protein;Not significant
AENJPLPP_00431;3867.07724502774;0.116917173032384;0.0706051156524036;1.65593062134449;0.0977358695933765;0.119632976988614;hdfR_1;HTH-type transcriptional regulator HdfR;Not significant
AENJPLPP_02931;12.2746261121215;-0.90421239134781;0.548844613664547;-1.64748340210635;0.0994587250474177;0.121690675352135;;IS30 family transposase IS6770;Not significant
AENJPLPP_00375;2013.36777572828;0.107440801798111;0.0653778151658485;1.64338318014388;0.100303677937189;0.122672956805164;;hypothetical protein;Not significant
AENJPLPP_02740;129.948709646054;0.269092474679837;0.164001052925675;1.64079723806278;0.100839511799474;0.123276514844697;adhR;HTH-type transcriptional regulator AdhR;Not significant
AENJPLPP_03022;21.1351907004726;-0.662778419575925;0.410375690943961;-1.61505282647561;0.106299255443822;0.1298965303619;;hypothetical protein;Not significant
AENJPLPP_02109;390.294722215581;0.184592648177172;0.114425335128129;1.61321483542497;0.106697841448134;0.130328907003761;xseB;Exodeoxyribonuclease 7 small subunit;Not significant
AENJPLPP_01338;40.2891569356028;0.462873282264684;0.287415349492889;1.61046820596524;0.107295680990223;0.131004202533975;rpmGA_2;50S ribosomal protein L33 1;Not significant
AENJPLPP_01403;2177.74089208422;-0.130967680129445;0.0814199767268797;-1.60854479937732;0.107715912788153;0.13146217017565;srrA_2;Transcriptional regulatory protein SrrA;Not significant
AENJPLPP_03111;1.99294608566028;2.46449733115835;1.53647310015985;1.60399640638157;0.108714844726326;0.132625734328891;;hypothetical protein;Not significant
AENJPLPP_01368;7.68436356644112;-1.10055211091987;0.68631467135589;-1.60356780475872;0.108809352113986;0.132685441103822;tdh;L-threonine 3-dehydrogenase;Not significant
AENJPLPP_02398;94.8904559305956;0.321007164468571;0.200586021361303;1.60034663577259;0.109521706462812;0.133498203942951;ugl_1;Unsaturated glucuronyl hydrolase;Not significant
AENJPLPP_01455;44.2818272143721;-0.468759275942853;0.294089352521821;-1.59393487701352;0.110950621750995;0.135183351689916;;hypothetical protein;Not significant
AENJPLPP_01266;2.08194251611787;-2.27126382498189;1.42788667596477;-1.59064711731922;0.111689014377141;0.136026101993406;yfmO_2;Multidrug efflux protein YfmO;Not significant
AENJPLPP_02700;2.56466943027515;-1.94520027337;1.22331931086862;-1.59010019386419;0.111812222297899;0.136119227145268;;hypothetical protein;Not significant
AENJPLPP_01369;4.50364604021262;-1.41816443969835;0.894016948091756;-1.58628361881211;0.112674986585034;0.137112227720693;ycjP;Inner membrane ABC transporter permease protein YcjP;Not significant
AENJPLPP_02265;83.7005757992604;0.331965065983133;0.209720007388328;1.58289650146946;0.113445056290626;0.137991647417838;spsB;Signal peptidase IB;Not significant
AENJPLPP_00148;55.9495018028321;-0.386694575758207;0.24459632216777;-1.58095008269573;0.11388945167446;0.138474356273915;;hypothetical protein;Not significant
AENJPLPP_02952;124.195986304334;-0.267029311896667;0.169111507194715;-1.57901325773893;0.114333016133665;0.138955652329396;hxpB;Hexitol phosphatase B;Not significant
AENJPLPP_01365;50.4404047367643;-0.403405085423465;0.255782774838869;-1.57713937413335;0.11476345908018;0.139420606108253;ycjT;Kojibiose phosphorylase;Not significant
AENJPLPP_01991;4252.9256804248;-0.101595480466537;0.0645540172072912;-1.57380570352889;0.115532375081802;0.140296195261972;arcD1_2;Arginine/ornithine antiporter ArcD1;Not significant
AENJPLPP_01110;15.1020027719597;-0.78873644075996;0.501718967545179;-1.57206821304585;0.115934732420271;0.140726111216268;yteR;Unsaturated rhamnogalacturonyl hydrolase YteR;Not significant
AENJPLPP_02574;105.469374291169;-0.30159925009157;0.192237282736888;-1.56889051799782;0.116673451660943;0.141563788015277;brnQ_2;Branched-chain amino acid transport system 2 carrier protein;Not significant
AENJPLPP_00276;12.6634835718588;0.848585506536426;0.54416583656489;1.55942444291104;0.118895954798642;0.144200341679985;fsaA;Fructose-6-phosphate aldolase 1;Not significant
AENJPLPP_01696;25.7257661635222;-0.572465414860969;0.368447773511267;-1.55372200897141;0.120250740871513;0.14578274663524;;hypothetical protein;Not significant
AENJPLPP_01330;6.22376836066798;1.23413442452152;0.796405747010407;1.54963023453093;0.121230291808862;0.146909117664339;;hypothetical protein;Not significant
AENJPLPP_00866;3.19412801494513;1.65974793464635;1.07623196544318;1.54218420186293;0.123028837982375;0.149026612397952;;IS66 family transposase ISRob1;Not significant
AENJPLPP_01673;6844.23221425468;0.0819861213961638;0.0533189390611157;1.53765477783024;0.12413304626109;0.150301634391807;htrA;Serine protease Do-like HtrA;Not significant
AENJPLPP_01106;3.09495351447925;-1.7087260358932;1.12016167398995;-1.52542804808418;0.12715236733761;0.15389347202291;;hypothetical protein;Not significant
AENJPLPP_01279;11.3499841299185;0.818016789049445;0.536558912310119;1.5245609946679;0.12736863247203;0.154034839285148;;hypothetical protein;Not significant
AENJPLPP_02395;10.6767227757433;0.873812706955403;0.573166470823603;1.52453563045966;0.127374963255026;0.154034839285148;araN_2;putative arabinose-binding protein;Not significant
AENJPLPP_02696;19.8462343928303;-0.631411937344136;0.416142163793922;-1.51729863560958;0.129191302541615;0.156166489415186;;hypothetical protein;Not significant
AENJPLPP_00064;110.443339222516;0.276684493710541;0.1825217963486;1.51589837074636;0.129545052357812;0.156529125504543;;hypothetical protein;Not significant
AENJPLPP_00020;7.6505628168673;-1.06230288162323;0.703472734631412;-1.5100839440207;0.131022005883643;0.158248063514379;;IS982 family transposase ISEfm1;Not significant
AENJPLPP_01002;26.6199403499322;0.529692982318431;0.351604046439975;1.50650422735922;0.131937782746091;0.159288069384999;;hypothetical protein;Not significant
AENJPLPP_01453;16.8693923169134;-0.695195421034554;0.462627596816905;-1.50271065932475;0.132913672785005;0.160365865209864;lacF_3;PTS system lactose-specific EIIA component;Not significant
AENJPLPP_01813;3336.25826254927;-0.311259823172191;0.207146657219668;-1.50260606350078;0.132940658865594;0.160365865209864;agrB;Accessory gene regulator protein B;Not significant
AENJPLPP_00340;479.321058990285;0.144666602706881;0.0964352263068428;1.50014272011529;0.13357743696241;0.161067286308297;napA_1;Na(+)/H(+) antiporter;Not significant
AENJPLPP_01318;10.2933641563352;-0.834437209376199;0.556532220055552;-1.49935112344961;0.133782566212121;0.161247861262292;;hypothetical protein;Not significant
AENJPLPP_02858;3.52583136876545;1.47098552105863;0.984813012451159;1.49366986672669;0.135261928259393;0.162963481626542;;IS200/IS605 family transposase ISEfa4;Not significant
AENJPLPP_00742;38.7081759688011;-0.460146198796489;0.308899698323029;-1.48962980959371;0.136321599483769;0.164172248840668;;putative protein;Not significant
AENJPLPP_02699;6.63086654591489;-1.08965602575306;0.732024293949727;-1.48855172534465;0.136605451760639;0.164446083310037;;hypothetical protein;Not significant
AENJPLPP_01784;157.209309765735;-0.219823326052482;0.148377229515893;-1.48151658289951;0.138468969300032;0.166620511818881;;hypothetical protein;Not significant
AENJPLPP_01772;122.939493576456;-0.245374532780741;0.165946311581852;-1.47863806336973;0.1392370739647;0.167475571823712;;IS1380 family transposase IS1678;Not significant
AENJPLPP_00016;20647.9904210659;0.0950785687039939;0.0644539395675238;1.47513975626559;0.140174973904793;0.168534072671658;pgi;Glucose-6-phosphate isomerase;Not significant
AENJPLPP_01111;38.5578508463648;-0.417810925408553;0.285585735861004;-1.46299647686852;0.143468342988197;0.172422540149249;lipO;Lipoprotein LipO;Not significant
AENJPLPP_00624;5.92598962063728;1.1148946195782;0.765951654350408;1.45556787200065;0.145512114912529;0.17480663309624;fosX;Fosfomycin resistance protein FosX;Not significant
AENJPLPP_00743;406.22255708207;0.153861484047486;0.105778204621999;1.45456698378758;0.145789176877647;0.175067250749571;;putative HTH-type transcriptional regulator;Not significant
AENJPLPP_02432;32.4765060231708;-0.465574772960377;0.320819005294575;-1.45120695868029;0.146722239781525;0.176115070999094;;hypothetical protein;Not significant
AENJPLPP_00299;10.6384812525032;-0.802759509397646;0.553868585048447;-1.44936819142293;0.147234786792155;0.176657478013496;ppaX;Pyrophosphatase PpaX;Not significant
AENJPLPP_02427;39.4122595761337;-0.415870474795692;0.287660404298406;-1.4456994031208;0.148261531848708;0.17781613704425;;hypothetical protein;Not significant
AENJPLPP_02330;16.8952357027265;-0.648652006933595;0.449700991266398;-1.44240733182939;0.149187496713468;0.17885302199655;;hypothetical protein;Not significant
AENJPLPP_01312;3.44011842453913;-1.50133134039965;1.04442970216791;-1.43746519012563;0.150585856966648;0.180455150406124;;hypothetical protein;Not significant
AENJPLPP_00038;1027.93710807397;-0.117623437072668;0.0819912152787893;-1.43458584767553;0.151405149824665;0.181362318506551;;hypothetical protein;Not significant
AENJPLPP_01741;83.3252960507589;-0.28527435794216;0.199029745167703;-1.43332524342925;0.1517649111799;0.18171851207067;glpE;Thiosulfate sulfurtransferase GlpE;Not significant
AENJPLPP_01373;1295.7534461778;0.105626166568428;0.0737561721848309;1.43209935439344;0.152115389219781;0.182063301852858;purR_2;HTH-type transcriptional repressor PurR;Not significant
AENJPLPP_02348;881.678571037402;-0.113736939034982;0.0796090982714611;-1.42869271860293;0.153092571547046;0.183157587652012;;hypothetical protein;Not significant
AENJPLPP_01686;3.4115920632566;-1.50351708829787;1.05310775120604;-1.42769539638845;0.153379551814618;0.183425566687543;;hypothetical protein;Not significant
AENJPLPP_01090;28.5331205323077;-0.478702312198624;0.335598326797095;-1.42641447818675;0.153748736959562;0.183791593606833;comGA;ComG operon protein 1;Not significant
AENJPLPP_01000;11.802042434262;-0.750404594561442;0.526547753583346;-1.42514062486198;0.154116555457282;0.184155687111861;;IS30 family transposase IS1252;Not significant
AENJPLPP_02825;9.15203618107796;0.907461781045381;0.637687684416446;1.42305050453626;0.154721515046552;0.184802728390304;;hypothetical protein;Not significant
AENJPLPP_01978;94.8907039841803;-0.277548432188776;0.195886622785719;-1.41688303285716;0.156517127966878;0.186870798130197;abgB;p-aminobenzoyl-glutamate hydrolase subunit B;Not significant
AENJPLPP_02692;4.74168983638543;-1.21524604454027;0.858740926993191;-1.4151486278817;0.15702492307581;0.187400236064245;;hypothetical protein;Not significant
AENJPLPP_01632;2.35758522713719;-1.86229868084428;1.32164162121061;-1.40907992829284;0.158811535188398;0.189454809696279;;IS1380 family transposase IS1678;Not significant
AENJPLPP_02579;5982.02507679113;0.0911378753275662;0.064691887314975;1.40879914175065;0.158894569016169;0.189476242823539;era;GTPase Era;Not significant
AENJPLPP_02312;1864.46067282009;-0.0958201647960623;0.0685511248911647;-1.39779128275709;0.162175752862882;0.193309779916788;;putative ABC transporter ATP-binding protein;Not significant
AENJPLPP_00671;1026.75885293648;-0.121879755732583;0.0874464586196933;-1.39376434056227;0.163388779713746;0.194675992850421;folA_2;Dihydrofolate reductase;Not significant
AENJPLPP_01989;569.659100695409;-0.155103642404364;0.111467773590534;-1.39146622748672;0.164084093929705;0.195424491420573;;hypothetical protein;Not significant
AENJPLPP_02947;14.4205670066324;0.642582775837758;0.462899487145609;1.38816912457634;0.16508555165111;0.196536846446456;;hypothetical protein;Not significant
AENJPLPP_00150;562.638576256853;0.131999160393385;0.0954913435630676;1.38231545884791;0.16687486141935;0.198585858787555;;hypothetical protein;Not significant
AENJPLPP_02136;2186.87156557445;-0.09095449988394;0.0659432450696266;-1.37928456186688;0.167807034538977;0.199613596641136;iolU_2;scyllo-inositol 2-dehydrogenase (NADP(+)) IolU;Not significant
AENJPLPP_01149;1026.6836212038;-0.104162693221517;0.0757851736572632;-1.37444685015292;0.169302999948356;0.201310876214623;;hypothetical protein;Not significant
AENJPLPP_00779;53.5108343070094;0.338460267762257;0.247541937075791;1.3672845569542;0.171536130301599;0.203882943444187;licT_1;Transcription antiterminator LicT;Not significant
AENJPLPP_00031;14.8569807762478;0.650074234277088;0.476134787318596;1.36531556103693;0.172153890199288;0.204533712060517;;hypothetical protein;Not significant
AENJPLPP_03159;9.77967199956714;-0.836021328916012;0.612997414858982;-1.36382521141355;0.172622583483195;0.205006918068134;;hypothetical protein;Not significant
AENJPLPP_00077;560.628149537124;0.12477624026644;0.0919254892165976;1.35736280905113;0.174665959253592;0.207349071890119;;hypothetical protein;Not significant
AENJPLPP_01707;99.9073464109587;-0.274600147260805;0.20249192804336;-1.35610416629548;0.175066027466916;0.20773931213678;;hypothetical protein;Not significant
AENJPLPP_02053;12.9583921532989;0.676116006485878;0.503253619565907;1.34348960484194;0.179113489792752;0.212455593595313;fruA_3;PTS system fructose-specific EIIABC component;Not significant
AENJPLPP_02404;68.042031484085;-0.297433908920492;0.223062726857646;-1.33340927509735;0.182397530284103;0.216262869783105;;Putative two-component membrane permease complex subunit SMU_747c;Not significant
AENJPLPP_00082;12.311028623921;0.69447666726258;0.521506994278478;1.33167277693641;0.182967738602497;0.216850653158515;;hypothetical protein;Not significant
AENJPLPP_01687;2.27403239104728;-1.73677407251439;1.30680898102144;-1.3290190821591;0.183841674413875;0.217797785147764;;hypothetical protein;Not significant
AENJPLPP_03157;3.65033307496002;-1.33014807044641;1.00166409599321;-1.32793825371916;0.184198506027177;0.218131781029337;;hypothetical protein;Not significant
AENJPLPP_00285;42.1827981767425;0.367096958738462;0.276593794964298;1.32720605242011;0.184440530834005;0.218329603979114;aes_2;Acetyl esterase;Not significant
AENJPLPP_00187;22334.9620239042;-0.0746920746286817;0.0563037262012533;-1.32659203338871;0.184643672591415;0.218481257450711;clpX;ATP-dependent Clp protease ATP-binding subunit ClpX;Not significant
AENJPLPP_00796;9258.80380289378;0.0805301596124338;0.0611426500633943;1.31708651046263;0.187809628138131;0.222137139373776;sasA_2;Adaptive-response sensory-kinase SasA;Not significant
AENJPLPP_03075;190.048868831418;0.184849014577154;0.140534768228547;1.31532585784424;0.188400411393266;0.222745431578234;repN;Replication initiation protein;Not significant
AENJPLPP_02267;43.6758509138089;-0.363660021280256;0.276649446907026;-1.31451562743399;0.188672742614853;0.222976877635735;;hypothetical protein;Not significant
AENJPLPP_03052;274.509897895913;-0.172883940656482;0.131628076038971;-1.31342754417603;0.189038921132416;0.223319001353994;;hypothetical protein;Not significant
AENJPLPP_01920;1821.45859529773;-0.0926006930116905;0.0706434178203708;-1.31081841548425;0.189919119328529;0.224267832718847;;putative ABC transporter ATP-binding protein;Not significant
AENJPLPP_00062;52.6451159428913;0.346830218498596;0.264903991650954;1.30926761932523;0.190443714096712;0.224787502841028;;hypothetical protein;Not significant
AENJPLPP_00321;34.1495689845075;0.425664561121931;0.325167781198126;1.30906130845286;0.190513584138618;0.224787502841028;;hypothetical protein;Not significant
AENJPLPP_02989;266.560191896339;0.180248971099698;0.138672768363601;1.29981519246147;0.193664317195587;0.228412511815937;;hypothetical protein;Not significant
AENJPLPP_01359;18967.7563083297;-0.0906085589626017;0.0697530157076455;-1.29899127719965;0.193946922706412;0.228653214138086;dps;DNA protection during starvation protein;Not significant
AENJPLPP_02017;365.522642461667;-0.134785709615284;0.103922123244996;-1.2969876423476;0.194635438790604;0.22937207517533;;hypothetical protein;Not significant
AENJPLPP_01085;24.7708471724587;-0.482686152478642;0.372383316746584;-1.29620778045522;0.194903909735381;0.2295955441543;;hypothetical protein;Not significant
AENJPLPP_02455;11941.7508827022;-0.0761130311326679;0.0588523132899539;-1.29328868956559;0.195911231026036;0.230656148809157;mutS2_2;Endonuclease MutS2;Not significant
AENJPLPP_02608;12.2361762418153;0.671643346390718;0.519389544858162;1.29313990441247;0.195962675877011;0.230656148809157;lacD2;Tagatose 1%2C6-diphosphate aldolase 2;Not significant
AENJPLPP_01361;26.8012388157368;-0.459821004538741;0.355751779597125;-1.29253325186306;0.196172538191352;0.230809871197259;comC;Type 4 prepilin-like proteins leader peptide-processing enzyme;Not significant
AENJPLPP_01705;58.7826716024538;-0.326737113394037;0.252901498240727;-1.2919540440327;0.196373060036492;0.23095248417862;agaC_1;N-acetylgalactosamine permease IIC component 1;Not significant
AENJPLPP_03011;6.65837567648396;-0.938104967301343;0.726801295646688;-1.29073100573747;0.196796969277634;0.231357599732124;;hypothetical protein;Not significant
AENJPLPP_00574;17.4197836322124;0.571168470894578;0.443978911805651;1.2864765773934;0.198276788130315;0.233003231249183;xylH;Xylose transport system permease protein XylH;Not significant
AENJPLPP_02456;2003.5346483984;0.0815100822037338;0.0633802690753579;1.28604821962526;0.198426233652559;0.233084789187678;trxA;Thioredoxin;Not significant
AENJPLPP_00773;4.04411370385766;1.17824109825989;0.91647801285925;1.28561851100387;0.198576233201199;0.233166931887859;;hypothetical protein;Not significant
AENJPLPP_03181;73.3134658929641;-0.279369588463255;0.217968737448612;-1.28169567678998;0.199949422104481;0.234684690515215;yxdL_3;ABC transporter ATP-binding protein YxdL;Not significant
AENJPLPP_02478;1508.53714179481;0.0892436148642771;0.0697070801217883;1.28026614668633;0.200451549430095;0.235179255415164;;hypothetical protein;Not significant
AENJPLPP_00605;1409.75111971821;0.0884151613182629;0.0691214827074999;1.27912709413957;0.200852303945246;0.235554534469817;iolU_1;scyllo-inositol 2-dehydrogenase (NADP(+)) IolU;Not significant
AENJPLPP_03142;21.7483610584671;0.534935781847709;0.418547863890779;1.27807552731245;0.20122279695145;0.235894035717641;;hypothetical protein;Not significant
AENJPLPP_02564;89.384124326324;-0.261367853547439;0.205039254815322;-1.27472104686905;0.202407994592949;0.237187959861033;murR_2;HTH-type transcriptional regulator MurR;Not significant
AENJPLPP_01926;377.954209933295;-0.143505611716563;0.112660080565492;-1.27379290868818;0.202736818993234;0.237477722006555;;hypothetical protein;Not significant
AENJPLPP_03102;1.73564524618719;-1.98004730666794;1.55577848777915;-1.27270515836379;0.203122686493552;0.237834042247376;;hypothetical protein;Not significant
AENJPLPP_00429;2.41261642919551;1.51066341977138;1.1912115521414;1.26817391676207;0.204735849496099;0.239626524812154;;IS30 family transposase IS1252;Not significant
AENJPLPP_00485;2285.17005574104;-0.0829220362075517;0.0661270614638265;-1.25398035799478;0.209849144866515;0.245512539112612;lexA;LexA repressor;Not significant
AENJPLPP_01201;8230.5077896063;0.0785740876031186;0.062811138818503;1.25095785685663;0.210949853419329;0.246701194038991;pnp_1;Polyribonucleotide nucleotidyltransferase;Not significant
AENJPLPP_02396;5.87966043824509;0.915663816205071;0.736336893623269;1.24353923337916;0.213669192809777;0.249781087700551;lacF_5;Lactose transport system permease protein LacF;Not significant
AENJPLPP_01104;22.5697654580653;-0.487794551435394;0.39250730252012;-1.24276554424204;0.213954242891832;0.250013946750005;yjmB;putative symporter YjmB;Not significant
AENJPLPP_02645;3.05334085810594;-1.30567548526637;1.06190638142823;-1.22955799880427;0.218862666404064;0.255647045555008;lytA;Autolysin;Not significant
AENJPLPP_01983;4313.99217567558;-0.0836572297813509;0.068097395563114;-1.22849382255472;0.219261646939023;0.256010391293679;panE;2-dehydropantoate 2-reductase;Not significant
AENJPLPP_01637;33.1128047619891;-0.388734045494417;0.316666196681637;-1.22758301823176;0.219603539850759;0.256306816851867;rhaA;L-rhamnose isomerase;Not significant
AENJPLPP_00066;253.062661668805;0.159325003795385;0.129915699207274;1.22637221496372;0.220058637003486;0.25669132207189;;hypothetical protein;Not significant
AENJPLPP_00774;34.1170002025867;0.38514018886627;0.314082845556306;1.22623758131109;0.220109282696947;0.25669132207189;licC_1;Lichenan permease IIC component;Not significant
AENJPLPP_00122;22.1345235793765;-0.467440244280149;0.383560830159201;-1.21868607930099;0.222963363537572;0.25989341055276;phnW;2-aminoethylphosphonate--pyruvate transaminase;Not significant
AENJPLPP_01202;3592.64201582018;0.0743486729954815;0.061016490071325;1.21850130855728;0.223033527806094;0.25989341055276;;hypothetical protein;Not significant
AENJPLPP_00912;3.08257401621167;-1.3478702612121;1.1070859034932;-1.21749383400073;0.223416381021233;0.260235400613533;;hypothetical protein;Not significant
AENJPLPP_02860;21.5753855712855;0.470858488796943;0.390408781556876;1.20606531164399;0.227792308627986;0.265226390533665;scrB_2;Sucrose-6-phosphate hydrolase;Not significant
AENJPLPP_01941;119.350697598307;0.21954154336067;0.182663044669938;1.20189359460951;0.229404756467382;0.26699706268306;;hypothetical protein;Not significant
AENJPLPP_00683;25859.141791451;0.097582421433777;0.081509105688584;1.1971965660696;0.231229948005946;0.269013826845112;hupA;DNA-binding protein HU 1;Not significant
AENJPLPP_01113;12.8493331280981;-0.609813459426502;0.5124739939426;-1.18994030259964;0.234069856405447;0.272209034286207;yteP_1;putative multiple-sugar transport system permease YteP;Not significant
AENJPLPP_01240;1489.88512806793;-0.112818790693768;0.0949741047899658;-1.18789001426511;0.234876744351408;0.273038355110299;proC;Pyrroline-5-carboxylate reductase;Not significant
AENJPLPP_00462;58.1124244734394;-0.28781434093034;0.243752255429085;-1.18076585762741;0.237695750861213;0.276205118319174;;Putative pyridoxal phosphate-dependent acyltransferase;Not significant
AENJPLPP_01675;10.0829850270888;0.650900337415568;0.552361817542254;1.17839487948635;0.238639218139328;0.277190826973164;;IS3 family transposase IS1485;Not significant
AENJPLPP_02849;5.09870655806701;0.943294518234891;0.801039296615161;1.17758831835197;0.238960769167807;0.277453652239496;;IS30 family transposase IS1252;Not significant
AENJPLPP_00415;1.57061627583674;-1.83023872704596;1.55623653176311;-1.17606719138795;0.239568027121066;0.278047865674191;rhaS_1;HTH-type transcriptional activator RhaS;Not significant
AENJPLPP_00759;1.99672158799047;1.68830567704226;1.43780867252869;1.1742213754164;0.240306366349223;0.278793680800374;;IS30 family transposase IS1252;Not significant
AENJPLPP_01907;1202.13186319756;-0.0998381538931018;0.085087818569312;-1.17335425413186;0.240653773903595;0.279085539469242;;hypothetical protein;Not significant
AENJPLPP_01511;192.054627984773;-0.170485941662173;0.145354703927449;-1.17289593701259;0.240837539084231;0.27918746569;lrpC;HTH-type transcriptional regulator LrpC;Not significant
AENJPLPP_02757;1.61109657233925;-1.83365580314172;1.56536610355063;-1.17139102410774;0.241441638522996;0.279776383358124;;ISL3 family transposase ISEfa5;Not significant
AENJPLPP_00770;74.5505605224559;0.262191329694633;0.224872784247474;1.16595403295265;0.243633030986368;0.282203415366867;srlR;Glucitol operon repressor;Not significant
AENJPLPP_02880;31.9364596780326;-0.369767514509056;0.317767062979119;-1.16364330224292;0.244568595249047;0.283174453027923;;hypothetical protein;Not significant
AENJPLPP_02419;8.31060828607355;-0.70742836222188;0.613645684753968;-1.1528287084843;0.248980698420625;0.288168439507496;;hypothetical protein;Not significant
AENJPLPP_02884;67.0395840971176;0.266295726554427;0.231882380849623;1.14840862673012;0.250799914066256;0.290158661009511;;hypothetical protein;Not significant
AENJPLPP_02889;17.0699960528714;-0.503423544867245;0.438698856001872;-1.14753785650423;0.251159396571834;0.290459159180771;;ISL3 family transposase IS1476;Not significant
AENJPLPP_02462;1538.59808275694;-0.0905649999225398;0.0795252852019711;-1.13882018395195;0.254778161458329;0.294527195778743;;hypothetical protein;Not significant
AENJPLPP_01131;464.654786704081;0.111683285357042;0.0987982008206642;1.13041821034541;0.258300044363116;0.298361653782386;;hypothetical protein;Not significant
AENJPLPP_02711;9.99715711040605;-0.643632091186617;0.569324972267223;-1.1305179335863;0.258258046095317;0.298361653782386;;hypothetical protein;Not significant
AENJPLPP_02225;7.06621045161199;-0.797497417402106;0.705968289922352;-1.1296504797543;0.258623531296733;0.298616860878702;;hypothetical protein;Not significant
AENJPLPP_01088;2.92879218425799;-1.21264231645959;1.07699720859218;-1.12594750179968;0.260187741242363;0.30030388525476;;hypothetical protein;Not significant
AENJPLPP_03134;2.66661350150957;1.27485657246456;1.13303849539374;1.12516615953241;0.260518630205662;0.300566660522538;;hypothetical protein;Not significant
AENJPLPP_03003;444.256481168374;-0.123919570080501;0.110563107330734;-1.12080397405812;0.262371312191977;0.302584261822985;;hypothetical protein;Not significant
AENJPLPP_02686;35.1054560640304;-0.370128581691225;0.331425861623537;-1.11677640325983;0.264089940520043;0.30444572715533;;hypothetical protein;Not significant
AENJPLPP_02717;11.3309703459684;0.592468089699871;0.532235635345493;1.11316877404362;0.265635950912486;0.306106802159541;manX_5;PTS system mannose-specific EIIAB component;Not significant
AENJPLPP_03164;40.889371975938;-0.322243225537559;0.289621591479968;-1.11263536634439;0.265865064795842;0.306249631600274;;hypothetical protein;Not significant
AENJPLPP_00453;1724.12615210819;0.0735145563489613;0.0663112769021854;1.1086282723435;0.26759057637657;0.307993580398644;fieF;Ferrous-iron efflux pump FieF;Not significant
AENJPLPP_02909;12.4916807898956;0.590449466454213;0.53250091008296;1.10882339405246;0.267506376313229;0.307993580398644;;IS3 family transposase ISEfa8;Not significant
AENJPLPP_00983;387.742185378125;-0.116969149200788;0.106615813088187;-1.09710882291014;0.272593823811441;0.313628295116127;;hypothetical protein;Not significant
AENJPLPP_02300;305.444703143087;0.37155140827034;0.338789929791188;1.09670145301941;0.272771921070992;0.313709255196971;;hypothetical protein;Not significant
AENJPLPP_02619;37.4646142076392;-0.324288928231699;0.296028707147889;-1.09546446138986;0.273313206828219;0.314207681912268;;hypothetical protein;Not significant
AENJPLPP_02480;518.564037359907;-0.106971278590281;0.097913768136089;-1.09250497275933;0.274611205937472;0.315575308480631;;hypothetical protein;Not significant
AENJPLPP_00026;703.063462783382;0.096960327027966;0.0899121789466465;1.07838924786265;0.280860083320769;0.322629018788986;;hypothetical protein;Not significant
AENJPLPP_00618;86.2889480732246;0.217982393832527;0.202423942399088;1.0768607272887;0.281542490459678;0.323285383366949;;hypothetical protein;Not significant
AENJPLPP_02540;215.245084802539;-0.139970232190856;0.130347362137456;-1.07382481621111;0.282901205240444;0.32471750479313;;hypothetical protein;Not significant
AENJPLPP_02904;27.3803462096272;-0.368190020823263;0.343811095523356;-1.07090790732858;0.284210840076544;0.32609218530453;;hypothetical protein;Not significant
AENJPLPP_01305;45.8727086670946;-0.285043462484555;0.267712941259622;-1.06473546307993;0.286995657194074;0.329157681665673;;hypothetical protein;Not significant
AENJPLPP_00084;19.069919365037;0.424768876875247;0.402893742294963;1.05429504676761;0.29174785579659;0.334427178199375;;hypothetical protein;Not significant
AENJPLPP_01885;2030.04761482749;-0.0709356355955883;0.0672925694005189;-1.05413771873364;0.291819869438397;0.334427178199375;graS;Sensor histidine kinase GraS;Not significant
AENJPLPP_01223;4537.3920485075;-0.0670511503026971;0.0639497919525115;-1.04849676997368;0.29440978968909;0.337262512814567;priA;primosomal protein N';Not significant
AENJPLPP_00076;81.2462003293084;-0.222268957942138;0.212226866018338;-1.047317722361;0.294953064961284;0.337751995740173;;hypothetical protein;Not significant
AENJPLPP_00273;21.3735764345289;0.39357530055197;0.379423427921783;1.03729836269653;0.299596828611108;0.34279998621436;srlE;PTS system glucitol/sorbitol-specific EIIB component;Not significant
AENJPLPP_00753;61.8301276594978;0.249672496408382;0.240692429450602;1.03730930373788;0.299591731214166;0.34279998621436;;hypothetical protein;Not significant
AENJPLPP_01367;5.71409410993515;-0.766421978276745;0.739282867925228;-1.03671004906103;0.299871007284443;0.342978936846935;;hypothetical protein;Not significant
AENJPLPP_00401;5.67415766720658;-0.770704799363189;0.746332457884057;-1.03265614569173;0.301764843189275;0.345009510548554;;hypothetical protein;Not significant
AENJPLPP_02675;352.067389388035;-0.115304902707182;0.111783306832943;-1.03150377255793;0.302304640014744;0.345491017159708;;hypothetical protein;Not significant
AENJPLPP_03152;37.8482913224295;0.303237492903685;0.294989917367191;1.02795883876339;0.303969190123729;0.34725707400561;;hypothetical protein;Not significant
AENJPLPP_00496;23.8644599477323;0.380612626381503;0.37201971078296;1.02309801160927;0.306261507000253;0.349738630739112;;IS30 family transposase IS6770;Not significant
AENJPLPP_00037;217.950506742732;0.132350759122205;0.13042911073674;1.01473327828895;0.310232986385629;0.354135027971365;;hypothetical protein;Not significant
AENJPLPP_02658;53.311447792391;0.250766620174171;0.247188221934721;1.01447641077492;0.31035547983996;0.354136033422399;;hypothetical protein;Not significant
AENJPLPP_01512;135.921821278463;0.16038377906419;0.159097516298404;1.00808474447441;0.313413780689869;0.357485675428476;;IS256 family transposase IS256;Not significant
AENJPLPP_00665;433.595658672643;0.106496614177049;0.105715526931306;1.00738857638434;0.313748078819718;0.357726861990218;;hypothetical protein;Not significant
AENJPLPP_01449;97.3918566750396;-0.203919946262417;0.20255510019007;-1.00673814715633;0.314060625187798;0.35794306870719;;hypothetical protein;Not significant
AENJPLPP_00797;4280.41317308607;0.0722952315762981;0.0718669752552045;1.00595901413094;0.314435286222746;0.35822987225377;arlR_1;Response regulator ArlR;Not significant
AENJPLPP_02257;1.75731843178677;1.43100796784503;1.42313856018373;1.00552961453049;0.314641896807715;0.358325069809959;mtlD;Mannitol-1-phosphate 5-dehydrogenase;Not significant
AENJPLPP_02329;16.5769996193605;-0.43453470139953;0.434271072616124;-1.00060706042845;0.317016815331134;0.360888571635755;lolD_2;Lipoprotein-releasing system ATP-binding protein LolD;Not significant
AENJPLPP_00757;17.0307388899774;0.465372456599805;0.465555548926219;0.999606722920958;0.317500868367271;0.36129836994353;;hypothetical protein;Not significant
AENJPLPP_01879;67.7795861043683;-0.218490639326542;0.219893305392274;-0.993621151570625;0.320407342666119;0.36446335228271;;hypothetical protein;Not significant
AENJPLPP_03000;3.28209336289166;-1.03780508462942;1.04537684035005;-0.992756912695624;0.320828432261404;0.36479984175916;;hypothetical protein;Not significant
AENJPLPP_00364;6011.62501413195;0.0578705328792724;0.0586831259067803;0.986152867371129;0.324058104018069;0.368328336807422;pyrDA;Dihydroorotate dehydrogenase A (fumarate);Not significant
AENJPLPP_02999;4.78152980509163;0.8112866463024;0.823540845461534;0.985120107610125;0.32456507759263;0.368760634393187;;hypothetical protein;Not significant
AENJPLPP_02806;1.70545636635664;1.39353112840667;1.42845221306278;0.975553200634386;0.329285925733588;0.373978399273092;;hypothetical protein;Not significant
AENJPLPP_00089;7.55067673017101;0.622263832316924;0.641285228634653;0.970338633312624;0.331877726278309;0.376628191318175;;IS256 family transposase ISEf1;Not significant
AENJPLPP_00463;20.5268556020904;0.391882438090748;0.403840384322132;0.970389424397325;0.33185241813246;0.376628191318175;;hypothetical protein;Not significant
AENJPLPP_01706;26.3530808117119;-0.334990350894071;0.346054736028145;-0.968027066292848;0.333030852368602;0.377789576196872;manZ_2;PTS system mannose-specific EIID component;Not significant
AENJPLPP_01970;37.578004920941;0.286557295007213;0.298530113751926;0.959894100483738;0.337108515670886;0.382266354218699;;hypothetical protein;Not significant
AENJPLPP_00600;21.1655324879284;-0.372811204198645;0.390065166897217;-0.955766461189501;0.339190236366833;0.38447721615423;yesO;Putative ABC transporter substrate-binding protein YesO;Not significant
AENJPLPP_00739;3.26271724726538;0.959069026206846;1.00471440580124;0.95456880151132;0.339795800638303;0.385013763213517;gatA_2;PTS system galactitol-specific EIIA component;Not significant
AENJPLPP_01522;6350.62164880678;-0.0583252800591224;0.0611367893057063;-0.954012808351362;0.340077159000734;0.385032926520271;recG;ATP-dependent DNA helicase RecG;Not significant
AENJPLPP_03143;41.4143589581996;0.281325545509469;0.294870691638805;0.954064115175177;0.340051189112675;0.385032926520271;;hypothetical protein;Not significant
AENJPLPP_00556;729.161058074655;-0.0783063677307973;0.0826228154962662;-0.947757193463542;0.34325307721266;0.388477637327348;coaD;Phosphopantetheine adenylyltransferase;Not significant
AENJPLPP_01386;7403.69933600332;0.0725186095976708;0.0769689665213366;0.942179853455196;0.346100566673637;0.391529814947052;;hypothetical protein;Not significant
AENJPLPP_02718;11.630983786815;-0.515005490726238;0.546744663986539;-0.941948819346717;0.346218843917809;0.391529814947052;;hypothetical protein;Not significant
AENJPLPP_01311;10.4179142346362;0.552381167562573;0.5883015134563;0.938942285423178;0.347760377232787;0.393120426437064;;hypothetical protein;Not significant
AENJPLPP_01135;97.0379426855937;-0.179097186815834;0.191147051563529;-0.936960237423854;0.348779011724223;0.394118929817981;;hypothetical protein;Not significant
AENJPLPP_02930;7.84505847120374;0.590813984612242;0.632358900972109;0.934301681693733;0.350148297101274;0.395512739006559;;IS256 family transposase ISEf1;Not significant
AENJPLPP_02044;3.08030613490106;-0.951481668022771;1.01930461265032;-0.933461554293174;0.350581711691475;0.395848757055283;;IS30 family transposase IS1252;Not significant
AENJPLPP_01780;91.3477968811122;-0.176951208190608;0.191441543508698;-0.924309347634196;0.35532527731054;0.401049305243525;;hypothetical protein;Not significant
AENJPLPP_01346;16.2959157099185;0.401700543700262;0.43512929139241;0.923175138163703;0.355915942864873;0.401560335382607;ykoD;Putative HMP/thiamine import ATP-binding protein YkoD;Not significant
AENJPLPP_00458;2104.96508930136;0.0592614180056612;0.064396899532721;0.920252658678849;0.357440742070822;0.403124492993893;;hypothetical protein;Not significant
AENJPLPP_00075;356.892920594435;-0.132167861179245;0.143830323816919;-0.918915133275236;0.358139963755155;0.403600454510454;;hypothetical protein;Not significant
AENJPLPP_01704;83.6635797886381;-0.195047754435048;0.212217182474028;-0.919095014650469;0.358045876641765;0.403600454510454;sorB_2;PTS system sorbose-specific EIIB component;Not significant
AENJPLPP_02468;10142.1583353415;0.0570244679429611;0.062458018717596;0.913004752853229;0.361240041849484;0.406936557781702;ntpA;V-type sodium ATPase catalytic subunit A;Not significant
AENJPLPP_00576;3.08298828010745;-0.95301787963469;1.0443129873856;-0.912578787342805;0.361464115012664;0.406965373333796;chvE;Multiple sugar-binding periplasmic receptor ChvE;Not significant
AENJPLPP_01987;69.8559065940268;-0.195304668232731;0.214112465099023;-0.912159262387671;0.361684885366712;0.406965373333796;;hypothetical protein;Not significant
AENJPLPP_02882;92.2045967409153;0.177231612946915;0.194243381632828;0.912420343267758;0.361547484519002;0.406965373333796;;hypothetical protein;Not significant
AENJPLPP_03053;68.1842906535531;-0.199955351896415;0.220115276462954;-0.908411969898274;0.363660603950335;0.409030389611192;;hypothetical protein;Not significant
AENJPLPP_02715;11.6008168043029;0.469876604749565;0.517759914013757;0.907518315017877;0.3641327686914;0.409403329123304;agaC_2;N-acetylgalactosamine permease IIC component 1;Not significant
AENJPLPP_00767;10.1784691354562;0.513833433954633;0.569218589870118;0.90269967126667;0.366685310975744;0.412114097090455;ulaA_2;Ascorbate-specific PTS system EIIC component;Not significant
AENJPLPP_01736;9.92437153995895;0.510427602864713;0.568459227245322;0.89791418346427;0.369231302442843;0.41481541385554;glpF;Glycerol uptake facilitator protein;Not significant
AENJPLPP_02988;17.1116112618905;-0.392102148005387;0.437602621020708;-0.896023307837619;0.370240314982609;0.415788583582475;;hypothetical protein;Not significant
AENJPLPP_01592;945.996962373168;0.0692536264782539;0.0774075123477671;0.894662861236512;0.370967337405817;0.416444443533439;;hypothetical protein;Not significant
AENJPLPP_01884;2178.86236141691;-0.061782763980647;0.0691137852295067;-0.893928234077825;0.371360290198003;0.41672491909695;graR;Response regulator protein GraR;Not significant
AENJPLPP_03146;16.0262377681227;0.396598354189721;0.448805089147355;0.883676152031124;0.376871057500488;0.422745962804862;;hypothetical protein;Not significant
AENJPLPP_01012;8504.33221849436;0.0466458052109656;0.0528956310069786;0.881846086774379;0.377860045229635;0.423692126187407;nrdF;Ribonucleoside-diphosphate reductase 2 subunit beta;Not significant
AENJPLPP_02643;19.3591532221741;0.361752091652631;0.41089548522091;0.880399285619169;0.378643043378885;0.424406675257626;;hypothetical protein;Not significant
AENJPLPP_00108;4740.02747709918;-0.056082972699906;0.0638348742308655;-0.878563220741629;0.379638145021275;0.425358321778358;galE;UDP-glucose 4-epimerase;Not significant
AENJPLPP_02938;10.7011761118198;-0.510559686940056;0.581543066732526;-0.877939599226417;0.379976497947884;0.42557367770163;;ISL3 family transposase IS1251;Not significant
AENJPLPP_00282;8.07112566921407;0.540425717506821;0.616923271152792;0.876001510685395;0.381029212518444;0.426588645464709;spxA_1;Regulatory protein Spx;Not significant
AENJPLPP_00596;60.8483171380757;0.209964420372729;0.239813275082433;0.87553293411533;0.381283998538607;0.426709840024759;yteT;Putative oxidoreductase YteT;Not significant
AENJPLPP_02861;91.6312647327538;-0.166366506416484;0.190577180284755;-0.872961317655682;0.382684162349648;0.428112286116855;rhaS_3;HTH-type transcriptional activator RhaS;Not significant
AENJPLPP_03155;51.833059111399;0.233364492256889;0.267558134280829;0.872201074671678;0.383098693352531;0.428411442028637;;hypothetical protein;Not significant
AENJPLPP_01213;1099.4721157475;-0.0875929793877088;0.100983214246365;-0.867401379936391;0.385722126037267;0.431179589643195;;hypothetical protein;Not significant
AENJPLPP_02932;2.37534827987574;1.03438973423283;1.19480447950177;0.865739752385405;0.38663289494752;0.432031845774051;;IS256 family transposase ISEf1;Not significant
AENJPLPP_01938;237.593600496979;-0.110023898824851;0.127416465878064;-0.863498277609916;0.387863566016453;0.433240776463334;;hypothetical protein;Not significant
AENJPLPP_00705;13283.5710579637;0.064580124965665;0.0748558297953231;0.862726726057879;0.388287734412009;0.433548267871078;sigA;RNA polymerase sigma factor SigA;Not significant
AENJPLPP_02734;35.8517547155364;0.261022752319681;0.303059261012016;0.861292776363404;0.389076813188824;0.434262813340688;;hypothetical protein;Not significant
AENJPLPP_01341;93.4018601042348;0.171836668667671;0.199679538658975;0.860562227966402;0.389479196860449;0.434545372129359;rpsN2_1;Alternate 30S ribosomal protein S14;Not significant
AENJPLPP_01635;1355.95377070846;-0.246575812039979;0.288696891929709;-0.854099295603134;0.393049974183466;0.438361365309173;;hypothetical protein;Not significant
AENJPLPP_01430;1.78637495174652;-1.19877770526031;1.40441232824895;-0.853579594217154;0.393337968899931;0.438514611576033;;hypothetical protein;Not significant
AENJPLPP_01340;18.5418326853091;0.355324013482205;0.41672803613398;0.852652048032512;0.393852290074455;0.438919965058099;rpmF_2;50S ribosomal protein L32;Not significant
AENJPLPP_00220;38.7639143438186;-0.253066579650083;0.297928564557218;-0.849420330092186;0.395647444583554;0.440751858694456;lacF_1;Lactose transport system permease protein LacF;Not significant
AENJPLPP_01906;909.506005483656;0.0697728685713798;0.0821974200367169;0.848844994650841;0.395967549482508;0.440842754437283;;hypothetical protein;Not significant
AENJPLPP_02006;523.03480501544;-0.0784497192288472;0.0924319435369303;-0.848729521710245;0.396031815112614;0.440842754437283;ung;Uracil-DNA glycosylase;Not significant
AENJPLPP_02663;5.76580791437658;-0.696473764389054;0.828174018918974;-0.84097514348273;0.400361859593675;0.445492447511189;;ISL3 family transposase IS1476;Not significant
AENJPLPP_00405;50.6627637317343;-0.222011064432591;0.266519980738294;-0.832999701626843;0.404844897556068;0.450308763057017;;hypothetical protein;Not significant
AENJPLPP_02234;1210.81381289827;0.233234130066347;0.282725572710445;0.824948828754217;0.409400642918087;0.455202242144891;;hypothetical protein;Not significant
AENJPLPP_00484;1418.57608176943;-0.0936323219065563;0.113592593439687;-0.824281927820157;0.409779384787845;0.455449453626796;;hypothetical protein;Not significant
AENJPLPP_02356;1.63099558520421;1.35896255675898;1.64950865469869;0.823859003642041;0.410019676942419;0.455542655191272;;IS3 family transposase IS1485;Not significant
AENJPLPP_00404;12.9935488431651;-0.425530316224829;0.516834085190541;-0.823340271893928;0.410314518272837;0.455696368119947;;hypothetical protein;Not significant
AENJPLPP_01689;20.7059961024126;-0.329662456305001;0.402344341540186;-0.819354026561039;0.412584456527842;0.458042675337048;;hypothetical protein;Not significant
AENJPLPP_03139;49.5240294592517;-0.212647598545057;0.2611205883193;-0.814365500299158;0.415435596468893;0.461032186325235;;hypothetical protein;Not significant
AENJPLPP_02720;34.6273619607068;-0.24629377930927;0.303268692012859;-0.812130581876309;0.416716706759228;0.462277733364904;;hypothetical protein;Not significant
AENJPLPP_00224;27.9721296609784;0.271557731627687;0.33463913148281;0.811494251806104;0.417081892589685;0.46250665316876;;hypothetical protein;Not significant
AENJPLPP_00540;1561.8992829627;-0.0554078836248662;0.0685661094222492;-0.80809432082035;0.419036286688639;0.464497018209865;;hypothetical protein;Not significant
AENJPLPP_02920;8.57229573227732;-0.497810460365675;0.618945190790835;-0.804288437445674;0.421230413791291;0.466751508736773;;IS982 family transposase ISEfm1;Not significant
AENJPLPP_02815;3.03123478338135;0.857472957613169;1.06934860247621;0.801864757318227;0.422631194385728;0.468125537486207;;IS256 family transposase ISEf1;Not significant
AENJPLPP_01370;3.73729984732806;-0.737889957666932;0.924835307449739;-0.797860929100649;0.424951198781963;0.470516308309154;ycjO;Inner membrane ABC transporter permease protein YcjO;Not significant
AENJPLPP_02248;4279.53620992897;0.0476313525277257;0.0598323212449358;0.796080638969981;0.425985166680447;0.471481872053767;gmuF;putative mannose-6-phosphate isomerase GmuF;Not significant
AENJPLPP_01676;6.85327404431447;-0.550509602266769;0.694934965655187;-0.792174274534807;0.428259066485378;0.473818541643397;;IS3 family transposase IS1485;Not significant
AENJPLPP_01947;6.55547179510274;0.540785856871044;0.685978571480962;0.788342200986744;0.430496569300859;0.476113182606951;;hypothetical protein;Not significant
AENJPLPP_01120;111.972914360037;-0.135753939012956;0.172828300156938;-0.785484431020175;0.432169595067003;0.477782027651903;uxaC;Uronate isomerase;Not significant
AENJPLPP_02870;3.73407384834772;-0.725762064892356;0.927323981138886;-0.782641320243887;0.433837769738565;0.479444244963454;;ISL3 family transposase ISEfa5;Not significant
AENJPLPP_02563;88.7222091625958;-0.15263855921657;0.197486677212891;-0.772905602396789;0.439578248894084;0.485603892556742;bglF_3;PTS system beta-glucoside-specific EIIBCA component;Not significant
AENJPLPP_01037;310.270356228732;-0.0947623339551952;0.123527285710823;-0.767136858953041;0.443000149118085;0.489198496106129;;hypothetical protein;Not significant
AENJPLPP_01774;79.3090519183114;0.156216552638071;0.204042373172756;0.765608389125169;0.443909351315811;0.490016691065823;yiaC;Peptidyl-lysine N-acetyltransferase YiaC;Not significant
AENJPLPP_03160;21.0914665453847;-0.304626097579392;0.402356211884673;-0.757105491555594;0.448986664301099;0.495433560608109;;hypothetical protein;Not significant
AENJPLPP_00751;116.523264174752;-0.135585674588362;0.179328139707935;-0.756075844031984;0.449603723966547;0.495926531890373;;Deacetylase;Not significant
AENJPLPP_01638;22.1291512733487;0.283810219797051;0.376199703748618;0.754413724862199;0.450600832806211;0.496838176876822;rhaD;Rhamnulose-1-phosphate aldolase;Not significant
AENJPLPP_01377;143.451824650706;-0.122129615746039;0.162089694334391;-0.753469344535166;0.451167926018769;0.497113196775575;;hypothetical protein;Not significant
AENJPLPP_02428;1.63539920530148;-1.05964659318394;1.40643042837044;-0.753429797741009;0.451191682375634;0.497113196775575;;hypothetical protein;Not significant
AENJPLPP_02838;8.21457631612469;0.466347869389455;0.620177484562227;0.751958723104309;0.452075881898259;0.497899004571759;;hypothetical protein;Not significant
AENJPLPP_00736;3.77452583233182;-0.707437471202246;0.942661626249793;-0.750468091097181;0.452972834742703;0.498698258892533;;hypothetical protein;Not significant
AENJPLPP_02268;65.4255483490386;0.176838743624714;0.235971111318153;0.749408445113806;0.453611062417843;0.499212174512758;;hypothetical protein;Not significant
AENJPLPP_01692;758.565789393429;-0.0671903433607408;0.0902843620605503;-0.744207987155946;0.456750656704979;0.502477488600264;;hypothetical protein;Not significant
AENJPLPP_00067;241.69162604441;0.0970685803480108;0.131251740519476;0.739560328600802;0.459566820907338;0.505384661058221;;hypothetical protein;Not significant
AENJPLPP_02948;115.908219598439;-0.128306517887911;0.173766482938482;-0.738384731728357;0.460280690066589;0.505978621922955;frlB_2;Fructosamine deglycase FrlB;Not significant
AENJPLPP_02812;19.8179974168408;0.289120786372463;0.392443059964037;0.736720344599692;0.461292432156201;0.506899457524097;;IS30 family transposase IS1252;Not significant
AENJPLPP_00769;5.85900936731079;0.594045068846983;0.81216091471263;0.731437647497696;0.464511876906881;0.510244656941847;ulaG;putative L-ascorbate-6-phosphate lactonase UlaG;Not significant
AENJPLPP_01299;75.0591848329606;0.155033583630374;0.212169646745711;0.730705763092423;0.464958894656891;0.510350660098329;;hypothetical protein;Not significant
AENJPLPP_03140;12.7113276899004;0.377059782079269;0.515843578157592;0.73095759653729;0.464805053732516;0.510350660098329;;hypothetical protein;Not significant
AENJPLPP_00123;1468.87539875612;-0.0505187227314225;0.0695235159465515;-0.726642230957658;0.467445150762699;0.51271772170774;argR_1;Arginine repressor;Not significant
AENJPLPP_02445;182.999788626701;-0.103203180116377;0.142034651133896;-0.726605650751291;0.467467565636693;0.51271772170774;;hypothetical protein;Not significant
AENJPLPP_00127;3775.36444775507;-0.0563940531685683;0.0777938803668911;-0.724916316072716;0.468503370591614;0.513660321973938;frr;Ribosome-recycling factor;Not significant
AENJPLPP_00069;13.4954224862503;0.362531537333277;0.501414842515724;0.723017163820611;0.46966933930958;0.514551209958426;;hypothetical protein;Not significant
AENJPLPP_02726;31.0643070028825;-0.237777726908307;0.328808539286289;-0.723149488223229;0.469588047895586;0.514551209958426;;hypothetical protein;Not significant
AENJPLPP_01883;3.23669714721979;-0.776340173953477;1.08588208137777;-0.714939667268892;0.474646324602669;0.519808235142148;;hypothetical protein;Not significant
AENJPLPP_01039;650.570274186113;-0.065182510135309;0.0916982730972519;-0.710836834039162;0.477185352372974;0.522392385755677;;hypothetical protein;Not significant
AENJPLPP_00749;120.15395753653;0.123809874945772;0.174552101544493;0.709300397132218;0.478138082038933;0.523238667755496;dgaF;2-dehydro-3-deoxy-phosphogluconate aldolase;Not significant
AENJPLPP_00752;39.9946791652726;-0.203460456392176;0.289247618764228;-0.703412727342175;0.481798577188887;0.527046377450803;;hypothetical protein;Not significant
AENJPLPP_00201;14678.1210212345;-0.0529739691880573;0.0755373709220885;-0.701294849706859;0.483119027208368;0.528094071783321;dagK_1;Diacylglycerol kinase;Not significant
AENJPLPP_02443;5.74220219951435;0.521807226140435;0.743899661862252;0.701448398073151;0.48302322716126;0.528094071783321;;hypothetical protein;Not significant
AENJPLPP_01513;14.0920652664671;0.332452544684344;0.475735730235881;0.698817691325195;0.484665970966393;0.529387587192099;;IS256 family transposase ISEf1;Not significant
AENJPLPP_01738;593.443046926876;0.0670704624997512;0.095957475376465;0.698960265853359;0.484576862833161;0.529387587192099;pgsA2;Putative cardiolipin synthase;Not significant
AENJPLPP_01130;467.979179299174;-0.0657357841673026;0.0950105424019808;-0.691878843183323;0.489013418033788;0.533935910504084;araR_1;Arabinose metabolism transcriptional repressor;Not significant
AENJPLPP_01451;450.842630174802;-0.0665426564513694;0.0968869027175378;-0.686807551742743;0.492204010323164;0.537218170187801;lacR_2;Lactose phosphotransferase system repressor;Not significant
AENJPLPP_00072;80.3260028540437;0.142735916859987;0.208376830884298;0.684989383197031;0.493350620504967;0.53806629472302;;hypothetical protein;Not significant
AENJPLPP_02712;22.4047939082815;0.259560564564169;0.37879494636503;0.685227105205465;0.493200622206246;0.53806629472302;gmuE_4;Putative fructokinase;Not significant
AENJPLPP_01641;303.455350814172;-0.0781110447955037;0.114579634627713;-0.681718396548381;0.495417032581748;0.540117708303276;iclR;Transcriptional repressor IclR;Not significant
AENJPLPP_00005;1210.39848072873;0.0509780852462183;0.0749092793166501;0.680530979756568;0.496168312762327;0.540734328878704;srrA_1;Transcriptional regulatory protein SrrA;Not significant
AENJPLPP_02732;10.5556263214771;-0.395478310401452;0.586588916661939;-0.674200107039138;0.500184101599438;0.544906885094487;;hypothetical protein;Not significant
AENJPLPP_00854;1761.98579977062;-0.0454690631673673;0.067496934765343;-0.673646341503405;0.50053618347893;0.545086524416845;mutY;Adenine DNA glycosylase;Not significant
AENJPLPP_03121;128.392367095986;0.113726607083107;0.16932564223402;0.67164432736023;0.501810151465225;0.546269592922144;;hypothetical protein;Not significant
AENJPLPP_01659;5.54260749204812;-0.51721870773852;0.770435654521664;-0.671332777374695;0.502008558370631;0.546281360977308;;hypothetical protein;Not significant
AENJPLPP_01627;212.351204739072;0.0891090659097913;0.133718708460557;0.66639191281208;0.505160630311018;0.549506072269587;yoaB;Calcium-transporting ATPase 1;Not significant
AENJPLPP_00223;79.5203372629136;0.133893577684642;0.201451144442675;0.664645405986972;0.50627732005888;0.550515144141695;umpB_2;Na(+)%2C Li(+)%2C K(+)/H(+) antiporter subunit B;Not significant
AENJPLPP_01912;32.5985069130767;0.246688639990437;0.373614637376088;0.660275629785122;0.509076966189914;0.553352790423677;;hypothetical protein;Not significant
AENJPLPP_01878;8.65680343240595;0.388767992917226;0.598794802424802;0.64925078063958;0.51617629371613;0.560860211679616;;hypothetical protein;Not significant
AENJPLPP_02814;2.16500170827066;0.817875804403264;1.26424590869321;0.646927784206683;0.517678682818827;0.562282851312355;;hypothetical protein;Not significant
AENJPLPP_01302;5.74917854987545;0.489705756047361;0.763924171854386;0.641039744636731;0.521496860871621;0.566218813891931;;hypothetical protein;Not significant
AENJPLPP_00573;2703.51208356219;0.0522366944615605;0.0821845790047848;0.635602142082145;0.525035772962082;0.569848740538794;guaC;GMP reductase;Not significant
AENJPLPP_00725;7.20286695979694;-0.440385779483485;0.694953269320911;-0.63369121194842;0.526282361260677;0.570988910577903;;hypothetical protein;Not significant
AENJPLPP_02408;158.262519531871;0.102919255500293;0.163804204940271;0.62830655377755;0.529803139147451;0.574594689458986;;hypothetical protein;Not significant
AENJPLPP_02431;3.94115240190977;-0.557139062980389;0.892248777369042;-0.624421212011313;0.532350998046165;0.57714300309398;;hypothetical protein;Not significant
AENJPLPP_03014;11.5835247211114;-0.330711884248613;0.533134926718864;-0.620315548043256;0.535050060552464;0.579853284826489;;hypothetical protein;Not significant
AENJPLPP_01466;6795.91893810532;-0.0396472097207975;0.064153546827688;-0.618004953448438;0.536572073389762;0.581286412838909;;hypothetical protein;Not significant
AENJPLPP_01697;101.00684786953;-0.117756814652954;0.191626128871638;-0.614513351317733;0.538876153137499;0.583565399009445;;hypothetical protein;Not significant
AENJPLPP_00755;35.259601571998;-0.181271003494639;0.297748283520434;-0.608806208221848;0.542652898108417;0.587218595054519;;hypothetical protein;Not significant
AENJPLPP_03122;5.37207658443836;-0.465290718644012;0.764242567658063;-0.608825964863282;0.542639801283296;0.587218595054519;;hypothetical protein;Not significant
AENJPLPP_00750;141.003068696485;0.094844159541185;0.156363353233646;0.606562583749813;0.544141237473861;0.58861043221541;dgaE;D-glucosaminate-6-phosphate ammonia lyase;Not significant
AENJPLPP_01011;14999.6412685973;-0.0331786229648295;0.0547389920163396;-0.606124112678685;0.544432340239578;0.588706637496342;nrdE2;Ribonucleoside-diphosphate reductase subunit alpha 2;Not significant
AENJPLPP_02739;207.47413082149;-0.101361949245467;0.167999317416135;-0.603347387384871;0.54627761476632;0.590482707572206;yjhB;Putative metabolite transport protein YjhB;Not significant
AENJPLPP_01699;2196.95117242072;0.0396659177896232;0.0658588583035475;0.602286750960677;0.546983278492287;0.590806864602945;;hypothetical protein;Not significant
AENJPLPP_02719;47.7274680252468;-0.162637030929255;0.270026761407562;-0.602299676082033;0.546974676422051;0.590806864602945;;hypothetical protein;Not significant
AENJPLPP_01137;9.2464000749649;-0.348527354150579;0.579742009526013;-0.601176641374548;0.547722340712972;0.591385782779449;yteP_2;putative multiple-sugar transport system permease YteP;Not significant
AENJPLPP_02724;5.17255067730505;0.458573286804977;0.767719533622404;0.597318769057819;0.550294575690443;0.593942848187758;;hypothetical protein;Not significant
AENJPLPP_01550;1.92174520094364;-0.800849523571679;1.34763533502524;-0.594262782191505;0.552336367266127;0.5958557036912;;IS30 family transposase IS6770;Not significant
AENJPLPP_03119;43.7666694209096;0.16369118019202;0.275549398737898;0.594053846394788;0.552476098889505;0.5958557036912;bin3_5;Putative transposon Tn552 DNA-invertase bin3;Not significant
AENJPLPP_00294;2.30745772277145;-0.686616205924352;1.16203532764533;-0.590873779470773;0.554604995731359;0.597930302691491;sorB_1;PTS system sorbose-specific EIIB component;Not significant
AENJPLPP_03101;16.0056685652366;-0.267999710562485;0.454117729596182;-0.590154695789569;0.555086942098993;0.598228414282852;;hypothetical protein;Not significant
AENJPLPP_01767;24.1908575958748;0.222996628413508;0.378572392684413;0.589046197564128;0.555830283700467;0.598807911999911;pgmB;Beta-phosphoglucomutase;Not significant
AENJPLPP_01880;9.2322625064519;0.362749461382785;0.618757969819322;0.586254204513451;0.557704700838187;0.600605062441124;;hypothetical protein;Not significant
AENJPLPP_00598;18.2107136431715;-0.244479184059514;0.418177948381403;-0.584629545880632;0.558796836609235;0.601558738708352;araQ_1;L-arabinose transport system permease protein AraQ;Not significant
AENJPLPP_02824;7.56734727202431;0.381856706029654;0.654195288401123;0.583704457674903;0.55941916765022;0.602006140501641;;hypothetical protein;Not significant
AENJPLPP_02910;476.95583099934;0.0558825617337529;0.0958409509533996;0.583076035638716;0.559842115345446;0.602238729178404;resA;Thiol-disulfide oxidoreductase ResA;Not significant
AENJPLPP_00403;15.2075117338364;-0.276547316855207;0.474791603065495;-0.58246042067652;0.560256593777586;0.602462038803667;;hypothetical protein;Not significant
AENJPLPP_02407;159.457804334838;-0.0881403570416274;0.151763959616529;-0.580772650267803;0.561393690233397;0.603461951258639;natA_2;ABC transporter ATP-binding protein NatA;Not significant
AENJPLPP_02244;27.5826716303683;-0.202924360669029;0.350434457143895;-0.579065090581844;0.562545254080468;0.604476671543293;;hypothetical protein;Not significant
AENJPLPP_02332;85.0354962732126;-0.114846676214561;0.199916777305413;-0.574472426789419;0.565648154095869;0.60758665611478;ybaK_2;Cys-tRNA(Pro)/Cys-tRNA(Cys) deacylase YbaK;Not significant
AENJPLPP_02463;7466.69785964527;0.0338696443963514;0.0591040626216387;0.573051037340221;0.566610137775842;0.608395546166391;;hypothetical protein;Not significant
AENJPLPP_02689;1.69418656501736;0.771246188032421;1.35147653317223;0.570669315450212;0.568223822426314;0.609903343496286;;hypothetical protein;Not significant
AENJPLPP_01955;1.69468260489938;0.770198601660414;1.3513952814888;0.569928437823095;0.568726236030731;0.610217685822214;;hypothetical protein;Not significant
AENJPLPP_02223;8.05061880557962;-0.360917018774777;0.633991208604929;-0.569277639620523;0.569167738864285;0.610466466140993;melD;Melibiose/raffinose/stachyose import permease protein MelD;Not significant
AENJPLPP_01465;9383.00960542919;0.0389486478131442;0.068831567387014;0.565854437022342;0.571492737047348;0.612693262355487;;hypothetical protein;Not significant
AENJPLPP_02293;46.6395029619562;0.168940200034568;0.298691206897455;0.565601518000387;0.571664695679897;0.612693262355487;;hypothetical protein;Not significant
AENJPLPP_01112;5.8737272237234;0.408176729854306;0.726561162664297;0.561792662241295;0.574257292090186;0.615245487331354;;hypothetical protein;Not significant
AENJPLPP_01881;3.42115168885682;-0.529851991710474;0.957431429130697;-0.553409858491438;0.579982789799893;0.621115537290762;;hypothetical protein;Not significant
AENJPLPP_02008;394.887063327816;-0.0725666338447967;0.131200411936014;-0.553097606737602;0.580196575382857;0.621115537290762;tsaE;tRNA threonylcarbamoyladenosine biosynthesis protein TsaE;Not significant
AENJPLPP_02736;1.68171708854185;0.760414031174083;1.37548011442207;0.552835350508562;0.580376159673133;0.621115537290762;;hypothetical protein;Not significant
AENJPLPP_02228;840.074224207243;-0.043917407399429;0.0795722531222666;-0.551918610774383;0.581004116908424;0.621283046295479;araR_2;Arabinose metabolism transcriptional repressor;Not significant
AENJPLPP_02772;1011.94883589675;-0.044351559862386;0.0803947235821572;-0.551672521357228;0.581172739735194;0.621283046295479;;hypothetical protein;Not significant
AENJPLPP_02996;9.23079381209289;0.321457897504409;0.582280693539274;0.552066900158571;0.580902518658596;0.621283046295479;;hypothetical protein;Not significant
AENJPLPP_01929;315.288718742502;-0.0634920664361442;0.116049443367817;-0.54711220143389;0.584301650165731;0.624306066578895;;hypothetical protein;Not significant
AENJPLPP_03144;7.53287955863727;0.351631710785269;0.642923403219914;0.54692628861263;0.584429374139446;0.624306066578895;;hypothetical protein;Not significant
AENJPLPP_01757;6.10781647202758;-0.385148912649829;0.706885569188303;-0.544853268248331;0.585854439035183;0.625598872926459;artM_3;Arginine transport ATP-binding protein ArtM;Not significant
AENJPLPP_01285;4.91853501449489;-0.441724689957992;0.813240256194011;-0.543166286461613;0.587015316613578;0.62660872506552;xylB_1;Xylulose kinase;Not significant
AENJPLPP_00271;4.44218389127351;0.462889777501668;0.855145411591391;0.541299492726329;0.58830117007577;0.627751193572973;;hypothetical protein;Not significant
AENJPLPP_00369;873.963609597999;0.0417158292129836;0.0779480350600408;0.535174865932813;0.592528944566491;0.632030874204258;;hypothetical protein;Not significant
AENJPLPP_01087;11.8375775881993;-0.278037299225461;0.532827680740756;-0.521814667809532;0.601799376058545;0.641684285273703;;hypothetical protein;Not significant
AENJPLPP_02837;37.1027973462221;-0.15421333039205;0.300627248436027;-0.51297189856982;0.607970978052614;0.648027631072186;;IS200/IS605 family transposase ISAac3;Not significant
AENJPLPP_03150;2.03885543519521;0.638785679729288;1.24840921101519;0.511679723357566;0.608875179355786;0.648753941560209;;hypothetical protein;Not significant
AENJPLPP_02116;113.482061781618;-0.09060845563452;0.179138120610766;-0.505802200701856;0.612995513460124;0.652905243305004;;hypothetical protein;Not significant
AENJPLPP_00622;6.32789458012792;-0.367841117699338;0.727893113361015;-0.505350457295643;0.613312709264329;0.653004244745056;;IS256 family transposase ISEf1;Not significant
AENJPLPP_02865;2.36728497614329;0.57450955295125;1.146298518248;0.501186683752613;0.616239745085142;0.655880898277754;;IS3 family transposase IS1485;Not significant
AENJPLPP_02222;12.2828678364981;-0.259231946969679;0.520160919569233;-0.49836874939463;0.618224159043601;0.657752557959433;ugpB;sn-glycerol-3-phosphate-binding periplasmic protein UgpB;Not significant
AENJPLPP_00542;1549.24443333443;-0.0450037066346582;0.0909473201169096;-0.494832685304059;0.620718230226188;0.66016489642756;;putative metallo-hydrolase;Not significant
AENJPLPP_00577;24.8341416688756;-0.176990294858549;0.358301614509053;-0.493970129331017;0.621327275308183;0.660571385796798;ytfQ;ABC transporter periplasmic-binding protein YtfQ;Not significant
AENJPLPP_01316;14.1778098574573;0.235683153099063;0.480894421243069;0.490093340009732;0.624067850645087;0.66324291280237;;hypothetical protein;Not significant
AENJPLPP_01089;29.6347930265635;-0.168883491761449;0.347751792126566;-0.485643771175687;0.627219756664109;0.666349482453807;;hypothetical protein;Not significant
AENJPLPP_01238;3885.63907913426;-0.0293862893532732;0.060781759434681;-0.483472173668371;0.628760512899554;0.667742747470278;ispE;4-diphosphocytidyl-2-C-methyl-D-erythritol kinase;Not significant
AENJPLPP_01678;206.687681752858;0.0720889965342179;0.149378752697151;0.482592036903472;0.629385434326718;0.668162735967701;;IS982 family transposase ISEfm1;Not significant
AENJPLPP_01122;43.1133311862561;0.13199430228292;0.27550533701586;0.479098894099905;0.631868276454876;0.670554089299052;;hypothetical protein;Not significant
AENJPLPP_02318;12.0598360067948;-0.253942056180872;0.532999181717319;-0.476439861244575;0.633761042167294;0.672317724878382;manZ_5;PTS system mannose-specific EIID component;Not significant
AENJPLPP_01446;43.2359289084937;0.129201191599291;0.272612308500507;0.473937484004142;0.635544488232356;0.673964147754049;;hypothetical protein;Not significant
AENJPLPP_00070;88.9547634624168;-0.105839972824444;0.2274782153189;-0.465275203060954;0.641734390065842;0.680280503775658;;hypothetical protein;Not significant
AENJPLPP_02946;6.04694027653955;0.336613618316228;0.724874015557009;0.464375341220593;0.642378853828266;0.680715874216853;;putative phosphotransferase enzyme IIB component;Not significant
AENJPLPP_00461;29.8800467795921;0.150951193187398;0.326375952881042;0.462507092985544;0.643717716995772;0.681638542506068;;putative epimerase/dehydratase;Not significant
AENJPLPP_01347;5.66716421141688;0.339040353485133;0.733017246337784;0.462527116761587;0.643703360995664;0.681638542506068;;hypothetical protein;Not significant
AENJPLPP_01817;2898.41811006822;0.0284413451292284;0.0618785132334456;0.459632005409201;0.645780382224004;0.683574145051363;yjcD;Putative ATP-dependent DNA helicase YjcD;Not significant
AENJPLPP_00855;582.359776304795;0.0421074444742014;0.0918301307114794;0.458536257630936;0.646567219765608;0.683943316023388;recX;Regulatory protein RecX;Not significant
AENJPLPP_02508;17977.1061227745;-0.0247605629394114;0.0540043305694285;-0.458492174207751;0.646598883589419;0.683943316023388;atpA;ATP synthase subunit alpha;Not significant
AENJPLPP_02646;2.93524658961113;-0.469615733098989;1.03102297151529;-0.455485227849771;0.648760192634804;0.685980276308116;;hypothetical protein;Not significant
AENJPLPP_00735;21.8506391738864;0.181470607448502;0.402419766608941;0.450948543054173;0.652026635935685;0.689183870724035;mtnB;Methylthioribulose-1-phosphate dehydratase;Not significant
AENJPLPP_01200;2295.42162139461;-0.0334523577797318;0.0767389492492666;-0.435924105125163;0.6628917952338;0.700413972322505;tilS;tRNA(Ile)-lysidine synthase;Not significant
AENJPLPP_01770;71.1405562331943;0.0944774475355548;0.218715174978814;0.431965671996497;0.665766362959449;0.703196100449008;mapP;Maltose 6'-phosphate phosphatase;Not significant
AENJPLPP_02808;2.15426755848364;-0.52026881024791;1.22356923219392;-0.425205862127673;0.670686611162511;0.708136117369555;;hypothetical protein;Not significant
AENJPLPP_01366;12.2011144001786;-0.214638078818435;0.508263510736932;-0.422296848552498;0.672808358146958;0.71011886151647;rifL;Putative UDP-kanosamine synthase oxidoreductase subunit;Not significant
AENJPLPP_02359;44.1178735201961;-0.114317802744722;0.271036806694587;-0.421779625206178;0.673185878803765;0.710259883723392;menH_2;2-succinyl-6-hydroxy-2%2C4-cyclohexadiene-1-carboxylate synthase;Not significant
AENJPLPP_00451;1639.86584942257;0.0299808928212955;0.071568606010197;0.418911230673179;0.675281009010851;0.712212349960013;;hypothetical protein;Not significant
AENJPLPP_00560;4143.77664000225;-0.0240921814470636;0.0581219299066224;-0.414511037155333;0.678499885613209;0.715348177735577;;hypothetical protein;Not significant
AENJPLPP_02735;3.62180910962239;0.4070492461947;0.995901994745342;0.408724200114475;0.682742072108345;0.719560229453312;;hypothetical protein;Not significant
AENJPLPP_00510;3978.52556291692;-0.0242509024583214;0.0598127409899207;-0.40544710135267;0.685148894619948;0.721574532055439;glnQ_1;Glutamine transport ATP-binding protein GlnQ;Not significant
AENJPLPP_01695;24.4734070106838;0.145206724237503;0.357898286900328;0.405720646206787;0.68494787045705;0.721574532055439;;hypothetical protein;Not significant
AENJPLPP_01993;1640.70422225438;-0.0306476148924377;0.0757696416463287;-0.404484094507033;0.685856771774223;0.722058900725429;bcrA_2;Bacitracin transport ATP-binding protein BcrA;Not significant
AENJPLPP_02572;46648.2059811124;-0.0257221714394914;0.0640305112516536;-0.401717414661859;0.687892006711465;0.723939835035701;rpsU;30S ribosomal protein S21;Not significant
AENJPLPP_03176;203.292784339762;-0.0539544504683219;0.134624697398853;-0.400776763185368;0.688584488333093;0.724406802755046;;hypothetical protein;Not significant
AENJPLPP_01740;127.288094495335;0.0681802326225391;0.171953201424995;0.396504584139882;0.691732826748686;0.727456118270919;;hypothetical protein;Not significant
AENJPLPP_02570;566.755713687464;-0.0350001933158487;0.0917191024467807;-0.381602004186176;0.702756597413356;0.738782386883644;yqfL;Putative pyruvate%2C phosphate dikinase regulatory protein;Not significant
AENJPLPP_02710;29.6281321347698;0.126691570682306;0.337435317693639;0.3754543879646;0.707322562497211;0.743314075060223;treP_1;PTS system trehalose-specific EIIBC component;Not significant
AENJPLPP_02524;143.686120985018;0.057398186391477;0.154004316557357;0.372705049277626;0.709367978030936;0.745194643588054;;hypothetical protein;Not significant
AENJPLPP_00370;752.788318019491;0.0302701550619548;0.081636011073133;0.370794146652236;0.710790861384579;0.746420118410348;;hypothetical protein;Not significant
AENJPLPP_00293;2.45574567443418;-0.406497947085372;1.1056022649154;-0.367671051321948;0.713118528535742;0.748488599902698;manZ_1;PTS system mannose-specific EIID component;Not significant
AENJPLPP_03020;14.5925699313991;0.16773997766636;0.4564829257163;0.367461668808636;0.713274678822111;0.748488599902698;;hypothetical protein;Not significant
AENJPLPP_00275;18.4922271373989;0.150661103229884;0.411197704613608;0.36639577881753;0.714069769098786;0.748783279659945;srlB;PTS system glucitol/sorbitol-specific EIIA component;Not significant
AENJPLPP_02965;299.887749119611;0.0434976544899947;0.118613963077216;0.366716138315674;0.713830767365252;0.748783279659945;;hypothetical protein;Not significant
AENJPLPP_01121;41.763973295792;-0.106107380149834;0.291416669266229;-0.364108821973041;0.715776749362842;0.750303057647443;rhgT;Rhamnogalacturonan acetylesterase RhgT;Not significant
AENJPLPP_01136;16.8815236051991;0.164802544328647;0.454851362356782;0.362321756001199;0.71711160214724;0.751431804768896;araQ_3;L-arabinose transport system permease protein AraQ;Not significant
AENJPLPP_01026;995.777010252577;0.0292172739936258;0.0808985327894761;0.361159504210768;0.717980212863795;0.751800927673273;;Lactate 2-monooxygenase;Not significant
AENJPLPP_03002;331.886684953085;0.0413472797990473;0.114385174806472;0.36147411470938;0.717745052169318;0.751800927673273;ssb_3;Single-stranded DNA-binding protein;Not significant
AENJPLPP_01639;16.2601981921728;-0.159103403257544;0.442968281985179;-0.359175610823682;0.719463720697013;0.753083520729584;rhaM;L-rhamnose mutarotase;Not significant
AENJPLPP_03180;169.958983611726;-0.0548787337539839;0.153161667216948;-0.35830593092363;0.720114380131052;0.753493738750134;;hypothetical protein;Not significant
AENJPLPP_00086;8.18598911941562;0.246737834343278;0.689695432495283;0.357748975443542;0.720531178307863;0.753659048574891;;IS3 family transposase ISEnfa3;Not significant
AENJPLPP_00579;13.5150823236591;-0.177036834657976;0.495976495329647;-0.356946017250898;0.721132219009832;0.753746238965051;rhaR_2;HTH-type transcriptional activator RhaR;Not significant
AENJPLPP_00737;21.8697575489426;-0.135838838295154;0.380254207086737;-0.357231651257363;0.720918392770332;0.753746238965051;gatC_2;PTS system galactitol-specific EIIC component;Not significant
AENJPLPP_02907;256.594864289556;-0.0429240733758865;0.121457300556267;-0.35340875500523;0.723782023221761;0.756244439046203;;hypothetical protein;Not significant
AENJPLPP_01371;12.3034289292244;-0.180693255518069;0.516636280472044;-0.349749451108953;0.726526737997094;0.758839978854927;;hypothetical protein;Not significant
AENJPLPP_01303;104.69414750097;0.0651785551712748;0.188289981440405;0.346160505581143;0.729222093955494;0.761382121763499;;hypothetical protein;Not significant
AENJPLPP_00766;6.46598582057757;0.237296852030662;0.688908852787924;0.344453190099608;0.730505493400508;0.762175563160974;;hypothetical protein;Not significant
AENJPLPP_02221;44.2525193502803;-0.0940789107704163;0.273023274050105;-0.344582018136487;0.730408626204743;0.762175563160974;abfA_1;Intracellular exo-alpha-(1->5)-L-arabinofuranosidase;Not significant
AENJPLPP_02231;3.59113309311673;-0.33262824103302;0.96820583826236;-0.343551162250775;0.731183858245716;0.762610098571463;sgbE;L-ribulose-5-phosphate 4-epimerase SgbE;Not significant
AENJPLPP_00061;67.6201167291591;-0.0754784866678747;0.220086852186402;-0.342948640130253;0.731637098689627;0.762809606653846;;hypothetical protein;Not significant
AENJPLPP_00298;14.5251527512343;-0.157397880681544;0.460758540341064;-0.341605997286637;0.732647423266569;0.762995418228344;uxuA_1;Mannonate dehydratase;Not significant
AENJPLPP_00768;2.84680539269374;0.352138987145519;1.02895324780938;0.34223030822364;0.732177578121347;0.762995418228344;;hypothetical protein;Not significant
AENJPLPP_01520;2372.29485071973;0.0217840579835728;0.0638231479787789;0.341319077379511;0.732863387632101;0.762995418228344;;putative protein;Not significant
AENJPLPP_02607;5.54530333235123;0.254229762770691;0.743860857352586;0.34177058821928;0.732523545366806;0.762995418228344;mngA;PTS system 2-O-alpha-mannosyl-D-glycerate-specific EIIABC component;Not significant
AENJPLPP_02434;4.26750531711491;-0.286590840824999;0.842794168405818;-0.340048438359627;0.733820050543417;0.763718365683499;;hypothetical protein;Not significant
AENJPLPP_02153;435.402791148447;-0.0330117427186234;0.097578487401264;-0.338309637685527;0.735129861650525;0.76480820190294;;hypothetical protein;Not significant
AENJPLPP_02987;171.971097061646;0.0506221334340884;0.154903821206441;0.326797189635653;0.743821285180999;0.773574136588239;;hypothetical protein;Not significant
AENJPLPP_03013;3.52969113508879;0.309767212379689;0.949128649025023;0.326370100299778;0.744144356600193;0.773633833066677;;IS110 family transposase ISSpn10;Not significant
AENJPLPP_02857;3.98658513232174;-0.29283997380799;0.93740721589042;-0.31239355623034;0.754741446896639;0.784370839886871;;hypothetical protein;Not significant
AENJPLPP_01756;1.83382835642669;0.418793889695954;1.37261854553672;0.305105807478506;0.760285568231552;0.789850722329747;;IS30 family transposase IS1252;Not significant
AENJPLPP_02252;97.393857135497;0.0566239802727178;0.186354414329199;0.303851027498014;0.761241389135298;0.79056167088516;mtlF_1;Mannitol-specific phosphotransferase enzyme IIA component;Not significant
AENJPLPP_00302;4.49407991879796;0.255998999548767;0.843688773290497;0.303428239954335;0.761563527101123;0.790614257011932;;hypothetical protein;Not significant
AENJPLPP_01709;140.114973894086;-0.0517106566641954;0.171763958187047;-0.301056503413153;0.763371408412411;0.792208674731626;gmuE_2;Putative fructokinase;Not significant
AENJPLPP_00272;3.12785200579606;-0.297775155456812;1.00628090674662;-0.295916531318815;0.767293825996891;0.795995590061613;srlA;PTS system glucitol/sorbitol-specific EIIC component;Not significant
AENJPLPP_00575;8.30247365926814;0.176504140929114;0.608922750021896;0.289862943900137;0.771921091596073;0.800510761655186;xylG;Xylose import ATP-binding protein XylG;Not significant
AENJPLPP_02651;2.5998519860062;0.365932630860614;1.27014408521025;0.288103243656833;0.773267709769873;0.801621776735447;;IS3 family transposase ISEnfa3;Not significant
AENJPLPP_02727;63.7352851826518;0.0666508870774878;0.233242391368347;0.285758033462407;0.775063452788803;0.803197428655158;;hypothetical protein;Not significant
AENJPLPP_00754;12.5836058069779;0.142340820982875;0.506510600707686;0.28102239278704;0.778693224676023;0.806671885541295;;hypothetical protein;Not significant
AENJPLPP_02323;3005.81306654733;-0.0210047113825762;0.0750672862765126;-0.279811785192351;0.779621909461572;0.807346728432468;gtaB_1;UTP--glucose-1-phosphate uridylyltransferase;Not significant
AENJPLPP_01870;16.7068905136264;-0.1277253918499;0.458383802872953;-0.278642899355022;0.780518887105715;0.807988268486257;;hypothetical protein;Not significant
AENJPLPP_01957;312.266669880066;0.0317411687764263;0.115178963427204;0.275581302626391;0.78286967210622;0.810133790040267;bglH_1;Aryl-phospho-beta-D-glucosidase BglH;Not significant
AENJPLPP_00071;13.1573417643646;-0.135570076327601;0.492773933775189;-0.275116167953498;0.783226990469683;0.810215629217661;;hypothetical protein;Not significant
AENJPLPP_02417;814.474695037734;-0.0228727489543551;0.0832928324512395;-0.274606449093264;0.783618611098347;0.810332881931245;;hypothetical protein;Not significant
AENJPLPP_01590;90.9563843527132;0.052701215074979;0.193826283736467;0.271899218511734;0.78569951214605;0.812196300805573;;hypothetical protein;Not significant
AENJPLPP_00253;306.962250331375;0.0299234101422307;0.11110741706986;0.269319645180988;0.787683715831591;0.813958474273099;;GTP cyclohydrolase 1 type 2 ;Not significant
AENJPLPP_02943;39.9710847495622;-0.0761433097958095;0.28386476789285;-0.268237972471988;0.78851614780482;0.814529628381566;manZ_7;PTS system mannose-specific EIID component;Not significant
AENJPLPP_02955;3.49626580336462;-0.25679062441982;0.965179591434301;-0.266054759858957;0.790197035998055;0.815976513768204;;hypothetical protein;Not significant
AENJPLPP_01965;1364.96289271417;0.0211217305329464;0.0810383377126518;0.260638743699809;0.79437110889597;0.819995983376485;;hypothetical protein;Not significant
AENJPLPP_02421;7.22714444180977;-0.180579239661285;0.694850116352113;-0.259882290312199;0.794954572323643;0.820307482142611;;hypothetical protein;Not significant
AENJPLPP_03167;7.80474180728816;-0.158537490667178;0.648956968692322;-0.244295844432703;0.807001701657868;0.832443838196143;;hypothetical protein;Not significant
AENJPLPP_00251;407.321186265306;-0.0262152334906564;0.111588002745879;-0.234928781280877;0.814264010403082;0.83915201956761;trmK;tRNA (adenine(22)-N(1))-methyltransferase;Not significant
AENJPLPP_02232;40.7748661440919;0.0686805086512739;0.291932297449266;0.235261768743521;0.814005566518781;0.83915201956761;araA;L-arabinose isomerase;Not significant
AENJPLPP_03123;5.92769754568475;-0.170234300827132;0.725039811196201;-0.234793039221215;0.814369370638072;0.83915201956761;;hypothetical protein;Not significant
AENJPLPP_01578;98.8935956714223;0.0420631597605895;0.189124478424339;0.22240991811865;0.823994791623176;0.848770015283583;;Potassium channel;Not significant
AENJPLPP_02460;1840.46842840069;-0.0143936801556873;0.067007724051447;-0.214806283297075;0.829918353886642;0.854569394101096;fbp;Fructose-1%2C6-bisphosphatase class 3;Not significant
AENJPLPP_02438;23.3907141885025;0.0795585238466749;0.372025542784459;0.213852315760934;0.830662226445666;0.855033016405012;citS;Citrate-sodium symporter;Not significant
AENJPLPP_02731;6.00429661826963;-0.149969614307049;0.715904668362167;-0.209482660100746;0.834071470338508;0.858238912235242;;hypothetical protein;Not significant
AENJPLPP_02018;847.588745550167;0.0218453921185535;0.10468277012171;0.208681830765032;0.834696624819926;0.858578795999867;;Fumarate reductase flavoprotein subunit;Not significant
AENJPLPP_02620;82.8430705516196;-0.0521844846983331;0.25270986133586;-0.206499597690722;0.836400678965881;0.860027816789776;;hypothetical protein;Not significant
AENJPLPP_01319;12.1413486557954;-0.106390191036789;0.518916380860441;-0.205023766758678;0.837553556246115;0.860909267839283;;hypothetical protein;Not significant
AENJPLPP_02557;422.161458755289;0.0220261495415553;0.111196806966091;0.198082572175585;0.842980460059329;0.866181757125182;;hypothetical protein;Not significant
AENJPLPP_01317;31.985226819428;-0.0636744838034095;0.324477974344827;-0.196236690431696;0.844424911500633;0.867359909096946;;hypothetical protein;Not significant
AENJPLPP_01882;25.4768406760171;-0.0706810510545627;0.364192442881673;-0.194076105740413;0.846116290759984;0.868790775279645;;hypothetical protein;Not significant
AENJPLPP_02224;11.3629585494829;0.100080237997833;0.535592507920097;0.186858920761386;0.851771248314697;0.874288993687838;araQ_5;L-arabinose transport system permease protein AraQ;Not significant
AENJPLPP_02680;14.5925618744307;0.0878514796936764;0.479542534919977;0.18319851378426;0.854642260462253;0.876926801432727;;hypothetical protein;Not significant
AENJPLPP_01547;4.39747158814259;0.16341517848116;0.897641718343143;0.182049447058666;0.855543921070972;0.877205921472623;;IS982 family transposase ISEfm1;Not significant
AENJPLPP_02944;6.92497661848905;0.132135991549962;0.725263746127576;0.182190261481399;0.855433415305197;0.877205921472623;sorA_3;PTS system sorbose-specific EIIC component;Not significant
AENJPLPP_03151;58.1177521337645;0.043724325891897;0.240639932464632;0.181700208456979;0.855818002370784;0.877205921472623;;hypothetical protein;Not significant
AENJPLPP_00081;17.4748027510366;-0.0816386727325101;0.455754439109939;-0.17912863973842;0.857836694432684;0.878873652816843;;hypothetical protein;Not significant
AENJPLPP_02444;3.6035044538015;0.166080785952046;0.930024802407003;0.178576727762755;0.858270069284907;0.878873652816843;;hypothetical protein;Not significant
AENJPLPP_03145;13.1725101780733;-0.0928555983581474;0.520274344159897;-0.178474298032289;0.858350504330736;0.878873652816843;;hypothetical protein;Not significant
AENJPLPP_00027;4.42981818016465;-0.146602153094383;0.829346584048236;-0.176768260597135;0.859690420782429;0.879936205735828;;IS30 family transposase IS1252;Not significant
AENJPLPP_02995;6.9410838051949;-0.11902912213125;0.684342750203581;-0.173932027621891;0.861918881844404;0.881907162308821;;hypothetical protein;Not significant
AENJPLPP_01843;252.103422659172;0.0201769367171431;0.122353043028328;0.164907518585146;0.869016774450695;0.888681353463451;rhaS_2;HTH-type transcriptional activator RhaS;Not significant
AENJPLPP_02397;9.70423840270885;-0.0958638974839534;0.581915937662971;-0.164738394808281;0.869149895145573;0.888681353463451;lacG_3;Lactose transport system permease protein LacG;Not significant
AENJPLPP_02659;135.116157945471;-0.0292487701882256;0.179172128113729;-0.163243973804118;0.87032634445951;0.889571890160089;;hypothetical protein;Not significant
AENJPLPP_00857;565.08339092034;0.0200940679013753;0.12350880226643;0.162693407535674;0.870759837857066;0.889702683452553;;Lytic chitin monooxygenase;Not significant
AENJPLPP_01077;886.101559245116;-0.013589054625069;0.0850044336456821;-0.159862892348783;0.872989080133353;0.891667555716705;;putative AAA domain-containing protein;Not significant
AENJPLPP_00221;21.8330754823516;0.0613290085429648;0.397762466692791;0.154185006576631;0.877463863841062;0.8958239886614;lacG_1;Lactose transport system permease protein LacG;Not significant
AENJPLPP_00597;7.55661395250025;-0.106119172830562;0.689448771175441;-0.153918865718825;0.877673708671351;0.8958239886614;;hypothetical protein;Not significant
AENJPLPP_02915;508.564451028521;-0.0141359752868132;0.0921566657815423;-0.15339069796994;0.878090180024582;0.895935040025082;;IS30 family transposase IS1062;Not significant
AENJPLPP_01645;2.35382906947964;0.172746639977545;1.15849902823568;0.149112459973857;0.881464894172297;0.898748519548224;;hypothetical protein;Not significant
AENJPLPP_01850;2345.18871434027;-0.0122730282424471;0.0820966185671506;-0.149494929957541;0.881163109722275;0.898748519548224;ssaB_2;Manganese ABC transporter substrate-binding lipoprotein;Not significant
AENJPLPP_01521;37373.1090985233;-0.0076028749558853;0.0511464407529032;-0.14864915024324;0.881830487535623;0.898806573224968;;putative protein;Not significant
AENJPLPP_00607;237.297318938985;-0.0184291894776492;0.128453867507839;-0.143469323541578;0.885919536857333;0.90265839444666;;hypothetical protein;Not significant
AENJPLPP_02493;7.47621671464268;-0.0992779127984646;0.696705959324042;-0.142496144133439;0.886688124829796;0.903125505248117;;IS3 family transposase ISEnfa3;Not significant
AENJPLPP_01839;1393.23103324006;-0.00956204942395214;0.0686449975667635;-0.139297104856799;0.889215377568426;0.905382929887852;umuC_1;Protein UmuC;Not significant
AENJPLPP_00297;3.26851923014054;-0.134623445860673;0.983475053574236;-0.136885470934328;0.891121323241386;0.906795347904905;manX_1;PTS system mannose-specific EIIAB component;Not significant
AENJPLPP_01849;682.056920213861;0.0114474428102256;0.0837083843140709;0.13675383779091;0.891225372837857;0.906795347904905;mntB;Manganese transport system membrane protein MntB;Not significant
AENJPLPP_00200;8031.76264115958;-0.00976921676177707;0.0743614655216144;-0.131374720673539;0.895478885303251;0.910804929794994;gatB;Aspartyl/glutamyl-tRNA(Asn/Gln) amidotransferase subunit B;Not significant
AENJPLPP_02433;5.10288827877217;-0.0990661356120872;0.795100313254999;-0.124595769817431;0.900843577497203;0.915941514550229;;hypothetical protein;Not significant
AENJPLPP_02805;1.62832473914964;0.186533716427111;1.51744596576117;0.122926101249045;0.902165616565066;0.916965541164912;;hypothetical protein;Not significant
AENJPLPP_01114;7.93685774498653;-0.0762290509328792;0.623787810362952;-0.122203495590152;0.902737858125679;0.917227021235861;;hypothetical protein;Not significant
AENJPLPP_01331;5.81651480029253;-0.0885949523852112;0.744030461097995;-0.119074361894361;0.905216442453137;0.919424583335729;;hypothetical protein;Not significant
AENJPLPP_00252;10.7797700988003;-0.0592349055227357;0.541718644493167;-0.109346255892957;0.912927859622875;0.926933726367438;;GTP cyclohydrolase 1 type 2 ;Not significant
AENJPLPP_02883;22.7493567738487;-0.0391550590423318;0.373453976467472;-0.1048457414022;0.916498213650046;0.930234506151598;;hypothetical protein;Not significant
AENJPLPP_02045;8253.49172668183;0.00828184340142682;0.0819373480463551;0.101075316676608;0.919490672120417;0.932946633175838;glnR;HTH-type transcriptional regulator GlnR;Not significant
AENJPLPP_03161;7.89790457087711;-0.0632869367807068;0.628782357694011;-0.100649988038476;0.919828313437135;0.932964140971417;;hypothetical protein;Not significant
AENJPLPP_00036;978.089113557012;0.00879755532751133;0.0905513059532027;0.0971554770514071;0.922602924878588;0.935126946483275;;hypothetical protein;Not significant
AENJPLPP_01710;8.21242432959552;-0.0599592368561157;0.615833620985994;-0.0973627207298566;0.922438348582132;0.935126946483275;;hypothetical protein;Not significant
AENJPLPP_01781;23.4550211883819;0.0359233852498363;0.377340517923285;0.0952015051220651;0.924154774504344;0.936373939929245;;hypothetical protein;Not significant
AENJPLPP_02684;35.0902337327223;-0.0273760949447509;0.300331249034574;-0.0911530020027963;0.927371018387257;0.93930588018911;;hypothetical protein;Not significant
AENJPLPP_00083;12.081730623593;0.0454972401953583;0.51928254997377;0.0876155769102129;0.93018222120853;0.940879946819081;;hypothetical protein;Not significant
AENJPLPP_01694;58.1985733575401;-0.0205765864109455;0.234494301182772;-0.0877487696168252;0.930076356540013;0.940879946819081;;hypothetical protein;Not significant
AENJPLPP_01701;200.384963635733;0.0136537315632057;0.155915795884313;0.0875711885749954;0.930217502366805;0.940879946819081;;hypothetical protein;Not significant
AENJPLPP_02439;19.0107517841341;-0.0360614901014565;0.411081869083882;-0.0877233777831686;0.930096538466;0.940879946819081;mleS;Malolactic enzyme;Not significant
AENJPLPP_00023;12.1785916541658;0.0457311139433082;0.528628451110114;0.0865089910451724;0.931061809047662;0.941406940259303;;hypothetical protein;Not significant
AENJPLPP_00868;24.4820344351878;-0.0293136303382365;0.358213666959769;-0.0818328082985419;0.934779666308569;0.944510197186174;;hypothetical protein;Not significant
AENJPLPP_02251;185.229636927039;-0.0115252381790649;0.140539830345186;-0.0820069168345887;0.934641213146379;0.944510197186174;mtlR;Transcriptional regulator MtlR;Not significant
AENJPLPP_01147;251.376513574149;-0.00976582833734284;0.121474947012935;-0.0803937649489403;0.935924085705251;0.945338514593719;;hypothetical protein;Not significant
AENJPLPP_02713;12.2893392552178;0.042016308463967;0.52538915869615;0.0799717842831744;0.936259696956089;0.945349596926536;dgaR_5;Transcriptional regulatory protein DagR;Not significant
AENJPLPP_01895;6595.30057045987;0.00425012923527073;0.0560279288081954;0.0758573326852848;0.939532602589491;0.948325455369358;pepO;Neutral endopeptidase;Not significant
AENJPLPP_01275;62.2400165172974;-0.0171053842981463;0.227436291788905;-0.0752095638018171;0.940047975094804;0.948516875771334;;Putative acetyltransferase;Not significant
AENJPLPP_01007;30.36529855693;-0.0247365351547492;0.336826279183677;-0.0734400392234833;0.941455956907093;0.949608502429322;;hypothetical protein;Not significant
AENJPLPP_00120;16.9188258733141;-0.0307754806419548;0.438230730831349;-0.0702266602425894;0.944013254900572;0.951528763679636;phnX_1;Phosphonoacetaldehyde hydrolase;Not significant
AENJPLPP_01165;81.2753449181828;0.0141363109071037;0.200447952312554;0.0705235984903513;0.943776918430222;0.951528763679636;bmr3;Multidrug resistance protein 3;Not significant
AENJPLPP_00613;38.3129302847136;0.0192560902222056;0.28722953419938;0.0670407737695908;0.946549243422856;0.953754808597701;hgdH;(R)-2-hydroxyglutarate dehydrogenase;Not significant
AENJPLPP_01431;4584.12407254853;0.00435090268572835;0.0656551555851176;0.0662690179766262;0.947163649058692;0.954043772417472;gdpP;Cyclic-di-AMP phosphodiesterase GdpP;Not significant
AENJPLPP_00063;81.4074168885679;0.0131585456808856;0.204373662330449;0.0643847427835868;0.948663878314116;0.955224486047962;;hypothetical protein;Not significant
AENJPLPP_03147;6.98743248896059;0.0432265101443334;0.703345305924769;0.061458446911078;0.950994106378106;0.957239833312494;;hypothetical protein;Not significant
AENJPLPP_01683;4.33487476400221;-0.0505987309125009;0.885047097746324;-0.0571706647491926;0.954409246066058;0.960345447320097;;IS256 family transposase ISEf1;Not significant
AENJPLPP_00017;4.23355547628944;0.0431501060838255;0.900176419537313;0.0479351659822465;0.961767913191903;0.966747726342707;;ISL3 family transposase ISEfa11;Not significant
AENJPLPP_01004;11620.7200860282;-0.00305011761864799;0.0630298485778806;-0.0483916380487448;0.961404123369596;0.966747726342707;;hypothetical protein;Not significant
AENJPLPP_02933;188.020728404223;-0.006570521309451;0.13629914117761;-0.0482066229668243;0.961551571961944;0.966747726342707;;hypothetical protein;Not significant
AENJPLPP_00270;24.9241230743596;-0.016947124897995;0.373090291354791;-0.0454236555887195;0.963769626011774;0.968425517924874;licR_1;putative licABCH operon regulator;Not significant
AENJPLPP_02314;115.57967475113;0.00747280401674123;0.171184264210718;0.0436535685753373;0.965180550815507;0.969508714720509;dgaR_4;Transcriptional regulatory protein DagR;Not significant
AENJPLPP_00360;7.06857552638836;0.0294108001615886;0.686355699174044;0.0428506679510076;0.965820573870071;0.96981707279643;malG;Maltose/maltodextrin transport system permease protein MalG;Not significant
AENJPLPP_00599;16.4588743936395;0.0183796063657438;0.445271669021426;0.0412772867542565;0.967074840179245;0.970741790624599;lacF_2;Lactose transport system permease protein LacF;Not significant
AENJPLPP_02714;3.13747074444002;0.0280047554447095;0.992809453821187;0.0282075833755642;0.977496588973084;0.980864943862722;;hypothetical protein;Not significant
AENJPLPP_02745;2.4142003333263;-0.0213149986114834;1.26184152819188;-0.0168919774276459;0.986522792940675;0.9895812514789;;hypothetical protein;Not significant
AENJPLPP_02886;8.7473690689582;0.00786661788247052;0.601273387560858;0.0130832630301209;0.989561364224156;0.99228742858841;yteP_3;putative multiple-sugar transport system permease YteP;Not significant
AENJPLPP_03165;33.9019386362109;-0.00365318916249118;0.317867170055691;-0.0114928168324245;0.990830260753639;0.993217803550636;;hypothetical protein;Not significant
AENJPLPP_01557;924.26566140069;-0.000736706786547538;0.0827999529592889;-0.00889743001315184;0.992900971626695;0.994951008044368;queT_2;Queuosine precursor transporter QueT;Not significant
AENJPLPP_00731;35.6771215593248;-0.00207625367602275;0.295897659173422;-0.00701679655669693;0.994401452302309;0.995785442807603;gmuC_1;PTS system oligo-beta-mannoside-specific EIIC component;Not significant
AENJPLPP_02733;5.94978576080421;0.00465826069138244;0.709240268519885;0.00656795855811145;0.994759564947568;0.995785442807603;;hypothetical protein;Not significant
AENJPLPP_03005;2.83657548501042;0.00705200043634136;1.04113356091233;0.00677338691316587;0.994595660481748;0.995785442807603;;hypothetical protein;Not significant
AENJPLPP_01123;72.2208668150598;-0.000402808981455996;0.219085826906587;-0.00183858986746662;0.9985330183576;0.998971987845924;;Putative multidrug export ATP-binding/permease protein;Not significant
AENJPLPP_02015;117.181463562995;0.000313129837107203;0.182224189337918;0.00171837689740813;0.998628934278669;0.998971987845924;;hypothetical protein;Not significant
AENJPLPP_02885;15.002050200261;-0.000431462976086116;0.4644853473015;-0.000928905461911269;0.999258840780082;0.999258840780082;araQ_7;L-arabinose transport system permease protein AraQ;Not significant
